Cohort,PC1,PC2,PC3
Finland,1,0,0
Malaysia,0.23274,0.11136,0.09791
USA,0.18183,0.13561,0.11339
