simulation_id,regime,setting,replicate,alpha,heterogeneity_label,heterogeneity_level,y_true,diagnostic,score
51,portable,portable_alpha_0.25,1,0.25,none,0.0,0,CDDR alone,0.7654891098608556
52,portable,portable_alpha_0.25,2,0.25,none,0.0,0,CDDR alone,0.758260074959335
53,portable,portable_alpha_0.25,3,0.25,none,0.0,0,CDDR alone,0.7673582831824391
54,portable,portable_alpha_0.25,4,0.25,none,0.0,0,CDDR alone,0.7599581819129185
55,portable,portable_alpha_0.25,5,0.25,none,0.0,0,CDDR alone,0.7630944786575466
56,portable,portable_alpha_0.25,6,0.25,none,0.0,0,CDDR alone,0.769843376395844
57,portable,portable_alpha_0.25,7,0.25,none,0.0,0,CDDR alone,0.7652530296348151
58,portable,portable_alpha_0.25,8,0.25,none,0.0,0,CDDR alone,0.7637017297032149
59,portable,portable_alpha_0.25,9,0.25,none,0.0,0,CDDR alone,0.7630389891537873
60,portable,portable_alpha_0.25,10,0.25,none,0.0,0,CDDR alone,0.7660117061637597
61,portable,portable_alpha_0.25,11,0.25,none,0.0,0,CDDR alone,0.7624684406918253
62,portable,portable_alpha_0.25,12,0.25,none,0.0,0,CDDR alone,0.7651103539206524
63,portable,portable_alpha_0.25,13,0.25,none,0.0,0,CDDR alone,0.7710414967041217
64,portable,portable_alpha_0.25,14,0.25,none,0.0,0,CDDR alone,0.7609922058243982
65,portable,portable_alpha_0.25,15,0.25,none,0.0,0,CDDR alone,0.7699155906854753
66,portable,portable_alpha_0.25,16,0.25,none,0.0,0,CDDR alone,0.7606707800034502
67,portable,portable_alpha_0.25,17,0.25,none,0.0,0,CDDR alone,0.761527931151797
68,portable,portable_alpha_0.25,18,0.25,none,0.0,0,CDDR alone,0.7648316300927579
69,portable,portable_alpha_0.25,19,0.25,none,0.0,0,CDDR alone,0.7477801934658354
70,portable,portable_alpha_0.25,20,0.25,none,0.0,0,CDDR alone,0.7598725115067323
71,portable,portable_alpha_0.25,21,0.25,none,0.0,0,CDDR alone,0.7635227969808634
72,portable,portable_alpha_0.25,22,0.25,none,0.0,0,CDDR alone,0.7548652381466301
73,portable,portable_alpha_0.25,23,0.25,none,0.0,0,CDDR alone,0.7554872080635954
74,portable,portable_alpha_0.25,24,0.25,none,0.0,0,CDDR alone,0.7646027787892943
75,portable,portable_alpha_0.25,25,0.25,none,0.0,0,CDDR alone,0.758670922185972
76,portable,portable_alpha_0.25,26,0.25,none,0.0,0,CDDR alone,0.7535593711177794
77,portable,portable_alpha_0.25,27,0.25,none,0.0,0,CDDR alone,0.7585292610503468
78,portable,portable_alpha_0.25,28,0.25,none,0.0,0,CDDR alone,0.7635095270751738
79,portable,portable_alpha_0.25,29,0.25,none,0.0,0,CDDR alone,0.757957530780544
80,portable,portable_alpha_0.25,30,0.25,none,0.0,0,CDDR alone,0.7585033674280649
81,portable,portable_alpha_0.25,31,0.25,none,0.0,0,CDDR alone,0.7622589140023179
82,portable,portable_alpha_0.25,32,0.25,none,0.0,0,CDDR alone,0.753128951101128
83,portable,portable_alpha_0.25,33,0.25,none,0.0,0,CDDR alone,0.7517499819339833
84,portable,portable_alpha_0.25,34,0.25,none,0.0,0,CDDR alone,0.7713603508155423
85,portable,portable_alpha_0.25,35,0.25,none,0.0,0,CDDR alone,0.7609247831838409
86,portable,portable_alpha_0.25,36,0.25,none,0.0,0,CDDR alone,0.771591037659689
87,portable,portable_alpha_0.25,37,0.25,none,0.0,0,CDDR alone,0.7668314256745687
88,portable,portable_alpha_0.25,38,0.25,none,0.0,0,CDDR alone,0.7610779178878222
89,portable,portable_alpha_0.25,39,0.25,none,0.0,0,CDDR alone,0.7552344874644895
90,portable,portable_alpha_0.25,40,0.25,none,0.0,0,CDDR alone,0.7597907415876549
91,portable,portable_alpha_0.25,41,0.25,none,0.0,0,CDDR alone,0.7648300501869673
92,portable,portable_alpha_0.25,42,0.25,none,0.0,0,CDDR alone,0.7562984246209653
93,portable,portable_alpha_0.25,43,0.25,none,0.0,0,CDDR alone,0.7598040627786686
94,portable,portable_alpha_0.25,44,0.25,none,0.0,0,CDDR alone,0.7602353430515458
95,portable,portable_alpha_0.25,45,0.25,none,0.0,0,CDDR alone,0.7690677472107712
96,portable,portable_alpha_0.25,46,0.25,none,0.0,0,CDDR alone,0.7539938028916469
97,portable,portable_alpha_0.25,47,0.25,none,0.0,0,CDDR alone,0.7718975996239094
98,portable,portable_alpha_0.25,48,0.25,none,0.0,0,CDDR alone,0.7508930928105273
99,portable,portable_alpha_0.25,49,0.25,none,0.0,0,CDDR alone,0.76071086417216
100,portable,portable_alpha_0.25,50,0.25,none,0.0,0,CDDR alone,0.7614272924908628
101,portable,portable_alpha_0.50,1,0.5,none,0.0,0,CDDR alone,0.7378621593369303
102,portable,portable_alpha_0.50,2,0.5,none,0.0,0,CDDR alone,0.7587867729461745
103,portable,portable_alpha_0.50,3,0.5,none,0.0,0,CDDR alone,0.7476695601356957
104,portable,portable_alpha_0.50,4,0.5,none,0.0,0,CDDR alone,0.7466136434467022
105,portable,portable_alpha_0.50,5,0.5,none,0.0,0,CDDR alone,0.7516158687109219
106,portable,portable_alpha_0.50,6,0.5,none,0.0,0,CDDR alone,0.7529570344501231
107,portable,portable_alpha_0.50,7,0.5,none,0.0,0,CDDR alone,0.7512798497384674
108,portable,portable_alpha_0.50,8,0.5,none,0.0,0,CDDR alone,0.7550108201668445
109,portable,portable_alpha_0.50,9,0.5,none,0.0,0,CDDR alone,0.744893833794037
110,portable,portable_alpha_0.50,10,0.5,none,0.0,0,CDDR alone,0.7427868755095535
111,portable,portable_alpha_0.50,11,0.5,none,0.0,0,CDDR alone,0.7443081422013006
112,portable,portable_alpha_0.50,12,0.5,none,0.0,0,CDDR alone,0.7408889810841486
113,portable,portable_alpha_0.50,13,0.5,none,0.0,0,CDDR alone,0.7495917464343161
114,portable,portable_alpha_0.50,14,0.5,none,0.0,0,CDDR alone,0.7505919635189396
115,portable,portable_alpha_0.50,15,0.5,none,0.0,0,CDDR alone,0.7469153764050208
116,portable,portable_alpha_0.50,16,0.5,none,0.0,0,CDDR alone,0.7395477114938727
117,portable,portable_alpha_0.50,17,0.5,none,0.0,0,CDDR alone,0.7446260118444958
118,portable,portable_alpha_0.50,18,0.5,none,0.0,0,CDDR alone,0.7444826537535714
119,portable,portable_alpha_0.50,19,0.5,none,0.0,0,CDDR alone,0.742680675850495
120,portable,portable_alpha_0.50,20,0.5,none,0.0,0,CDDR alone,0.7387314821427671
121,portable,portable_alpha_0.50,21,0.5,none,0.0,0,CDDR alone,0.7502979112669138
122,portable,portable_alpha_0.50,22,0.5,none,0.0,0,CDDR alone,0.7568108735916035
123,portable,portable_alpha_0.50,23,0.5,none,0.0,0,CDDR alone,0.7403273591480356
124,portable,portable_alpha_0.50,24,0.5,none,0.0,0,CDDR alone,0.7409459218864362
125,portable,portable_alpha_0.50,25,0.5,none,0.0,0,CDDR alone,0.7370497756497162
126,portable,portable_alpha_0.50,26,0.5,none,0.0,0,CDDR alone,0.7464338019463485
127,portable,portable_alpha_0.50,27,0.5,none,0.0,0,CDDR alone,0.7415278505448712
128,portable,portable_alpha_0.50,28,0.5,none,0.0,0,CDDR alone,0.7470993627840155
129,portable,portable_alpha_0.50,29,0.5,none,0.0,0,CDDR alone,0.7433112514089777
130,portable,portable_alpha_0.50,30,0.5,none,0.0,0,CDDR alone,0.7441659847407377
131,portable,portable_alpha_0.50,31,0.5,none,0.0,0,CDDR alone,0.7489813893312124
132,portable,portable_alpha_0.50,32,0.5,none,0.0,0,CDDR alone,0.7395672278007243
133,portable,portable_alpha_0.50,33,0.5,none,0.0,0,CDDR alone,0.7386129211866345
134,portable,portable_alpha_0.50,34,0.5,none,0.0,0,CDDR alone,0.7541039232147684
135,portable,portable_alpha_0.50,35,0.5,none,0.0,0,CDDR alone,0.7525803482841664
136,portable,portable_alpha_0.50,36,0.5,none,0.0,0,CDDR alone,0.75487676737152
137,portable,portable_alpha_0.50,37,0.5,none,0.0,0,CDDR alone,0.7496954300210606
138,portable,portable_alpha_0.50,38,0.5,none,0.0,0,CDDR alone,0.7564043135280573
139,portable,portable_alpha_0.50,39,0.5,none,0.0,0,CDDR alone,0.7420386095449981
140,portable,portable_alpha_0.50,40,0.5,none,0.0,0,CDDR alone,0.7399095218061597
141,portable,portable_alpha_0.50,41,0.5,none,0.0,0,CDDR alone,0.7429544975650273
142,portable,portable_alpha_0.50,42,0.5,none,0.0,0,CDDR alone,0.7589425949628048
143,portable,portable_alpha_0.50,43,0.5,none,0.0,0,CDDR alone,0.7409459606312379
144,portable,portable_alpha_0.50,44,0.5,none,0.0,0,CDDR alone,0.7575448008823111
145,portable,portable_alpha_0.50,45,0.5,none,0.0,0,CDDR alone,0.7353835797984228
146,portable,portable_alpha_0.50,46,0.5,none,0.0,0,CDDR alone,0.741000251615122
147,portable,portable_alpha_0.50,47,0.5,none,0.0,0,CDDR alone,0.7439269618688663
148,portable,portable_alpha_0.50,48,0.5,none,0.0,0,CDDR alone,0.7553662560752638
149,portable,portable_alpha_0.50,49,0.5,none,0.0,0,CDDR alone,0.7497796364787216
150,portable,portable_alpha_0.50,50,0.5,none,0.0,0,CDDR alone,0.7497131199471947
151,portable,portable_alpha_1.00,1,1.0,none,0.0,0,CDDR alone,0.7096220162367644
152,portable,portable_alpha_1.00,2,1.0,none,0.0,0,CDDR alone,0.7118764479914149
153,portable,portable_alpha_1.00,3,1.0,none,0.0,0,CDDR alone,0.7159349313324919
154,portable,portable_alpha_1.00,4,1.0,none,0.0,0,CDDR alone,0.709839860779942
155,portable,portable_alpha_1.00,5,1.0,none,0.0,0,CDDR alone,0.7072529965615695
156,portable,portable_alpha_1.00,6,1.0,none,0.0,0,CDDR alone,0.7174307727687286
157,portable,portable_alpha_1.00,7,1.0,none,0.0,0,CDDR alone,0.7092695480837493
158,portable,portable_alpha_1.00,8,1.0,none,0.0,0,CDDR alone,0.7040375424638681
159,portable,portable_alpha_1.00,9,1.0,none,0.0,0,CDDR alone,0.7087316369223413
160,portable,portable_alpha_1.00,10,1.0,none,0.0,0,CDDR alone,0.7082422887929408
161,portable,portable_alpha_1.00,11,1.0,none,0.0,0,CDDR alone,0.7078381542866394
162,portable,portable_alpha_1.00,12,1.0,none,0.0,0,CDDR alone,0.7073676092770348
163,portable,portable_alpha_1.00,13,1.0,none,0.0,0,CDDR alone,0.7079372804860687
164,portable,portable_alpha_1.00,14,1.0,none,0.0,0,CDDR alone,0.710837076875536
165,portable,portable_alpha_1.00,15,1.0,none,0.0,0,CDDR alone,0.7145580288030938
166,portable,portable_alpha_1.00,16,1.0,none,0.0,0,CDDR alone,0.7133005241078503
167,portable,portable_alpha_1.00,17,1.0,none,0.0,0,CDDR alone,0.7077864811519751
168,portable,portable_alpha_1.00,18,1.0,none,0.0,0,CDDR alone,0.7147830912298889
169,portable,portable_alpha_1.00,19,1.0,none,0.0,0,CDDR alone,0.7095927085773139
170,portable,portable_alpha_1.00,20,1.0,none,0.0,0,CDDR alone,0.7059645897504891
171,portable,portable_alpha_1.00,21,1.0,none,0.0,0,CDDR alone,0.7183124553927798
172,portable,portable_alpha_1.00,22,1.0,none,0.0,0,CDDR alone,0.7199331620475075
173,portable,portable_alpha_1.00,23,1.0,none,0.0,0,CDDR alone,0.7091919539763749
174,portable,portable_alpha_1.00,24,1.0,none,0.0,0,CDDR alone,0.7089589531126195
175,portable,portable_alpha_1.00,25,1.0,none,0.0,0,CDDR alone,0.7182823996979691
176,portable,portable_alpha_1.00,26,1.0,none,0.0,0,CDDR alone,0.7065778425741832
177,portable,portable_alpha_1.00,27,1.0,none,0.0,0,CDDR alone,0.7030126179714408
178,portable,portable_alpha_1.00,28,1.0,none,0.0,0,CDDR alone,0.7149021666947025
179,portable,portable_alpha_1.00,29,1.0,none,0.0,0,CDDR alone,0.7150226674201028
180,portable,portable_alpha_1.00,30,1.0,none,0.0,0,CDDR alone,0.7045965529311136
181,portable,portable_alpha_1.00,31,1.0,none,0.0,0,CDDR alone,0.7152845137403687
182,portable,portable_alpha_1.00,32,1.0,none,0.0,0,CDDR alone,0.7147036603878906
183,portable,portable_alpha_1.00,33,1.0,none,0.0,0,CDDR alone,0.7109790255158668
184,portable,portable_alpha_1.00,34,1.0,none,0.0,0,CDDR alone,0.7093961345304294
185,portable,portable_alpha_1.00,35,1.0,none,0.0,0,CDDR alone,0.7055270314844669
186,portable,portable_alpha_1.00,36,1.0,none,0.0,0,CDDR alone,0.7143936366823206
187,portable,portable_alpha_1.00,37,1.0,none,0.0,0,CDDR alone,0.7156650248567349
188,portable,portable_alpha_1.00,38,1.0,none,0.0,0,CDDR alone,0.7123024616853767
189,portable,portable_alpha_1.00,39,1.0,none,0.0,0,CDDR alone,0.7075683982117662
190,portable,portable_alpha_1.00,40,1.0,none,0.0,0,CDDR alone,0.7170453462284653
191,portable,portable_alpha_1.00,41,1.0,none,0.0,0,CDDR alone,0.7027340489721942
192,portable,portable_alpha_1.00,42,1.0,none,0.0,0,CDDR alone,0.7101822355093861
193,portable,portable_alpha_1.00,43,1.0,none,0.0,0,CDDR alone,0.7158132696681989
194,portable,portable_alpha_1.00,44,1.0,none,0.0,0,CDDR alone,0.7130312006174557
195,portable,portable_alpha_1.00,45,1.0,none,0.0,0,CDDR alone,0.7197630666720651
196,portable,portable_alpha_1.00,46,1.0,none,0.0,0,CDDR alone,0.7101518543956863
197,portable,portable_alpha_1.00,47,1.0,none,0.0,0,CDDR alone,0.7077385049593341
198,portable,portable_alpha_1.00,48,1.0,none,0.0,0,CDDR alone,0.7122219647206146
199,portable,portable_alpha_1.00,49,1.0,none,0.0,0,CDDR alone,0.7123922629518089
200,portable,portable_alpha_1.00,50,1.0,none,0.0,0,CDDR alone,0.717342683289752
201,portable,portable_alpha_1.50,1,1.5,none,0.0,0,CDDR alone,0.6832770459195022
202,portable,portable_alpha_1.50,2,1.5,none,0.0,0,CDDR alone,0.6864570664130905
203,portable,portable_alpha_1.50,3,1.5,none,0.0,0,CDDR alone,0.6832047134055272
204,portable,portable_alpha_1.50,4,1.5,none,0.0,0,CDDR alone,0.6857382837293646
205,portable,portable_alpha_1.50,5,1.5,none,0.0,0,CDDR alone,0.6846578394514992
206,portable,portable_alpha_1.50,6,1.5,none,0.0,0,CDDR alone,0.6837061796628792
207,portable,portable_alpha_1.50,7,1.5,none,0.0,0,CDDR alone,0.686654731437807
208,portable,portable_alpha_1.50,8,1.5,none,0.0,0,CDDR alone,0.6861369420938783
209,portable,portable_alpha_1.50,9,1.5,none,0.0,0,CDDR alone,0.6856413308505456
210,portable,portable_alpha_1.50,10,1.5,none,0.0,0,CDDR alone,0.6831088188921401
211,portable,portable_alpha_1.50,11,1.5,none,0.0,0,CDDR alone,0.685221689513758
212,portable,portable_alpha_1.50,12,1.5,none,0.0,0,CDDR alone,0.6786411129341744
213,portable,portable_alpha_1.50,13,1.5,none,0.0,0,CDDR alone,0.678201729352933
214,portable,portable_alpha_1.50,14,1.5,none,0.0,0,CDDR alone,0.6814944275031829
215,portable,portable_alpha_1.50,15,1.5,none,0.0,0,CDDR alone,0.6870956176055091
216,portable,portable_alpha_1.50,16,1.5,none,0.0,0,CDDR alone,0.6866397953830637
217,portable,portable_alpha_1.50,17,1.5,none,0.0,0,CDDR alone,0.6781277970463871
218,portable,portable_alpha_1.50,18,1.5,none,0.0,0,CDDR alone,0.6844134977718919
219,portable,portable_alpha_1.50,19,1.5,none,0.0,0,CDDR alone,0.6769183914905126
220,portable,portable_alpha_1.50,20,1.5,none,0.0,0,CDDR alone,0.6882812392430024
221,portable,portable_alpha_1.50,21,1.5,none,0.0,0,CDDR alone,0.6833374411498494
222,portable,portable_alpha_1.50,22,1.5,none,0.0,0,CDDR alone,0.6811722573306191
223,portable,portable_alpha_1.50,23,1.5,none,0.0,0,CDDR alone,0.6830110641779501
224,portable,portable_alpha_1.50,24,1.5,none,0.0,0,CDDR alone,0.6813319731273204
225,portable,portable_alpha_1.50,25,1.5,none,0.0,0,CDDR alone,0.6755936263573079
226,portable,portable_alpha_1.50,26,1.5,none,0.0,0,CDDR alone,0.6848315100183158
227,portable,portable_alpha_1.50,27,1.5,none,0.0,0,CDDR alone,0.6872554098796603
228,portable,portable_alpha_1.50,28,1.5,none,0.0,0,CDDR alone,0.674228556314042
229,portable,portable_alpha_1.50,29,1.5,none,0.0,0,CDDR alone,0.6801704771478888
230,portable,portable_alpha_1.50,30,1.5,none,0.0,0,CDDR alone,0.6855288131220455
231,portable,portable_alpha_1.50,31,1.5,none,0.0,0,CDDR alone,0.6841689099559021
232,portable,portable_alpha_1.50,32,1.5,none,0.0,0,CDDR alone,0.6854064745261739
233,portable,portable_alpha_1.50,33,1.5,none,0.0,0,CDDR alone,0.6834527830862283
234,portable,portable_alpha_1.50,34,1.5,none,0.0,0,CDDR alone,0.6845837798522725
235,portable,portable_alpha_1.50,35,1.5,none,0.0,0,CDDR alone,0.6841558536536435
236,portable,portable_alpha_1.50,36,1.5,none,0.0,0,CDDR alone,0.6875511879133124
237,portable,portable_alpha_1.50,37,1.5,none,0.0,0,CDDR alone,0.6879556215605632
238,portable,portable_alpha_1.50,38,1.5,none,0.0,0,CDDR alone,0.6842595608738734
239,portable,portable_alpha_1.50,39,1.5,none,0.0,0,CDDR alone,0.686531417965297
240,portable,portable_alpha_1.50,40,1.5,none,0.0,0,CDDR alone,0.6730778283133171
241,portable,portable_alpha_1.50,41,1.5,none,0.0,0,CDDR alone,0.6860633258239167
242,portable,portable_alpha_1.50,42,1.5,none,0.0,0,CDDR alone,0.6809484107434338
243,portable,portable_alpha_1.50,43,1.5,none,0.0,0,CDDR alone,0.6789775481087681
244,portable,portable_alpha_1.50,44,1.5,none,0.0,0,CDDR alone,0.6785148779703654
245,portable,portable_alpha_1.50,45,1.5,none,0.0,0,CDDR alone,0.6795867254421032
246,portable,portable_alpha_1.50,46,1.5,none,0.0,0,CDDR alone,0.6852083348015482
247,portable,portable_alpha_1.50,47,1.5,none,0.0,0,CDDR alone,0.6797646235011012
248,portable,portable_alpha_1.50,48,1.5,none,0.0,0,CDDR alone,0.6856369218315368
249,portable,portable_alpha_1.50,49,1.5,none,0.0,0,CDDR alone,0.6860654972790542
250,portable,portable_alpha_1.50,50,1.5,none,0.0,0,CDDR alone,0.683967846738344
251,nonportable,nonportable_low,1,1.0,low,0.25,1,CDDR alone,0.7145446144681713
252,nonportable,nonportable_low,2,1.0,low,0.25,1,CDDR alone,0.7153619472201108
253,nonportable,nonportable_low,3,1.0,low,0.25,1,CDDR alone,0.7063247768354279
254,nonportable,nonportable_low,4,1.0,low,0.25,1,CDDR alone,0.7075639600734027
255,nonportable,nonportable_low,5,1.0,low,0.25,1,CDDR alone,0.7066238764006453
256,nonportable,nonportable_low,6,1.0,low,0.25,1,CDDR alone,0.7114997884262865
257,nonportable,nonportable_low,7,1.0,low,0.25,1,CDDR alone,0.7128678127656519
258,nonportable,nonportable_low,8,1.0,low,0.25,1,CDDR alone,0.7098274392068415
259,nonportable,nonportable_low,9,1.0,low,0.25,1,CDDR alone,0.7244671291798628
260,nonportable,nonportable_low,10,1.0,low,0.25,1,CDDR alone,0.7127013511998113
261,nonportable,nonportable_low,11,1.0,low,0.25,1,CDDR alone,0.7176686467263714
262,nonportable,nonportable_low,12,1.0,low,0.25,1,CDDR alone,0.7097053962095442
263,nonportable,nonportable_low,13,1.0,low,0.25,1,CDDR alone,0.7080913280009028
264,nonportable,nonportable_low,14,1.0,low,0.25,1,CDDR alone,0.7079471932161083
265,nonportable,nonportable_low,15,1.0,low,0.25,1,CDDR alone,0.7091488568925822
266,nonportable,nonportable_low,16,1.0,low,0.25,1,CDDR alone,0.711731033726053
267,nonportable,nonportable_low,17,1.0,low,0.25,1,CDDR alone,0.7169664788413695
268,nonportable,nonportable_low,18,1.0,low,0.25,1,CDDR alone,0.7053712740782471
269,nonportable,nonportable_low,19,1.0,low,0.25,1,CDDR alone,0.7108430587080928
270,nonportable,nonportable_low,20,1.0,low,0.25,1,CDDR alone,0.720174237850211
271,nonportable,nonportable_low,21,1.0,low,0.25,1,CDDR alone,0.7173163358619074
272,nonportable,nonportable_low,22,1.0,low,0.25,1,CDDR alone,0.722889294479609
273,nonportable,nonportable_low,23,1.0,low,0.25,1,CDDR alone,0.7118069663599867
274,nonportable,nonportable_low,24,1.0,low,0.25,1,CDDR alone,0.7103791533286714
275,nonportable,nonportable_low,25,1.0,low,0.25,1,CDDR alone,0.7110772440108485
276,nonportable,nonportable_low,26,1.0,low,0.25,1,CDDR alone,0.7213276904059334
277,nonportable,nonportable_low,27,1.0,low,0.25,1,CDDR alone,0.711175256636623
278,nonportable,nonportable_low,28,1.0,low,0.25,1,CDDR alone,0.709998728486142
279,nonportable,nonportable_low,29,1.0,low,0.25,1,CDDR alone,0.7148012282764856
280,nonportable,nonportable_low,30,1.0,low,0.25,1,CDDR alone,0.7252897174743946
281,nonportable,nonportable_low,31,1.0,low,0.25,1,CDDR alone,0.7169062277628439
282,nonportable,nonportable_low,32,1.0,low,0.25,1,CDDR alone,0.7068273754724059
283,nonportable,nonportable_low,33,1.0,low,0.25,1,CDDR alone,0.7146207613370128
284,nonportable,nonportable_low,34,1.0,low,0.25,1,CDDR alone,0.7056901855702161
285,nonportable,nonportable_low,35,1.0,low,0.25,1,CDDR alone,0.7120229789102712
286,nonportable,nonportable_low,36,1.0,low,0.25,1,CDDR alone,0.7062416567237295
287,nonportable,nonportable_low,37,1.0,low,0.25,1,CDDR alone,0.711700099776004
288,nonportable,nonportable_low,38,1.0,low,0.25,1,CDDR alone,0.7140758380481966
289,nonportable,nonportable_low,39,1.0,low,0.25,1,CDDR alone,0.7105921440979854
290,nonportable,nonportable_low,40,1.0,low,0.25,1,CDDR alone,0.7244648151157473
291,nonportable,nonportable_low,41,1.0,low,0.25,1,CDDR alone,0.709869469350539
292,nonportable,nonportable_low,42,1.0,low,0.25,1,CDDR alone,0.7085534095813568
293,nonportable,nonportable_low,43,1.0,low,0.25,1,CDDR alone,0.7193296313949357
294,nonportable,nonportable_low,44,1.0,low,0.25,1,CDDR alone,0.71651990882705
295,nonportable,nonportable_low,45,1.0,low,0.25,1,CDDR alone,0.7182889014002032
296,nonportable,nonportable_low,46,1.0,low,0.25,1,CDDR alone,0.7099648284345296
297,nonportable,nonportable_low,47,1.0,low,0.25,1,CDDR alone,0.7088493037019111
298,nonportable,nonportable_low,48,1.0,low,0.25,1,CDDR alone,0.7134694889609654
299,nonportable,nonportable_low,49,1.0,low,0.25,1,CDDR alone,0.7110172894296682
300,nonportable,nonportable_low,50,1.0,low,0.25,1,CDDR alone,0.7186257380201545
301,nonportable,nonportable_moderate,1,1.0,moderate,0.5,1,CDDR alone,0.7142359074988668
302,nonportable,nonportable_moderate,2,1.0,moderate,0.5,1,CDDR alone,0.7143953718793099
303,nonportable,nonportable_moderate,3,1.0,moderate,0.5,1,CDDR alone,0.7151498420323049
304,nonportable,nonportable_moderate,4,1.0,moderate,0.5,1,CDDR alone,0.7151719697987003
305,nonportable,nonportable_moderate,5,1.0,moderate,0.5,1,CDDR alone,0.7164225119811765
306,nonportable,nonportable_moderate,6,1.0,moderate,0.5,1,CDDR alone,0.7108391568388102
307,nonportable,nonportable_moderate,7,1.0,moderate,0.5,1,CDDR alone,0.723950858623466
308,nonportable,nonportable_moderate,8,1.0,moderate,0.5,1,CDDR alone,0.7235363263277858
309,nonportable,nonportable_moderate,9,1.0,moderate,0.5,1,CDDR alone,0.7241850832804574
310,nonportable,nonportable_moderate,10,1.0,moderate,0.5,1,CDDR alone,0.7184822204100135
311,nonportable,nonportable_moderate,11,1.0,moderate,0.5,1,CDDR alone,0.7153097556370264
312,nonportable,nonportable_moderate,12,1.0,moderate,0.5,1,CDDR alone,0.7141836014838687
313,nonportable,nonportable_moderate,13,1.0,moderate,0.5,1,CDDR alone,0.715476976431267
314,nonportable,nonportable_moderate,14,1.0,moderate,0.5,1,CDDR alone,0.7175478555010237
315,nonportable,nonportable_moderate,15,1.0,moderate,0.5,1,CDDR alone,0.7197876913009711
316,nonportable,nonportable_moderate,16,1.0,moderate,0.5,1,CDDR alone,0.7264230691787343
317,nonportable,nonportable_moderate,17,1.0,moderate,0.5,1,CDDR alone,0.7165065875366172
318,nonportable,nonportable_moderate,18,1.0,moderate,0.5,1,CDDR alone,0.7114251222099014
319,nonportable,nonportable_moderate,19,1.0,moderate,0.5,1,CDDR alone,0.7268116671909126
320,nonportable,nonportable_moderate,20,1.0,moderate,0.5,1,CDDR alone,0.7176242974933138
321,nonportable,nonportable_moderate,21,1.0,moderate,0.5,1,CDDR alone,0.716576293682946
322,nonportable,nonportable_moderate,22,1.0,moderate,0.5,1,CDDR alone,0.7213415360090353
323,nonportable,nonportable_moderate,23,1.0,moderate,0.5,1,CDDR alone,0.7245453043681738
324,nonportable,nonportable_moderate,24,1.0,moderate,0.5,1,CDDR alone,0.7178571842387202
325,nonportable,nonportable_moderate,25,1.0,moderate,0.5,1,CDDR alone,0.7142000472833413
326,nonportable,nonportable_moderate,26,1.0,moderate,0.5,1,CDDR alone,0.7234637582017123
327,nonportable,nonportable_moderate,27,1.0,moderate,0.5,1,CDDR alone,0.7182338995449041
328,nonportable,nonportable_moderate,28,1.0,moderate,0.5,1,CDDR alone,0.7209309794143497
329,nonportable,nonportable_moderate,29,1.0,moderate,0.5,1,CDDR alone,0.7165773565204343
330,nonportable,nonportable_moderate,30,1.0,moderate,0.5,1,CDDR alone,0.7121177423808096
331,nonportable,nonportable_moderate,31,1.0,moderate,0.5,1,CDDR alone,0.7131567710929954
332,nonportable,nonportable_moderate,32,1.0,moderate,0.5,1,CDDR alone,0.7181710394421997
333,nonportable,nonportable_moderate,33,1.0,moderate,0.5,1,CDDR alone,0.7181467707612048
334,nonportable,nonportable_moderate,34,1.0,moderate,0.5,1,CDDR alone,0.7154822272386167
335,nonportable,nonportable_moderate,35,1.0,moderate,0.5,1,CDDR alone,0.7219091429399954
336,nonportable,nonportable_moderate,36,1.0,moderate,0.5,1,CDDR alone,0.7136871257025378
337,nonportable,nonportable_moderate,37,1.0,moderate,0.5,1,CDDR alone,0.7240268924578938
338,nonportable,nonportable_moderate,38,1.0,moderate,0.5,1,CDDR alone,0.7238858706848373
339,nonportable,nonportable_moderate,39,1.0,moderate,0.5,1,CDDR alone,0.7211340302291
340,nonportable,nonportable_moderate,40,1.0,moderate,0.5,1,CDDR alone,0.7199784873734417
341,nonportable,nonportable_moderate,41,1.0,moderate,0.5,1,CDDR alone,0.713187687614005
342,nonportable,nonportable_moderate,42,1.0,moderate,0.5,1,CDDR alone,0.7129108138302771
343,nonportable,nonportable_moderate,43,1.0,moderate,0.5,1,CDDR alone,0.7217203857717338
344,nonportable,nonportable_moderate,44,1.0,moderate,0.5,1,CDDR alone,0.7167417937690437
345,nonportable,nonportable_moderate,45,1.0,moderate,0.5,1,CDDR alone,0.7207507932571806
346,nonportable,nonportable_moderate,46,1.0,moderate,0.5,1,CDDR alone,0.7220953576989
347,nonportable,nonportable_moderate,47,1.0,moderate,0.5,1,CDDR alone,0.7076191386217039
348,nonportable,nonportable_moderate,48,1.0,moderate,0.5,1,CDDR alone,0.7085997971730045
349,nonportable,nonportable_moderate,49,1.0,moderate,0.5,1,CDDR alone,0.7213219886977289
350,nonportable,nonportable_moderate,50,1.0,moderate,0.5,1,CDDR alone,0.7147599907816875
351,nonportable,nonportable_high,1,1.0,high,1.0,1,CDDR alone,0.7307343788956056
352,nonportable,nonportable_high,2,1.0,high,1.0,1,CDDR alone,0.7329556703658454
353,nonportable,nonportable_high,3,1.0,high,1.0,1,CDDR alone,0.7368235190408842
354,nonportable,nonportable_high,4,1.0,high,1.0,1,CDDR alone,0.7354555192310405
355,nonportable,nonportable_high,5,1.0,high,1.0,1,CDDR alone,0.7383267912401366
356,nonportable,nonportable_high,6,1.0,high,1.0,1,CDDR alone,0.737355412619409
357,nonportable,nonportable_high,7,1.0,high,1.0,1,CDDR alone,0.731151761340847
358,nonportable,nonportable_high,8,1.0,high,1.0,1,CDDR alone,0.7280763750097946
359,nonportable,nonportable_high,9,1.0,high,1.0,1,CDDR alone,0.7392181825836174
360,nonportable,nonportable_high,10,1.0,high,1.0,1,CDDR alone,0.7357042332965699
361,nonportable,nonportable_high,11,1.0,high,1.0,1,CDDR alone,0.7318833037397802
362,nonportable,nonportable_high,12,1.0,high,1.0,1,CDDR alone,0.7376691846721478
363,nonportable,nonportable_high,13,1.0,high,1.0,1,CDDR alone,0.7286759046735221
364,nonportable,nonportable_high,14,1.0,high,1.0,1,CDDR alone,0.7313329524548513
365,nonportable,nonportable_high,15,1.0,high,1.0,1,CDDR alone,0.7326677318702814
366,nonportable,nonportable_high,16,1.0,high,1.0,1,CDDR alone,0.7272352122537624
367,nonportable,nonportable_high,17,1.0,high,1.0,1,CDDR alone,0.7364115030201387
368,nonportable,nonportable_high,18,1.0,high,1.0,1,CDDR alone,0.7258217069176508
369,nonportable,nonportable_high,19,1.0,high,1.0,1,CDDR alone,0.7313313152389098
370,nonportable,nonportable_high,20,1.0,high,1.0,1,CDDR alone,0.723557767726286
371,nonportable,nonportable_high,21,1.0,high,1.0,1,CDDR alone,0.7359661708957685
372,nonportable,nonportable_high,22,1.0,high,1.0,1,CDDR alone,0.7312492297840035
373,nonportable,nonportable_high,23,1.0,high,1.0,1,CDDR alone,0.727748149006388
374,nonportable,nonportable_high,24,1.0,high,1.0,1,CDDR alone,0.7312082549242301
375,nonportable,nonportable_high,25,1.0,high,1.0,1,CDDR alone,0.7382919943768506
376,nonportable,nonportable_high,26,1.0,high,1.0,1,CDDR alone,0.7371761441720025
377,nonportable,nonportable_high,27,1.0,high,1.0,1,CDDR alone,0.7419502158201733
378,nonportable,nonportable_high,28,1.0,high,1.0,1,CDDR alone,0.7308860297770665
379,nonportable,nonportable_high,29,1.0,high,1.0,1,CDDR alone,0.7378947327599552
380,nonportable,nonportable_high,30,1.0,high,1.0,1,CDDR alone,0.7401269942101839
381,nonportable,nonportable_high,31,1.0,high,1.0,1,CDDR alone,0.7376277194562402
382,nonportable,nonportable_high,32,1.0,high,1.0,1,CDDR alone,0.7254370526767319
383,nonportable,nonportable_high,33,1.0,high,1.0,1,CDDR alone,0.7362185029742699
384,nonportable,nonportable_high,34,1.0,high,1.0,1,CDDR alone,0.7338129018860734
385,nonportable,nonportable_high,35,1.0,high,1.0,1,CDDR alone,0.7329105325344377
386,nonportable,nonportable_high,36,1.0,high,1.0,1,CDDR alone,0.7341495008472831
387,nonportable,nonportable_high,37,1.0,high,1.0,1,CDDR alone,0.7279699316194267
388,nonportable,nonportable_high,38,1.0,high,1.0,1,CDDR alone,0.7388163451772397
389,nonportable,nonportable_high,39,1.0,high,1.0,1,CDDR alone,0.7238877708435142
390,nonportable,nonportable_high,40,1.0,high,1.0,1,CDDR alone,0.7329052132833914
391,nonportable,nonportable_high,41,1.0,high,1.0,1,CDDR alone,0.7430559250778999
392,nonportable,nonportable_high,42,1.0,high,1.0,1,CDDR alone,0.7337171730034331
393,nonportable,nonportable_high,43,1.0,high,1.0,1,CDDR alone,0.7404098225582102
394,nonportable,nonportable_high,44,1.0,high,1.0,1,CDDR alone,0.734401301625581
395,nonportable,nonportable_high,45,1.0,high,1.0,1,CDDR alone,0.7406654506880685
396,nonportable,nonportable_high,46,1.0,high,1.0,1,CDDR alone,0.7368979979402263
397,nonportable,nonportable_high,47,1.0,high,1.0,1,CDDR alone,0.7290132539271501
398,nonportable,nonportable_high,48,1.0,high,1.0,1,CDDR alone,0.7288207357560518
399,nonportable,nonportable_high,49,1.0,high,1.0,1,CDDR alone,0.7391615893671177
400,nonportable,nonportable_high,50,1.0,high,1.0,1,CDDR alone,0.7305373753131966
51,portable,portable_alpha_0.25,1,0.25,none,0.0,0,disease-axis angle alone,0.998408036423544
52,portable,portable_alpha_0.25,2,0.25,none,0.0,0,disease-axis angle alone,0.940483362910807
53,portable,portable_alpha_0.25,3,0.25,none,0.0,0,disease-axis angle alone,0.9600991229437824
54,portable,portable_alpha_0.25,4,0.25,none,0.0,0,disease-axis angle alone,0.8736125741494075
55,portable,portable_alpha_0.25,5,0.25,none,0.0,0,disease-axis angle alone,0.834478949574366
56,portable,portable_alpha_0.25,6,0.25,none,0.0,0,disease-axis angle alone,0.8988214072386763
57,portable,portable_alpha_0.25,7,0.25,none,0.0,0,disease-axis angle alone,0.9582124996924511
58,portable,portable_alpha_0.25,8,0.25,none,0.0,0,disease-axis angle alone,0.9407935120486584
59,portable,portable_alpha_0.25,9,0.25,none,0.0,0,disease-axis angle alone,0.9464385477988912
60,portable,portable_alpha_0.25,10,0.25,none,0.0,0,disease-axis angle alone,0.9926810321545328
61,portable,portable_alpha_0.25,11,0.25,none,0.0,0,disease-axis angle alone,0.8573779800916463
62,portable,portable_alpha_0.25,12,0.25,none,0.0,0,disease-axis angle alone,0.9684909558521522
63,portable,portable_alpha_0.25,13,0.25,none,0.0,0,disease-axis angle alone,0.8892189294483476
64,portable,portable_alpha_0.25,14,0.25,none,0.0,0,disease-axis angle alone,0.9211924306621344
65,portable,portable_alpha_0.25,15,0.25,none,0.0,0,disease-axis angle alone,0.7240025097102598
66,portable,portable_alpha_0.25,16,0.25,none,0.0,0,disease-axis angle alone,0.8758408251564745
67,portable,portable_alpha_0.25,17,0.25,none,0.0,0,disease-axis angle alone,0.8057550325225877
68,portable,portable_alpha_0.25,18,0.25,none,0.0,0,disease-axis angle alone,0.972858636953474
69,portable,portable_alpha_0.25,19,0.25,none,0.0,0,disease-axis angle alone,0.6743027280649652
70,portable,portable_alpha_0.25,20,0.25,none,0.0,0,disease-axis angle alone,0.949267029315148
71,portable,portable_alpha_0.25,21,0.25,none,0.0,0,disease-axis angle alone,0.9057037995628124
72,portable,portable_alpha_0.25,22,0.25,none,0.0,0,disease-axis angle alone,0.9624520385478612
73,portable,portable_alpha_0.25,23,0.25,none,0.0,0,disease-axis angle alone,0.9906404299814262
74,portable,portable_alpha_0.25,24,0.25,none,0.0,0,disease-axis angle alone,0.934026283376468
75,portable,portable_alpha_0.25,25,0.25,none,0.0,0,disease-axis angle alone,0.8655701534679796
76,portable,portable_alpha_0.25,26,0.25,none,0.0,0,disease-axis angle alone,0.9000934680959027
77,portable,portable_alpha_0.25,27,0.25,none,0.0,0,disease-axis angle alone,0.9916502577512158
78,portable,portable_alpha_0.25,28,0.25,none,0.0,0,disease-axis angle alone,0.9791738503898948
79,portable,portable_alpha_0.25,29,0.25,none,0.0,0,disease-axis angle alone,0.9942881932185528
80,portable,portable_alpha_0.25,30,0.25,none,0.0,0,disease-axis angle alone,0.9848146315387084
81,portable,portable_alpha_0.25,31,0.25,none,0.0,0,disease-axis angle alone,0.9886125761775068
82,portable,portable_alpha_0.25,32,0.25,none,0.0,0,disease-axis angle alone,0.9035249910500016
83,portable,portable_alpha_0.25,33,0.25,none,0.0,0,disease-axis angle alone,0.8627299010726949
84,portable,portable_alpha_0.25,34,0.25,none,0.0,0,disease-axis angle alone,0.9938531896212658
85,portable,portable_alpha_0.25,35,0.25,none,0.0,0,disease-axis angle alone,0.8838196579393492
86,portable,portable_alpha_0.25,36,0.25,none,0.0,0,disease-axis angle alone,0.992795070198921
87,portable,portable_alpha_0.25,37,0.25,none,0.0,0,disease-axis angle alone,0.9988797155438304
88,portable,portable_alpha_0.25,38,0.25,none,0.0,0,disease-axis angle alone,0.9909478640836904
89,portable,portable_alpha_0.25,39,0.25,none,0.0,0,disease-axis angle alone,0.9508742571011044
90,portable,portable_alpha_0.25,40,0.25,none,0.0,0,disease-axis angle alone,0.9388630100035766
91,portable,portable_alpha_0.25,41,0.25,none,0.0,0,disease-axis angle alone,0.8487730098718614
92,portable,portable_alpha_0.25,42,0.25,none,0.0,0,disease-axis angle alone,0.9651191778358122
93,portable,portable_alpha_0.25,43,0.25,none,0.0,0,disease-axis angle alone,0.9410775020799818
94,portable,portable_alpha_0.25,44,0.25,none,0.0,0,disease-axis angle alone,0.9011679918692812
95,portable,portable_alpha_0.25,45,0.25,none,0.0,0,disease-axis angle alone,0.9881433089989884
96,portable,portable_alpha_0.25,46,0.25,none,0.0,0,disease-axis angle alone,0.99594588572956
97,portable,portable_alpha_0.25,47,0.25,none,0.0,0,disease-axis angle alone,0.9900513260554746
98,portable,portable_alpha_0.25,48,0.25,none,0.0,0,disease-axis angle alone,0.7696176898729624
99,portable,portable_alpha_0.25,49,0.25,none,0.0,0,disease-axis angle alone,0.9357310387505322
100,portable,portable_alpha_0.25,50,0.25,none,0.0,0,disease-axis angle alone,0.9038519022590944
101,portable,portable_alpha_0.50,1,0.5,none,0.0,0,disease-axis angle alone,0.7890535171950769
102,portable,portable_alpha_0.50,2,0.5,none,0.0,0,disease-axis angle alone,0.8541656871046219
103,portable,portable_alpha_0.50,3,0.5,none,0.0,0,disease-axis angle alone,0.989691038557148
104,portable,portable_alpha_0.50,4,0.5,none,0.0,0,disease-axis angle alone,0.8393199184674185
105,portable,portable_alpha_0.50,5,0.5,none,0.0,0,disease-axis angle alone,0.9633935826169916
106,portable,portable_alpha_0.50,6,0.5,none,0.0,0,disease-axis angle alone,0.8400610732413893
107,portable,portable_alpha_0.50,7,0.5,none,0.0,0,disease-axis angle alone,0.932390847624427
108,portable,portable_alpha_0.50,8,0.5,none,0.0,0,disease-axis angle alone,0.9699519388927348
109,portable,portable_alpha_0.50,9,0.5,none,0.0,0,disease-axis angle alone,0.8907630474379944
110,portable,portable_alpha_0.50,10,0.5,none,0.0,0,disease-axis angle alone,0.894496665151102
111,portable,portable_alpha_0.50,11,0.5,none,0.0,0,disease-axis angle alone,0.9335777873582762
112,portable,portable_alpha_0.50,12,0.5,none,0.0,0,disease-axis angle alone,0.7691753996242425
113,portable,portable_alpha_0.50,13,0.5,none,0.0,0,disease-axis angle alone,0.8458087486081133
114,portable,portable_alpha_0.50,14,0.5,none,0.0,0,disease-axis angle alone,0.8285808432089448
115,portable,portable_alpha_0.50,15,0.5,none,0.0,0,disease-axis angle alone,0.8935052708418656
116,portable,portable_alpha_0.50,16,0.5,none,0.0,0,disease-axis angle alone,0.8892550470776327
117,portable,portable_alpha_0.50,17,0.5,none,0.0,0,disease-axis angle alone,0.8838918780987519
118,portable,portable_alpha_0.50,18,0.5,none,0.0,0,disease-axis angle alone,0.840883635537839
119,portable,portable_alpha_0.50,19,0.5,none,0.0,0,disease-axis angle alone,0.8400803089593729
120,portable,portable_alpha_0.50,20,0.5,none,0.0,0,disease-axis angle alone,0.8504903232913209
121,portable,portable_alpha_0.50,21,0.5,none,0.0,0,disease-axis angle alone,0.9194514978029884
122,portable,portable_alpha_0.50,22,0.5,none,0.0,0,disease-axis angle alone,0.9134244629194752
123,portable,portable_alpha_0.50,23,0.5,none,0.0,0,disease-axis angle alone,0.8178114951606722
124,portable,portable_alpha_0.50,24,0.5,none,0.0,0,disease-axis angle alone,0.8723191148782324
125,portable,portable_alpha_0.50,25,0.5,none,0.0,0,disease-axis angle alone,0.8447972620061921
126,portable,portable_alpha_0.50,26,0.5,none,0.0,0,disease-axis angle alone,0.8403192565228825
127,portable,portable_alpha_0.50,27,0.5,none,0.0,0,disease-axis angle alone,0.9396894532024718
128,portable,portable_alpha_0.50,28,0.5,none,0.0,0,disease-axis angle alone,0.92892162948344
129,portable,portable_alpha_0.50,29,0.5,none,0.0,0,disease-axis angle alone,0.8082579863525197
130,portable,portable_alpha_0.50,30,0.5,none,0.0,0,disease-axis angle alone,0.7871704302458441
131,portable,portable_alpha_0.50,31,0.5,none,0.0,0,disease-axis angle alone,0.7450205681961221
132,portable,portable_alpha_0.50,32,0.5,none,0.0,0,disease-axis angle alone,0.8019438160960543
133,portable,portable_alpha_0.50,33,0.5,none,0.0,0,disease-axis angle alone,0.9582603152587076
134,portable,portable_alpha_0.50,34,0.5,none,0.0,0,disease-axis angle alone,0.9991278800615544
135,portable,portable_alpha_0.50,35,0.5,none,0.0,0,disease-axis angle alone,0.9082502494452654
136,portable,portable_alpha_0.50,36,0.5,none,0.0,0,disease-axis angle alone,0.973129116719232
137,portable,portable_alpha_0.50,37,0.5,none,0.0,0,disease-axis angle alone,0.8491793565618944
138,portable,portable_alpha_0.50,38,0.5,none,0.0,0,disease-axis angle alone,0.8115242842562004
139,portable,portable_alpha_0.50,39,0.5,none,0.0,0,disease-axis angle alone,0.808764632543894
140,portable,portable_alpha_0.50,40,0.5,none,0.0,0,disease-axis angle alone,0.9279936428507533
141,portable,portable_alpha_0.50,41,0.5,none,0.0,0,disease-axis angle alone,0.9936823925108246
142,portable,portable_alpha_0.50,42,0.5,none,0.0,0,disease-axis angle alone,0.9547656809728464
143,portable,portable_alpha_0.50,43,0.5,none,0.0,0,disease-axis angle alone,0.7493359578072188
144,portable,portable_alpha_0.50,44,0.5,none,0.0,0,disease-axis angle alone,0.8934725380046861
145,portable,portable_alpha_0.50,45,0.5,none,0.0,0,disease-axis angle alone,0.9249313302155214
146,portable,portable_alpha_0.50,46,0.5,none,0.0,0,disease-axis angle alone,0.9201753619457042
147,portable,portable_alpha_0.50,47,0.5,none,0.0,0,disease-axis angle alone,0.7437932928011596
148,portable,portable_alpha_0.50,48,0.5,none,0.0,0,disease-axis angle alone,0.9371578286747324
149,portable,portable_alpha_0.50,49,0.5,none,0.0,0,disease-axis angle alone,0.8455511185677532
150,portable,portable_alpha_0.50,50,0.5,none,0.0,0,disease-axis angle alone,0.901200454089856
151,portable,portable_alpha_1.00,1,1.0,none,0.0,0,disease-axis angle alone,0.8670488332011194
152,portable,portable_alpha_1.00,2,1.0,none,0.0,0,disease-axis angle alone,0.914866095379072
153,portable,portable_alpha_1.00,3,1.0,none,0.0,0,disease-axis angle alone,0.8103721265688139
154,portable,portable_alpha_1.00,4,1.0,none,0.0,0,disease-axis angle alone,0.8623039252835538
155,portable,portable_alpha_1.00,5,1.0,none,0.0,0,disease-axis angle alone,0.8937502741989992
156,portable,portable_alpha_1.00,6,1.0,none,0.0,0,disease-axis angle alone,0.8319870594234717
157,portable,portable_alpha_1.00,7,1.0,none,0.0,0,disease-axis angle alone,0.822813318039667
158,portable,portable_alpha_1.00,8,1.0,none,0.0,0,disease-axis angle alone,0.793135154770563
159,portable,portable_alpha_1.00,9,1.0,none,0.0,0,disease-axis angle alone,0.8688060799664523
160,portable,portable_alpha_1.00,10,1.0,none,0.0,0,disease-axis angle alone,0.8668108268778528
161,portable,portable_alpha_1.00,11,1.0,none,0.0,0,disease-axis angle alone,0.8192774382285943
162,portable,portable_alpha_1.00,12,1.0,none,0.0,0,disease-axis angle alone,0.8651445751044117
163,portable,portable_alpha_1.00,13,1.0,none,0.0,0,disease-axis angle alone,0.906419182091064
164,portable,portable_alpha_1.00,14,1.0,none,0.0,0,disease-axis angle alone,0.9272191079808554
165,portable,portable_alpha_1.00,15,1.0,none,0.0,0,disease-axis angle alone,0.8611962057746598
166,portable,portable_alpha_1.00,16,1.0,none,0.0,0,disease-axis angle alone,0.9602881740161948
167,portable,portable_alpha_1.00,17,1.0,none,0.0,0,disease-axis angle alone,0.89275646990437
168,portable,portable_alpha_1.00,18,1.0,none,0.0,0,disease-axis angle alone,0.8957867310441161
169,portable,portable_alpha_1.00,19,1.0,none,0.0,0,disease-axis angle alone,0.8436165219847331
170,portable,portable_alpha_1.00,20,1.0,none,0.0,0,disease-axis angle alone,0.8717067775642091
171,portable,portable_alpha_1.00,21,1.0,none,0.0,0,disease-axis angle alone,0.8832585086330695
172,portable,portable_alpha_1.00,22,1.0,none,0.0,0,disease-axis angle alone,0.8893539854799476
173,portable,portable_alpha_1.00,23,1.0,none,0.0,0,disease-axis angle alone,0.851424556296101
174,portable,portable_alpha_1.00,24,1.0,none,0.0,0,disease-axis angle alone,0.8945698812253358
175,portable,portable_alpha_1.00,25,1.0,none,0.0,0,disease-axis angle alone,0.8631450833478138
176,portable,portable_alpha_1.00,26,1.0,none,0.0,0,disease-axis angle alone,0.808517819893464
177,portable,portable_alpha_1.00,27,1.0,none,0.0,0,disease-axis angle alone,0.7574538104393783
178,portable,portable_alpha_1.00,28,1.0,none,0.0,0,disease-axis angle alone,0.8342391556017799
179,portable,portable_alpha_1.00,29,1.0,none,0.0,0,disease-axis angle alone,0.8951228823551426
180,portable,portable_alpha_1.00,30,1.0,none,0.0,0,disease-axis angle alone,0.896113829461444
181,portable,portable_alpha_1.00,31,1.0,none,0.0,0,disease-axis angle alone,0.8371821167049323
182,portable,portable_alpha_1.00,32,1.0,none,0.0,0,disease-axis angle alone,0.8680089580781234
183,portable,portable_alpha_1.00,33,1.0,none,0.0,0,disease-axis angle alone,0.8638873481556484
184,portable,portable_alpha_1.00,34,1.0,none,0.0,0,disease-axis angle alone,0.8153712509130114
185,portable,portable_alpha_1.00,35,1.0,none,0.0,0,disease-axis angle alone,0.8989712195369636
186,portable,portable_alpha_1.00,36,1.0,none,0.0,0,disease-axis angle alone,0.8943434727612266
187,portable,portable_alpha_1.00,37,1.0,none,0.0,0,disease-axis angle alone,0.8234032928022109
188,portable,portable_alpha_1.00,38,1.0,none,0.0,0,disease-axis angle alone,0.950844060729663
189,portable,portable_alpha_1.00,39,1.0,none,0.0,0,disease-axis angle alone,0.8614603102263554
190,portable,portable_alpha_1.00,40,1.0,none,0.0,0,disease-axis angle alone,0.866153537818949
191,portable,portable_alpha_1.00,41,1.0,none,0.0,0,disease-axis angle alone,0.8026459972985268
192,portable,portable_alpha_1.00,42,1.0,none,0.0,0,disease-axis angle alone,0.8665193653561903
193,portable,portable_alpha_1.00,43,1.0,none,0.0,0,disease-axis angle alone,0.8799320789540394
194,portable,portable_alpha_1.00,44,1.0,none,0.0,0,disease-axis angle alone,0.8268956044531381
195,portable,portable_alpha_1.00,45,1.0,none,0.0,0,disease-axis angle alone,0.906854353084124
196,portable,portable_alpha_1.00,46,1.0,none,0.0,0,disease-axis angle alone,0.8574341464932007
197,portable,portable_alpha_1.00,47,1.0,none,0.0,0,disease-axis angle alone,0.8728419516591566
198,portable,portable_alpha_1.00,48,1.0,none,0.0,0,disease-axis angle alone,0.8738048395667486
199,portable,portable_alpha_1.00,49,1.0,none,0.0,0,disease-axis angle alone,0.8387086557496413
200,portable,portable_alpha_1.00,50,1.0,none,0.0,0,disease-axis angle alone,0.8701180370396543
201,portable,portable_alpha_1.50,1,1.5,none,0.0,0,disease-axis angle alone,0.8628171770788463
202,portable,portable_alpha_1.50,2,1.5,none,0.0,0,disease-axis angle alone,0.8528872504845159
203,portable,portable_alpha_1.50,3,1.5,none,0.0,0,disease-axis angle alone,0.8923305976518021
204,portable,portable_alpha_1.50,4,1.5,none,0.0,0,disease-axis angle alone,0.851782804139892
205,portable,portable_alpha_1.50,5,1.5,none,0.0,0,disease-axis angle alone,0.9335726502314166
206,portable,portable_alpha_1.50,6,1.5,none,0.0,0,disease-axis angle alone,0.8716671614811602
207,portable,portable_alpha_1.50,7,1.5,none,0.0,0,disease-axis angle alone,0.9114477214155262
208,portable,portable_alpha_1.50,8,1.5,none,0.0,0,disease-axis angle alone,0.8373604692116287
209,portable,portable_alpha_1.50,9,1.5,none,0.0,0,disease-axis angle alone,0.8389172229516381
210,portable,portable_alpha_1.50,10,1.5,none,0.0,0,disease-axis angle alone,0.8906035332040615
211,portable,portable_alpha_1.50,11,1.5,none,0.0,0,disease-axis angle alone,0.8409368756528928
212,portable,portable_alpha_1.50,12,1.5,none,0.0,0,disease-axis angle alone,0.8566003343370148
213,portable,portable_alpha_1.50,13,1.5,none,0.0,0,disease-axis angle alone,0.9138321303862776
214,portable,portable_alpha_1.50,14,1.5,none,0.0,0,disease-axis angle alone,0.8393376877828017
215,portable,portable_alpha_1.50,15,1.5,none,0.0,0,disease-axis angle alone,0.8663652886866834
216,portable,portable_alpha_1.50,16,1.5,none,0.0,0,disease-axis angle alone,0.8668219417673795
217,portable,portable_alpha_1.50,17,1.5,none,0.0,0,disease-axis angle alone,0.805583220198305
218,portable,portable_alpha_1.50,18,1.5,none,0.0,0,disease-axis angle alone,0.9032485404734356
219,portable,portable_alpha_1.50,19,1.5,none,0.0,0,disease-axis angle alone,0.8476967331778382
220,portable,portable_alpha_1.50,20,1.5,none,0.0,0,disease-axis angle alone,0.8406656695979521
221,portable,portable_alpha_1.50,21,1.5,none,0.0,0,disease-axis angle alone,0.80469634329825
222,portable,portable_alpha_1.50,22,1.5,none,0.0,0,disease-axis angle alone,0.8603006795287944
223,portable,portable_alpha_1.50,23,1.5,none,0.0,0,disease-axis angle alone,0.885676270534755
224,portable,portable_alpha_1.50,24,1.5,none,0.0,0,disease-axis angle alone,0.8583811701895622
225,portable,portable_alpha_1.50,25,1.5,none,0.0,0,disease-axis angle alone,0.8594007527735901
226,portable,portable_alpha_1.50,26,1.5,none,0.0,0,disease-axis angle alone,0.8178630307437217
227,portable,portable_alpha_1.50,27,1.5,none,0.0,0,disease-axis angle alone,0.8600360650332703
228,portable,portable_alpha_1.50,28,1.5,none,0.0,0,disease-axis angle alone,0.886457798199304
229,portable,portable_alpha_1.50,29,1.5,none,0.0,0,disease-axis angle alone,0.8947970380672817
230,portable,portable_alpha_1.50,30,1.5,none,0.0,0,disease-axis angle alone,0.8216292805660901
231,portable,portable_alpha_1.50,31,1.5,none,0.0,0,disease-axis angle alone,0.8333328513420796
232,portable,portable_alpha_1.50,32,1.5,none,0.0,0,disease-axis angle alone,0.8463228478406475
233,portable,portable_alpha_1.50,33,1.5,none,0.0,0,disease-axis angle alone,0.8171874767292329
234,portable,portable_alpha_1.50,34,1.5,none,0.0,0,disease-axis angle alone,0.8590704869971808
235,portable,portable_alpha_1.50,35,1.5,none,0.0,0,disease-axis angle alone,0.8982595622013788
236,portable,portable_alpha_1.50,36,1.5,none,0.0,0,disease-axis angle alone,0.881739970416291
237,portable,portable_alpha_1.50,37,1.5,none,0.0,0,disease-axis angle alone,0.8036862301140619
238,portable,portable_alpha_1.50,38,1.5,none,0.0,0,disease-axis angle alone,0.8853898472512144
239,portable,portable_alpha_1.50,39,1.5,none,0.0,0,disease-axis angle alone,0.873029734447959
240,portable,portable_alpha_1.50,40,1.5,none,0.0,0,disease-axis angle alone,0.885124944874126
241,portable,portable_alpha_1.50,41,1.5,none,0.0,0,disease-axis angle alone,0.8156620427401596
242,portable,portable_alpha_1.50,42,1.5,none,0.0,0,disease-axis angle alone,0.8316595320509014
243,portable,portable_alpha_1.50,43,1.5,none,0.0,0,disease-axis angle alone,0.8359795112552868
244,portable,portable_alpha_1.50,44,1.5,none,0.0,0,disease-axis angle alone,0.8356807469284825
245,portable,portable_alpha_1.50,45,1.5,none,0.0,0,disease-axis angle alone,0.8545830647738648
246,portable,portable_alpha_1.50,46,1.5,none,0.0,0,disease-axis angle alone,0.8464057098956661
247,portable,portable_alpha_1.50,47,1.5,none,0.0,0,disease-axis angle alone,0.8984693174520466
248,portable,portable_alpha_1.50,48,1.5,none,0.0,0,disease-axis angle alone,0.9006013104525542
249,portable,portable_alpha_1.50,49,1.5,none,0.0,0,disease-axis angle alone,0.8668770211023699
250,portable,portable_alpha_1.50,50,1.5,none,0.0,0,disease-axis angle alone,0.8602001830109031
251,nonportable,nonportable_low,1,1.0,low,0.25,1,disease-axis angle alone,0.9424451748687236
252,nonportable,nonportable_low,2,1.0,low,0.25,1,disease-axis angle alone,0.8855766822102429
253,nonportable,nonportable_low,3,1.0,low,0.25,1,disease-axis angle alone,0.8124842733677805
254,nonportable,nonportable_low,4,1.0,low,0.25,1,disease-axis angle alone,0.9028554418058614
255,nonportable,nonportable_low,5,1.0,low,0.25,1,disease-axis angle alone,0.8814770240478362
256,nonportable,nonportable_low,6,1.0,low,0.25,1,disease-axis angle alone,0.8101241980533598
257,nonportable,nonportable_low,7,1.0,low,0.25,1,disease-axis angle alone,0.8501830818807385
258,nonportable,nonportable_low,8,1.0,low,0.25,1,disease-axis angle alone,0.8872440220147896
259,nonportable,nonportable_low,9,1.0,low,0.25,1,disease-axis angle alone,0.9005322636535831
260,nonportable,nonportable_low,10,1.0,low,0.25,1,disease-axis angle alone,0.9072865298410374
261,nonportable,nonportable_low,11,1.0,low,0.25,1,disease-axis angle alone,0.9268957495731718
262,nonportable,nonportable_low,12,1.0,low,0.25,1,disease-axis angle alone,0.8372758702124423
263,nonportable,nonportable_low,13,1.0,low,0.25,1,disease-axis angle alone,0.8633092662208953
264,nonportable,nonportable_low,14,1.0,low,0.25,1,disease-axis angle alone,0.8187602472843817
265,nonportable,nonportable_low,15,1.0,low,0.25,1,disease-axis angle alone,0.8939736287772245
266,nonportable,nonportable_low,16,1.0,low,0.25,1,disease-axis angle alone,0.9747719495109648
267,nonportable,nonportable_low,17,1.0,low,0.25,1,disease-axis angle alone,0.8544984619122695
268,nonportable,nonportable_low,18,1.0,low,0.25,1,disease-axis angle alone,0.8644028474573904
269,nonportable,nonportable_low,19,1.0,low,0.25,1,disease-axis angle alone,0.8976171505851298
270,nonportable,nonportable_low,20,1.0,low,0.25,1,disease-axis angle alone,0.8202249739037982
271,nonportable,nonportable_low,21,1.0,low,0.25,1,disease-axis angle alone,0.8390601188280187
272,nonportable,nonportable_low,22,1.0,low,0.25,1,disease-axis angle alone,0.8560009399138061
273,nonportable,nonportable_low,23,1.0,low,0.25,1,disease-axis angle alone,0.8881779618204229
274,nonportable,nonportable_low,24,1.0,low,0.25,1,disease-axis angle alone,0.839462619530167
275,nonportable,nonportable_low,25,1.0,low,0.25,1,disease-axis angle alone,0.9309733123473268
276,nonportable,nonportable_low,26,1.0,low,0.25,1,disease-axis angle alone,0.8998556349938631
277,nonportable,nonportable_low,27,1.0,low,0.25,1,disease-axis angle alone,0.9418986202790522
278,nonportable,nonportable_low,28,1.0,low,0.25,1,disease-axis angle alone,0.8374567002546398
279,nonportable,nonportable_low,29,1.0,low,0.25,1,disease-axis angle alone,0.9110751665098186
280,nonportable,nonportable_low,30,1.0,low,0.25,1,disease-axis angle alone,0.9748389588453694
281,nonportable,nonportable_low,31,1.0,low,0.25,1,disease-axis angle alone,0.9264534637484936
282,nonportable,nonportable_low,32,1.0,low,0.25,1,disease-axis angle alone,0.8615219048442563
283,nonportable,nonportable_low,33,1.0,low,0.25,1,disease-axis angle alone,0.8939628622592788
284,nonportable,nonportable_low,34,1.0,low,0.25,1,disease-axis angle alone,0.910673788346643
285,nonportable,nonportable_low,35,1.0,low,0.25,1,disease-axis angle alone,0.9480810809386512
286,nonportable,nonportable_low,36,1.0,low,0.25,1,disease-axis angle alone,0.952744721795962
287,nonportable,nonportable_low,37,1.0,low,0.25,1,disease-axis angle alone,0.8878458318032617
288,nonportable,nonportable_low,38,1.0,low,0.25,1,disease-axis angle alone,0.8566061261352559
289,nonportable,nonportable_low,39,1.0,low,0.25,1,disease-axis angle alone,0.8334582548309352
290,nonportable,nonportable_low,40,1.0,low,0.25,1,disease-axis angle alone,0.9049175473920414
291,nonportable,nonportable_low,41,1.0,low,0.25,1,disease-axis angle alone,0.93319510323258
292,nonportable,nonportable_low,42,1.0,low,0.25,1,disease-axis angle alone,0.9075181751599872
293,nonportable,nonportable_low,43,1.0,low,0.25,1,disease-axis angle alone,0.8774185678417799
294,nonportable,nonportable_low,44,1.0,low,0.25,1,disease-axis angle alone,0.8850128335017199
295,nonportable,nonportable_low,45,1.0,low,0.25,1,disease-axis angle alone,0.8557163845428406
296,nonportable,nonportable_low,46,1.0,low,0.25,1,disease-axis angle alone,0.8626992904451419
297,nonportable,nonportable_low,47,1.0,low,0.25,1,disease-axis angle alone,0.8693236993064556
298,nonportable,nonportable_low,48,1.0,low,0.25,1,disease-axis angle alone,0.828369278732744
299,nonportable,nonportable_low,49,1.0,low,0.25,1,disease-axis angle alone,0.848168027212038
300,nonportable,nonportable_low,50,1.0,low,0.25,1,disease-axis angle alone,0.9578029646650849
301,nonportable,nonportable_moderate,1,1.0,moderate,0.5,1,disease-axis angle alone,0.908682942706732
302,nonportable,nonportable_moderate,2,1.0,moderate,0.5,1,disease-axis angle alone,0.8713232701813912
303,nonportable,nonportable_moderate,3,1.0,moderate,0.5,1,disease-axis angle alone,0.971361957308665
304,nonportable,nonportable_moderate,4,1.0,moderate,0.5,1,disease-axis angle alone,0.855842108175823
305,nonportable,nonportable_moderate,5,1.0,moderate,0.5,1,disease-axis angle alone,0.9424778993989426
306,nonportable,nonportable_moderate,6,1.0,moderate,0.5,1,disease-axis angle alone,0.8348149910628911
307,nonportable,nonportable_moderate,7,1.0,moderate,0.5,1,disease-axis angle alone,0.9447969581644912
308,nonportable,nonportable_moderate,8,1.0,moderate,0.5,1,disease-axis angle alone,0.9237312884805352
309,nonportable,nonportable_moderate,9,1.0,moderate,0.5,1,disease-axis angle alone,0.8916829071194547
310,nonportable,nonportable_moderate,10,1.0,moderate,0.5,1,disease-axis angle alone,0.9247661900234884
311,nonportable,nonportable_moderate,11,1.0,moderate,0.5,1,disease-axis angle alone,0.9504742540840672
312,nonportable,nonportable_moderate,12,1.0,moderate,0.5,1,disease-axis angle alone,0.9179395005078512
313,nonportable,nonportable_moderate,13,1.0,moderate,0.5,1,disease-axis angle alone,0.8633405509205929
314,nonportable,nonportable_moderate,14,1.0,moderate,0.5,1,disease-axis angle alone,0.8917274407691597
315,nonportable,nonportable_moderate,15,1.0,moderate,0.5,1,disease-axis angle alone,0.8937935448176889
316,nonportable,nonportable_moderate,16,1.0,moderate,0.5,1,disease-axis angle alone,0.9513933638525874
317,nonportable,nonportable_moderate,17,1.0,moderate,0.5,1,disease-axis angle alone,0.8924623718248793
318,nonportable,nonportable_moderate,18,1.0,moderate,0.5,1,disease-axis angle alone,0.8280733602484074
319,nonportable,nonportable_moderate,19,1.0,moderate,0.5,1,disease-axis angle alone,0.8928176615928508
320,nonportable,nonportable_moderate,20,1.0,moderate,0.5,1,disease-axis angle alone,0.8910967128895104
321,nonportable,nonportable_moderate,21,1.0,moderate,0.5,1,disease-axis angle alone,0.8583205854001217
322,nonportable,nonportable_moderate,22,1.0,moderate,0.5,1,disease-axis angle alone,0.9683791329370331
323,nonportable,nonportable_moderate,23,1.0,moderate,0.5,1,disease-axis angle alone,0.9380574321941896
324,nonportable,nonportable_moderate,24,1.0,moderate,0.5,1,disease-axis angle alone,0.8902451075515614
325,nonportable,nonportable_moderate,25,1.0,moderate,0.5,1,disease-axis angle alone,0.9558400520646338
326,nonportable,nonportable_moderate,26,1.0,moderate,0.5,1,disease-axis angle alone,0.8615149073726662
327,nonportable,nonportable_moderate,27,1.0,moderate,0.5,1,disease-axis angle alone,0.91220436353227
328,nonportable,nonportable_moderate,28,1.0,moderate,0.5,1,disease-axis angle alone,0.954904519058249
329,nonportable,nonportable_moderate,29,1.0,moderate,0.5,1,disease-axis angle alone,0.9614696531475286
330,nonportable,nonportable_moderate,30,1.0,moderate,0.5,1,disease-axis angle alone,0.8522024849244676
331,nonportable,nonportable_moderate,31,1.0,moderate,0.5,1,disease-axis angle alone,0.8885810561781334
332,nonportable,nonportable_moderate,32,1.0,moderate,0.5,1,disease-axis angle alone,0.850754008083672
333,nonportable,nonportable_moderate,33,1.0,moderate,0.5,1,disease-axis angle alone,0.9401415542395062
334,nonportable,nonportable_moderate,34,1.0,moderate,0.5,1,disease-axis angle alone,0.9304969564269988
335,nonportable,nonportable_moderate,35,1.0,moderate,0.5,1,disease-axis angle alone,0.9458499470275578
336,nonportable,nonportable_moderate,36,1.0,moderate,0.5,1,disease-axis angle alone,0.8261250004262285
337,nonportable,nonportable_moderate,37,1.0,moderate,0.5,1,disease-axis angle alone,0.8648532015967799
338,nonportable,nonportable_moderate,38,1.0,moderate,0.5,1,disease-axis angle alone,0.9405348136754674
339,nonportable,nonportable_moderate,39,1.0,moderate,0.5,1,disease-axis angle alone,0.9682922663231852
340,nonportable,nonportable_moderate,40,1.0,moderate,0.5,1,disease-axis angle alone,0.9281499212694384
341,nonportable,nonportable_moderate,41,1.0,moderate,0.5,1,disease-axis angle alone,0.8719815853905628
342,nonportable,nonportable_moderate,42,1.0,moderate,0.5,1,disease-axis angle alone,0.8512189701693251
343,nonportable,nonportable_moderate,43,1.0,moderate,0.5,1,disease-axis angle alone,0.8840031694769441
344,nonportable,nonportable_moderate,44,1.0,moderate,0.5,1,disease-axis angle alone,0.8615450086653894
345,nonportable,nonportable_moderate,45,1.0,moderate,0.5,1,disease-axis angle alone,0.9821052704311312
346,nonportable,nonportable_moderate,46,1.0,moderate,0.5,1,disease-axis angle alone,0.8381146820250155
347,nonportable,nonportable_moderate,47,1.0,moderate,0.5,1,disease-axis angle alone,0.8910050996317692
348,nonportable,nonportable_moderate,48,1.0,moderate,0.5,1,disease-axis angle alone,0.931134257740772
349,nonportable,nonportable_moderate,49,1.0,moderate,0.5,1,disease-axis angle alone,0.8306558306636963
350,nonportable,nonportable_moderate,50,1.0,moderate,0.5,1,disease-axis angle alone,0.939669065470114
351,nonportable,nonportable_high,1,1.0,high,1.0,1,disease-axis angle alone,0.9826288497117678
352,nonportable,nonportable_high,2,1.0,high,1.0,1,disease-axis angle alone,0.9535390591679348
353,nonportable,nonportable_high,3,1.0,high,1.0,1,disease-axis angle alone,0.9106850267277494
354,nonportable,nonportable_high,4,1.0,high,1.0,1,disease-axis angle alone,0.9300616200139612
355,nonportable,nonportable_high,5,1.0,high,1.0,1,disease-axis angle alone,0.9287545421363852
356,nonportable,nonportable_high,6,1.0,high,1.0,1,disease-axis angle alone,0.9390998030167608
357,nonportable,nonportable_high,7,1.0,high,1.0,1,disease-axis angle alone,0.9471762975981446
358,nonportable,nonportable_high,8,1.0,high,1.0,1,disease-axis angle alone,0.9135143046836196
359,nonportable,nonportable_high,9,1.0,high,1.0,1,disease-axis angle alone,0.9810975080060028
360,nonportable,nonportable_high,10,1.0,high,1.0,1,disease-axis angle alone,0.8474800592472006
361,nonportable,nonportable_high,11,1.0,high,1.0,1,disease-axis angle alone,0.9934019105692404
362,nonportable,nonportable_high,12,1.0,high,1.0,1,disease-axis angle alone,0.9192786252544956
363,nonportable,nonportable_high,13,1.0,high,1.0,1,disease-axis angle alone,0.9410761315122036
364,nonportable,nonportable_high,14,1.0,high,1.0,1,disease-axis angle alone,0.9563085290767211
365,nonportable,nonportable_high,15,1.0,high,1.0,1,disease-axis angle alone,0.9893066602426568
366,nonportable,nonportable_high,16,1.0,high,1.0,1,disease-axis angle alone,0.9907650588734734
367,nonportable,nonportable_high,17,1.0,high,1.0,1,disease-axis angle alone,0.954907455107212
368,nonportable,nonportable_high,18,1.0,high,1.0,1,disease-axis angle alone,0.942430873680706
369,nonportable,nonportable_high,19,1.0,high,1.0,1,disease-axis angle alone,0.9992601668112672
370,nonportable,nonportable_high,20,1.0,high,1.0,1,disease-axis angle alone,0.9424246281239176
371,nonportable,nonportable_high,21,1.0,high,1.0,1,disease-axis angle alone,0.9403033360068992
372,nonportable,nonportable_high,22,1.0,high,1.0,1,disease-axis angle alone,0.9752575971659238
373,nonportable,nonportable_high,23,1.0,high,1.0,1,disease-axis angle alone,0.85692217389347
374,nonportable,nonportable_high,24,1.0,high,1.0,1,disease-axis angle alone,0.909391756615954
375,nonportable,nonportable_high,25,1.0,high,1.0,1,disease-axis angle alone,0.8887645700561524
376,nonportable,nonportable_high,26,1.0,high,1.0,1,disease-axis angle alone,0.9658727773550057
377,nonportable,nonportable_high,27,1.0,high,1.0,1,disease-axis angle alone,0.9382222471094668
378,nonportable,nonportable_high,28,1.0,high,1.0,1,disease-axis angle alone,0.9637144319209408
379,nonportable,nonportable_high,29,1.0,high,1.0,1,disease-axis angle alone,0.9072547131202542
380,nonportable,nonportable_high,30,1.0,high,1.0,1,disease-axis angle alone,0.9787275600826368
381,nonportable,nonportable_high,31,1.0,high,1.0,1,disease-axis angle alone,0.9481489762519216
382,nonportable,nonportable_high,32,1.0,high,1.0,1,disease-axis angle alone,0.9495668780237948
383,nonportable,nonportable_high,33,1.0,high,1.0,1,disease-axis angle alone,0.9968068277094018
384,nonportable,nonportable_high,34,1.0,high,1.0,1,disease-axis angle alone,0.920950374668057
385,nonportable,nonportable_high,35,1.0,high,1.0,1,disease-axis angle alone,0.9747591108966246
386,nonportable,nonportable_high,36,1.0,high,1.0,1,disease-axis angle alone,0.9694659930290516
387,nonportable,nonportable_high,37,1.0,high,1.0,1,disease-axis angle alone,0.9002455529533322
388,nonportable,nonportable_high,38,1.0,high,1.0,1,disease-axis angle alone,0.897152601050889
389,nonportable,nonportable_high,39,1.0,high,1.0,1,disease-axis angle alone,0.9014879523560244
390,nonportable,nonportable_high,40,1.0,high,1.0,1,disease-axis angle alone,0.952382479410895
391,nonportable,nonportable_high,41,1.0,high,1.0,1,disease-axis angle alone,0.9437981428486532
392,nonportable,nonportable_high,42,1.0,high,1.0,1,disease-axis angle alone,0.9646677277281688
393,nonportable,nonportable_high,43,1.0,high,1.0,1,disease-axis angle alone,0.9645736121373398
394,nonportable,nonportable_high,44,1.0,high,1.0,1,disease-axis angle alone,0.9571619103210742
395,nonportable,nonportable_high,45,1.0,high,1.0,1,disease-axis angle alone,0.901932801945297
396,nonportable,nonportable_high,46,1.0,high,1.0,1,disease-axis angle alone,0.9515688667554472
397,nonportable,nonportable_high,47,1.0,high,1.0,1,disease-axis angle alone,0.9043074160739047
398,nonportable,nonportable_high,48,1.0,high,1.0,1,disease-axis angle alone,0.9173617955312576
399,nonportable,nonportable_high,49,1.0,high,1.0,1,disease-axis angle alone,0.9760227552028298
400,nonportable,nonportable_high,50,1.0,high,1.0,1,disease-axis angle alone,0.9706553459835868
51,portable,portable_alpha_0.25,1,0.25,none,0.0,0,BPG alone,0.0
52,portable,portable_alpha_0.25,2,0.25,none,0.0,0,BPG alone,0.7578940603706023
53,portable,portable_alpha_0.25,3,0.25,none,0.0,0,BPG alone,0.3676361257952827
54,portable,portable_alpha_0.25,4,0.25,none,0.0,0,BPG alone,1.0
55,portable,portable_alpha_0.25,5,0.25,none,0.0,0,BPG alone,1.0
56,portable,portable_alpha_0.25,6,0.25,none,0.0,0,BPG alone,0.0
57,portable,portable_alpha_0.25,7,0.25,none,0.0,0,BPG alone,0.4896975621100056
58,portable,portable_alpha_0.25,8,0.25,none,0.0,0,BPG alone,0.2590473060825712
59,portable,portable_alpha_0.25,9,0.25,none,0.0,0,BPG alone,0.8094881919633391
60,portable,portable_alpha_0.25,10,0.25,none,0.0,0,BPG alone,0.8788450896528356
61,portable,portable_alpha_0.25,11,0.25,none,0.0,0,BPG alone,0.6429929561600768
62,portable,portable_alpha_0.25,12,0.25,none,0.0,0,BPG alone,0.0
63,portable,portable_alpha_0.25,13,0.25,none,0.0,0,BPG alone,1.0
64,portable,portable_alpha_0.25,14,0.25,none,0.0,0,BPG alone,0.0
65,portable,portable_alpha_0.25,15,0.25,none,0.0,0,BPG alone,1.0
66,portable,portable_alpha_0.25,16,0.25,none,0.0,0,BPG alone,0.263799303246969
67,portable,portable_alpha_0.25,17,0.25,none,0.0,0,BPG alone,0.998185910929018
68,portable,portable_alpha_0.25,18,0.25,none,0.0,0,BPG alone,0.504106478868427
69,portable,portable_alpha_0.25,19,0.25,none,0.0,0,BPG alone,0.47905172253162
70,portable,portable_alpha_0.25,20,0.25,none,0.0,0,BPG alone,0.719884519593828
71,portable,portable_alpha_0.25,21,0.25,none,0.0,0,BPG alone,0.206779172634234
72,portable,portable_alpha_0.25,22,0.25,none,0.0,0,BPG alone,0.0
73,portable,portable_alpha_0.25,23,0.25,none,0.0,0,BPG alone,0.0
74,portable,portable_alpha_0.25,24,0.25,none,0.0,0,BPG alone,1.0
75,portable,portable_alpha_0.25,25,0.25,none,0.0,0,BPG alone,0.1855372314460138
76,portable,portable_alpha_0.25,26,0.25,none,0.0,0,BPG alone,0.8455445259582458
77,portable,portable_alpha_0.25,27,0.25,none,0.0,0,BPG alone,0.6806065562167648
78,portable,portable_alpha_0.25,28,0.25,none,0.0,0,BPG alone,0.6445192692438554
79,portable,portable_alpha_0.25,29,0.25,none,0.0,0,BPG alone,0.4625011607344516
80,portable,portable_alpha_0.25,30,0.25,none,0.0,0,BPG alone,0.0
81,portable,portable_alpha_0.25,31,0.25,none,0.0,0,BPG alone,0.0983951177021601
82,portable,portable_alpha_0.25,32,0.25,none,0.0,0,BPG alone,0.573599859944678
83,portable,portable_alpha_0.25,33,0.25,none,0.0,0,BPG alone,1.0
84,portable,portable_alpha_0.25,34,0.25,none,0.0,0,BPG alone,0.0
85,portable,portable_alpha_0.25,35,0.25,none,0.0,0,BPG alone,0.3895877187562816
86,portable,portable_alpha_0.25,36,0.25,none,0.0,0,BPG alone,1.0
87,portable,portable_alpha_0.25,37,0.25,none,0.0,0,BPG alone,0.3660626093967781
88,portable,portable_alpha_0.25,38,0.25,none,0.0,0,BPG alone,0.6393189594759773
89,portable,portable_alpha_0.25,39,0.25,none,0.0,0,BPG alone,0.3983468111052726
90,portable,portable_alpha_0.25,40,0.25,none,0.0,0,BPG alone,0.3314315498078394
91,portable,portable_alpha_0.25,41,0.25,none,0.0,0,BPG alone,0.1566025741325427
92,portable,portable_alpha_0.25,42,0.25,none,0.0,0,BPG alone,0.0354203169124407
93,portable,portable_alpha_0.25,43,0.25,none,0.0,0,BPG alone,0.8985141896230672
94,portable,portable_alpha_0.25,44,0.25,none,0.0,0,BPG alone,0.9641340364086316
95,portable,portable_alpha_0.25,45,0.25,none,0.0,0,BPG alone,0.6553205826079457
96,portable,portable_alpha_0.25,46,0.25,none,0.0,0,BPG alone,0.7082263923694716
97,portable,portable_alpha_0.25,47,0.25,none,0.0,0,BPG alone,0.7195660731273585
98,portable,portable_alpha_0.25,48,0.25,none,0.0,0,BPG alone,0.5720275027161076
99,portable,portable_alpha_0.25,49,0.25,none,0.0,0,BPG alone,0.7957917430755045
100,portable,portable_alpha_0.25,50,0.25,none,0.0,0,BPG alone,0.5526396738270706
101,portable,portable_alpha_0.50,1,0.5,none,0.0,0,BPG alone,0.3659917659413627
102,portable,portable_alpha_0.50,2,0.5,none,0.0,0,BPG alone,0.3029111834953898
103,portable,portable_alpha_0.50,3,0.5,none,0.0,0,BPG alone,0.38150607649141
104,portable,portable_alpha_0.50,4,0.5,none,0.0,0,BPG alone,1.0
105,portable,portable_alpha_0.50,5,0.5,none,0.0,0,BPG alone,0.4583816934728353
106,portable,portable_alpha_0.50,6,0.5,none,0.0,0,BPG alone,0.4583732678172428
107,portable,portable_alpha_0.50,7,0.5,none,0.0,0,BPG alone,0.7556364170118346
108,portable,portable_alpha_0.50,8,0.5,none,0.0,0,BPG alone,0.6633139553831994
109,portable,portable_alpha_0.50,9,0.5,none,0.0,0,BPG alone,0.4816093776479646
110,portable,portable_alpha_0.50,10,0.5,none,0.0,0,BPG alone,0.5379491912966574
111,portable,portable_alpha_0.50,11,0.5,none,0.0,0,BPG alone,0.2125187985769881
112,portable,portable_alpha_0.50,12,0.5,none,0.0,0,BPG alone,0.7008938409694423
113,portable,portable_alpha_0.50,13,0.5,none,0.0,0,BPG alone,0.4361315610354799
114,portable,portable_alpha_0.50,14,0.5,none,0.0,0,BPG alone,0.556324217802977
115,portable,portable_alpha_0.50,15,0.5,none,0.0,0,BPG alone,0.5017217493216372
116,portable,portable_alpha_0.50,16,0.5,none,0.0,0,BPG alone,0.6492156284207345
117,portable,portable_alpha_0.50,17,0.5,none,0.0,0,BPG alone,0.8212661439122408
118,portable,portable_alpha_0.50,18,0.5,none,0.0,0,BPG alone,0.7156942264432461
119,portable,portable_alpha_0.50,19,0.5,none,0.0,0,BPG alone,0.6387968790406626
120,portable,portable_alpha_0.50,20,0.5,none,0.0,0,BPG alone,0.625617200238062
121,portable,portable_alpha_0.50,21,0.5,none,0.0,0,BPG alone,0.2656151807156502
122,portable,portable_alpha_0.50,22,0.5,none,0.0,0,BPG alone,0.5842101905222481
123,portable,portable_alpha_0.50,23,0.5,none,0.0,0,BPG alone,1.0
124,portable,portable_alpha_0.50,24,0.5,none,0.0,0,BPG alone,0.4727126159138815
125,portable,portable_alpha_0.50,25,0.5,none,0.0,0,BPG alone,0.6109867368287796
126,portable,portable_alpha_0.50,26,0.5,none,0.0,0,BPG alone,0.4217618875143115
127,portable,portable_alpha_0.50,27,0.5,none,0.0,0,BPG alone,0.5078376162629136
128,portable,portable_alpha_0.50,28,0.5,none,0.0,0,BPG alone,0.3296954734628139
129,portable,portable_alpha_0.50,29,0.5,none,0.0,0,BPG alone,0.4593796932143806
130,portable,portable_alpha_0.50,30,0.5,none,0.0,0,BPG alone,0.6701008547257604
131,portable,portable_alpha_0.50,31,0.5,none,0.0,0,BPG alone,0.3515768446527318
132,portable,portable_alpha_0.50,32,0.5,none,0.0,0,BPG alone,0.4088265623970478
133,portable,portable_alpha_0.50,33,0.5,none,0.0,0,BPG alone,0.3324729922094375
134,portable,portable_alpha_0.50,34,0.5,none,0.0,0,BPG alone,0.5646053533936853
135,portable,portable_alpha_0.50,35,0.5,none,0.0,0,BPG alone,0.98254001279681
136,portable,portable_alpha_0.50,36,0.5,none,0.0,0,BPG alone,0.6213378969451419
137,portable,portable_alpha_0.50,37,0.5,none,0.0,0,BPG alone,0.3623557110147856
138,portable,portable_alpha_0.50,38,0.5,none,0.0,0,BPG alone,0.6172111255831276
139,portable,portable_alpha_0.50,39,0.5,none,0.0,0,BPG alone,0.6855493258815474
140,portable,portable_alpha_0.50,40,0.5,none,0.0,0,BPG alone,0.4860287995255331
141,portable,portable_alpha_0.50,41,0.5,none,0.0,0,BPG alone,0.5594590419542814
142,portable,portable_alpha_0.50,42,0.5,none,0.0,0,BPG alone,0.85818490642558
143,portable,portable_alpha_0.50,43,0.5,none,0.0,0,BPG alone,0.378391956682188
144,portable,portable_alpha_0.50,44,0.5,none,0.0,0,BPG alone,0.6823659141044857
145,portable,portable_alpha_0.50,45,0.5,none,0.0,0,BPG alone,0.6269473008722943
146,portable,portable_alpha_0.50,46,0.5,none,0.0,0,BPG alone,0.5301383113336928
147,portable,portable_alpha_0.50,47,0.5,none,0.0,0,BPG alone,0.1845270612204597
148,portable,portable_alpha_0.50,48,0.5,none,0.0,0,BPG alone,0.9767858636247628
149,portable,portable_alpha_0.50,49,0.5,none,0.0,0,BPG alone,0.6792307273859495
150,portable,portable_alpha_0.50,50,0.5,none,0.0,0,BPG alone,0.3911607144000171
151,portable,portable_alpha_1.00,1,1.0,none,0.0,0,BPG alone,0.4973808003138645
152,portable,portable_alpha_1.00,2,1.0,none,0.0,0,BPG alone,0.4896223557289709
153,portable,portable_alpha_1.00,3,1.0,none,0.0,0,BPG alone,0.683380394182083
154,portable,portable_alpha_1.00,4,1.0,none,0.0,0,BPG alone,0.5122932464508625
155,portable,portable_alpha_1.00,5,1.0,none,0.0,0,BPG alone,0.5435232061202647
156,portable,portable_alpha_1.00,6,1.0,none,0.0,0,BPG alone,0.5800954827891338
157,portable,portable_alpha_1.00,7,1.0,none,0.0,0,BPG alone,0.5069572249676876
158,portable,portable_alpha_1.00,8,1.0,none,0.0,0,BPG alone,0.4785557794763109
159,portable,portable_alpha_1.00,9,1.0,none,0.0,0,BPG alone,0.6407046817856569
160,portable,portable_alpha_1.00,10,1.0,none,0.0,0,BPG alone,0.5079369347054197
161,portable,portable_alpha_1.00,11,1.0,none,0.0,0,BPG alone,0.531535776796857
162,portable,portable_alpha_1.00,12,1.0,none,0.0,0,BPG alone,0.7043104149781078
163,portable,portable_alpha_1.00,13,1.0,none,0.0,0,BPG alone,0.5839357333855113
164,portable,portable_alpha_1.00,14,1.0,none,0.0,0,BPG alone,0.618192970995151
165,portable,portable_alpha_1.00,15,1.0,none,0.0,0,BPG alone,0.6127096695773523
166,portable,portable_alpha_1.00,16,1.0,none,0.0,0,BPG alone,0.6687396088987985
167,portable,portable_alpha_1.00,17,1.0,none,0.0,0,BPG alone,0.5329524809737991
168,portable,portable_alpha_1.00,18,1.0,none,0.0,0,BPG alone,0.549646839663083
169,portable,portable_alpha_1.00,19,1.0,none,0.0,0,BPG alone,0.504873290503382
170,portable,portable_alpha_1.00,20,1.0,none,0.0,0,BPG alone,0.4932397514134267
171,portable,portable_alpha_1.00,21,1.0,none,0.0,0,BPG alone,0.5958479584868508
172,portable,portable_alpha_1.00,22,1.0,none,0.0,0,BPG alone,0.6087346595037724
173,portable,portable_alpha_1.00,23,1.0,none,0.0,0,BPG alone,0.4973850575323759
174,portable,portable_alpha_1.00,24,1.0,none,0.0,0,BPG alone,0.6739669253703675
175,portable,portable_alpha_1.00,25,1.0,none,0.0,0,BPG alone,0.57224525560521
176,portable,portable_alpha_1.00,26,1.0,none,0.0,0,BPG alone,0.5113358900572924
177,portable,portable_alpha_1.00,27,1.0,none,0.0,0,BPG alone,0.7316245487258685
178,portable,portable_alpha_1.00,28,1.0,none,0.0,0,BPG alone,0.4196830278684279
179,portable,portable_alpha_1.00,29,1.0,none,0.0,0,BPG alone,0.5938793385724105
180,portable,portable_alpha_1.00,30,1.0,none,0.0,0,BPG alone,0.5714549878257447
181,portable,portable_alpha_1.00,31,1.0,none,0.0,0,BPG alone,0.576514140010724
182,portable,portable_alpha_1.00,32,1.0,none,0.0,0,BPG alone,0.598652622760159
183,portable,portable_alpha_1.00,33,1.0,none,0.0,0,BPG alone,0.5460612917516886
184,portable,portable_alpha_1.00,34,1.0,none,0.0,0,BPG alone,0.6348960808276944
185,portable,portable_alpha_1.00,35,1.0,none,0.0,0,BPG alone,0.6065240625315794
186,portable,portable_alpha_1.00,36,1.0,none,0.0,0,BPG alone,0.5606110415095571
187,portable,portable_alpha_1.00,37,1.0,none,0.0,0,BPG alone,0.6594978136889098
188,portable,portable_alpha_1.00,38,1.0,none,0.0,0,BPG alone,0.4853991645397428
189,portable,portable_alpha_1.00,39,1.0,none,0.0,0,BPG alone,0.5246808615458598
190,portable,portable_alpha_1.00,40,1.0,none,0.0,0,BPG alone,0.6005560659647953
191,portable,portable_alpha_1.00,41,1.0,none,0.0,0,BPG alone,0.5357799789403719
192,portable,portable_alpha_1.00,42,1.0,none,0.0,0,BPG alone,0.5417518245083862
193,portable,portable_alpha_1.00,43,1.0,none,0.0,0,BPG alone,0.6908003819099192
194,portable,portable_alpha_1.00,44,1.0,none,0.0,0,BPG alone,0.715284350619571
195,portable,portable_alpha_1.00,45,1.0,none,0.0,0,BPG alone,0.6597918119857182
196,portable,portable_alpha_1.00,46,1.0,none,0.0,0,BPG alone,0.4427006908313266
197,portable,portable_alpha_1.00,47,1.0,none,0.0,0,BPG alone,0.6352463731869314
198,portable,portable_alpha_1.00,48,1.0,none,0.0,0,BPG alone,0.6860455283493311
199,portable,portable_alpha_1.00,49,1.0,none,0.0,0,BPG alone,0.5887110855743058
200,portable,portable_alpha_1.00,50,1.0,none,0.0,0,BPG alone,0.5284804529919266
201,portable,portable_alpha_1.50,1,1.5,none,0.0,0,BPG alone,0.5130212183960267
202,portable,portable_alpha_1.50,2,1.5,none,0.0,0,BPG alone,0.5828052106612073
203,portable,portable_alpha_1.50,3,1.5,none,0.0,0,BPG alone,0.5902779104919069
204,portable,portable_alpha_1.50,4,1.5,none,0.0,0,BPG alone,0.6316938586112395
205,portable,portable_alpha_1.50,5,1.5,none,0.0,0,BPG alone,0.5453400099638225
206,portable,portable_alpha_1.50,6,1.5,none,0.0,0,BPG alone,0.5075580240362502
207,portable,portable_alpha_1.50,7,1.5,none,0.0,0,BPG alone,0.6358611591188166
208,portable,portable_alpha_1.50,8,1.5,none,0.0,0,BPG alone,0.5747792114012943
209,portable,portable_alpha_1.50,9,1.5,none,0.0,0,BPG alone,0.5769649347539916
210,portable,portable_alpha_1.50,10,1.5,none,0.0,0,BPG alone,0.4075795499146077
211,portable,portable_alpha_1.50,11,1.5,none,0.0,0,BPG alone,0.5051536101466179
212,portable,portable_alpha_1.50,12,1.5,none,0.0,0,BPG alone,0.4299305160506106
213,portable,portable_alpha_1.50,13,1.5,none,0.0,0,BPG alone,0.5120432386061983
214,portable,portable_alpha_1.50,14,1.5,none,0.0,0,BPG alone,0.6077816104649123
215,portable,portable_alpha_1.50,15,1.5,none,0.0,0,BPG alone,0.6158273153728229
216,portable,portable_alpha_1.50,16,1.5,none,0.0,0,BPG alone,0.6002627092644993
217,portable,portable_alpha_1.50,17,1.5,none,0.0,0,BPG alone,0.672830548479195
218,portable,portable_alpha_1.50,18,1.5,none,0.0,0,BPG alone,0.5384707341550411
219,portable,portable_alpha_1.50,19,1.5,none,0.0,0,BPG alone,0.528009283772261
220,portable,portable_alpha_1.50,20,1.5,none,0.0,0,BPG alone,0.5797482900088364
221,portable,portable_alpha_1.50,21,1.5,none,0.0,0,BPG alone,0.5208350561092624
222,portable,portable_alpha_1.50,22,1.5,none,0.0,0,BPG alone,0.5488958556777107
223,portable,portable_alpha_1.50,23,1.5,none,0.0,0,BPG alone,0.5121673173342322
224,portable,portable_alpha_1.50,24,1.5,none,0.0,0,BPG alone,0.5737160157214842
225,portable,portable_alpha_1.50,25,1.5,none,0.0,0,BPG alone,0.4576390988891365
226,portable,portable_alpha_1.50,26,1.5,none,0.0,0,BPG alone,0.4957365186181083
227,portable,portable_alpha_1.50,27,1.5,none,0.0,0,BPG alone,0.6273583823468081
228,portable,portable_alpha_1.50,28,1.5,none,0.0,0,BPG alone,0.4480084379193919
229,portable,portable_alpha_1.50,29,1.5,none,0.0,0,BPG alone,0.4918004272046275
230,portable,portable_alpha_1.50,30,1.5,none,0.0,0,BPG alone,0.6306506466925923
231,portable,portable_alpha_1.50,31,1.5,none,0.0,0,BPG alone,0.4871005179352143
232,portable,portable_alpha_1.50,32,1.5,none,0.0,0,BPG alone,0.5485877865567449
233,portable,portable_alpha_1.50,33,1.5,none,0.0,0,BPG alone,0.5064727924767749
234,portable,portable_alpha_1.50,34,1.5,none,0.0,0,BPG alone,0.5614686040552769
235,portable,portable_alpha_1.50,35,1.5,none,0.0,0,BPG alone,0.5727363513059591
236,portable,portable_alpha_1.50,36,1.5,none,0.0,0,BPG alone,0.5746501361380008
237,portable,portable_alpha_1.50,37,1.5,none,0.0,0,BPG alone,0.5957720755417294
238,portable,portable_alpha_1.50,38,1.5,none,0.0,0,BPG alone,0.5390431143261529
239,portable,portable_alpha_1.50,39,1.5,none,0.0,0,BPG alone,0.6277306692868362
240,portable,portable_alpha_1.50,40,1.5,none,0.0,0,BPG alone,0.5561011942237098
241,portable,portable_alpha_1.50,41,1.5,none,0.0,0,BPG alone,0.6351139899747749
242,portable,portable_alpha_1.50,42,1.5,none,0.0,0,BPG alone,0.5464971639555871
243,portable,portable_alpha_1.50,43,1.5,none,0.0,0,BPG alone,0.5081779533162282
244,portable,portable_alpha_1.50,44,1.5,none,0.0,0,BPG alone,0.4856735993296537
245,portable,portable_alpha_1.50,45,1.5,none,0.0,0,BPG alone,0.4970205245276295
246,portable,portable_alpha_1.50,46,1.5,none,0.0,0,BPG alone,0.5205452007732829
247,portable,portable_alpha_1.50,47,1.5,none,0.0,0,BPG alone,0.5164948091706584
248,portable,portable_alpha_1.50,48,1.5,none,0.0,0,BPG alone,0.5795762264237202
249,portable,portable_alpha_1.50,49,1.5,none,0.0,0,BPG alone,0.5200717206285002
250,portable,portable_alpha_1.50,50,1.5,none,0.0,0,BPG alone,0.5670727078656526
251,nonportable,nonportable_low,1,1.0,low,0.25,1,BPG alone,0.5204361110033741
252,nonportable,nonportable_low,2,1.0,low,0.25,1,BPG alone,0.3382362043966135
253,nonportable,nonportable_low,3,1.0,low,0.25,1,BPG alone,0.516393596351477
254,nonportable,nonportable_low,4,1.0,low,0.25,1,BPG alone,0.4456256135229012
255,nonportable,nonportable_low,5,1.0,low,0.25,1,BPG alone,0.5144033447687498
256,nonportable,nonportable_low,6,1.0,low,0.25,1,BPG alone,0.6768537730337469
257,nonportable,nonportable_low,7,1.0,low,0.25,1,BPG alone,0.4786229619790441
258,nonportable,nonportable_low,8,1.0,low,0.25,1,BPG alone,0.631930330987174
259,nonportable,nonportable_low,9,1.0,low,0.25,1,BPG alone,0.4014189148907046
260,nonportable,nonportable_low,10,1.0,low,0.25,1,BPG alone,0.3998813360573209
261,nonportable,nonportable_low,11,1.0,low,0.25,1,BPG alone,0.6233955598274465
262,nonportable,nonportable_low,12,1.0,low,0.25,1,BPG alone,0.7589472563901388
263,nonportable,nonportable_low,13,1.0,low,0.25,1,BPG alone,0.3903366478842085
264,nonportable,nonportable_low,14,1.0,low,0.25,1,BPG alone,0.3831532572670784
265,nonportable,nonportable_low,15,1.0,low,0.25,1,BPG alone,0.585111214297171
266,nonportable,nonportable_low,16,1.0,low,0.25,1,BPG alone,0.4951681942307089
267,nonportable,nonportable_low,17,1.0,low,0.25,1,BPG alone,0.7435914848028349
268,nonportable,nonportable_low,18,1.0,low,0.25,1,BPG alone,0.4629904586761802
269,nonportable,nonportable_low,19,1.0,low,0.25,1,BPG alone,0.4939490058288366
270,nonportable,nonportable_low,20,1.0,low,0.25,1,BPG alone,0.5321631363670847
271,nonportable,nonportable_low,21,1.0,low,0.25,1,BPG alone,0.5653454905775499
272,nonportable,nonportable_low,22,1.0,low,0.25,1,BPG alone,0.719663475004687
273,nonportable,nonportable_low,23,1.0,low,0.25,1,BPG alone,0.5960854950772173
274,nonportable,nonportable_low,24,1.0,low,0.25,1,BPG alone,0.3886531879744386
275,nonportable,nonportable_low,25,1.0,low,0.25,1,BPG alone,0.5166156779532556
276,nonportable,nonportable_low,26,1.0,low,0.25,1,BPG alone,0.5717879796783726
277,nonportable,nonportable_low,27,1.0,low,0.25,1,BPG alone,0.5103119376369809
278,nonportable,nonportable_low,28,1.0,low,0.25,1,BPG alone,0.5690859764255174
279,nonportable,nonportable_low,29,1.0,low,0.25,1,BPG alone,0.5523564944468071
280,nonportable,nonportable_low,30,1.0,low,0.25,1,BPG alone,0.8232552411261652
281,nonportable,nonportable_low,31,1.0,low,0.25,1,BPG alone,0.4384613176708587
282,nonportable,nonportable_low,32,1.0,low,0.25,1,BPG alone,0.4383721231007182
283,nonportable,nonportable_low,33,1.0,low,0.25,1,BPG alone,0.6593356731148196
284,nonportable,nonportable_low,34,1.0,low,0.25,1,BPG alone,0.4963563331662909
285,nonportable,nonportable_low,35,1.0,low,0.25,1,BPG alone,0.4690930931796192
286,nonportable,nonportable_low,36,1.0,low,0.25,1,BPG alone,0.4968497746771512
287,nonportable,nonportable_low,37,1.0,low,0.25,1,BPG alone,0.4755692238981335
288,nonportable,nonportable_low,38,1.0,low,0.25,1,BPG alone,0.5323035698607063
289,nonportable,nonportable_low,39,1.0,low,0.25,1,BPG alone,0.5442709743613039
290,nonportable,nonportable_low,40,1.0,low,0.25,1,BPG alone,0.6381754417090926
291,nonportable,nonportable_low,41,1.0,low,0.25,1,BPG alone,0.5718687503709975
292,nonportable,nonportable_low,42,1.0,low,0.25,1,BPG alone,0.5084734038161792
293,nonportable,nonportable_low,43,1.0,low,0.25,1,BPG alone,0.6672333141311039
294,nonportable,nonportable_low,44,1.0,low,0.25,1,BPG alone,0.5524283924578732
295,nonportable,nonportable_low,45,1.0,low,0.25,1,BPG alone,0.6650029355684584
296,nonportable,nonportable_low,46,1.0,low,0.25,1,BPG alone,0.5030301638870227
297,nonportable,nonportable_low,47,1.0,low,0.25,1,BPG alone,0.4037292094100519
298,nonportable,nonportable_low,48,1.0,low,0.25,1,BPG alone,0.4898498358068293
299,nonportable,nonportable_low,49,1.0,low,0.25,1,BPG alone,0.414408497071203
300,nonportable,nonportable_low,50,1.0,low,0.25,1,BPG alone,0.6374208583999091
301,nonportable,nonportable_moderate,1,1.0,moderate,0.5,1,BPG alone,0.6023419615511364
302,nonportable,nonportable_moderate,2,1.0,moderate,0.5,1,BPG alone,0.5628300702070732
303,nonportable,nonportable_moderate,3,1.0,moderate,0.5,1,BPG alone,0.4383303156921736
304,nonportable,nonportable_moderate,4,1.0,moderate,0.5,1,BPG alone,0.4419134438337591
305,nonportable,nonportable_moderate,5,1.0,moderate,0.5,1,BPG alone,0.6182542566134963
306,nonportable,nonportable_moderate,6,1.0,moderate,0.5,1,BPG alone,0.418855657394883
307,nonportable,nonportable_moderate,7,1.0,moderate,0.5,1,BPG alone,0.5546637783560155
308,nonportable,nonportable_moderate,8,1.0,moderate,0.5,1,BPG alone,0.4134762131517249
309,nonportable,nonportable_moderate,9,1.0,moderate,0.5,1,BPG alone,0.583215661849894
310,nonportable,nonportable_moderate,10,1.0,moderate,0.5,1,BPG alone,0.6919341901906685
311,nonportable,nonportable_moderate,11,1.0,moderate,0.5,1,BPG alone,0.3231050872491246
312,nonportable,nonportable_moderate,12,1.0,moderate,0.5,1,BPG alone,0.5187585811637834
313,nonportable,nonportable_moderate,13,1.0,moderate,0.5,1,BPG alone,0.4939248202482051
314,nonportable,nonportable_moderate,14,1.0,moderate,0.5,1,BPG alone,0.5409311386442504
315,nonportable,nonportable_moderate,15,1.0,moderate,0.5,1,BPG alone,0.7286565011205621
316,nonportable,nonportable_moderate,16,1.0,moderate,0.5,1,BPG alone,0.5846566822527292
317,nonportable,nonportable_moderate,17,1.0,moderate,0.5,1,BPG alone,0.5297181088118261
318,nonportable,nonportable_moderate,18,1.0,moderate,0.5,1,BPG alone,0.6093286773140624
319,nonportable,nonportable_moderate,19,1.0,moderate,0.5,1,BPG alone,0.4479970870787475
320,nonportable,nonportable_moderate,20,1.0,moderate,0.5,1,BPG alone,0.4972523081055366
321,nonportable,nonportable_moderate,21,1.0,moderate,0.5,1,BPG alone,0.4780642291414634
322,nonportable,nonportable_moderate,22,1.0,moderate,0.5,1,BPG alone,0.3822262973522692
323,nonportable,nonportable_moderate,23,1.0,moderate,0.5,1,BPG alone,0.5789092082878989
324,nonportable,nonportable_moderate,24,1.0,moderate,0.5,1,BPG alone,0.4832977551233902
325,nonportable,nonportable_moderate,25,1.0,moderate,0.5,1,BPG alone,0.4645686816993544
326,nonportable,nonportable_moderate,26,1.0,moderate,0.5,1,BPG alone,0.5430264614208691
327,nonportable,nonportable_moderate,27,1.0,moderate,0.5,1,BPG alone,0.5450270807670419
328,nonportable,nonportable_moderate,28,1.0,moderate,0.5,1,BPG alone,0.5738031376523367
329,nonportable,nonportable_moderate,29,1.0,moderate,0.5,1,BPG alone,0.5044060277515984
330,nonportable,nonportable_moderate,30,1.0,moderate,0.5,1,BPG alone,0.518268037599816
331,nonportable,nonportable_moderate,31,1.0,moderate,0.5,1,BPG alone,0.6255890892709696
332,nonportable,nonportable_moderate,32,1.0,moderate,0.5,1,BPG alone,0.5829670315908613
333,nonportable,nonportable_moderate,33,1.0,moderate,0.5,1,BPG alone,0.4664478457943136
334,nonportable,nonportable_moderate,34,1.0,moderate,0.5,1,BPG alone,0.3806345176885243
335,nonportable,nonportable_moderate,35,1.0,moderate,0.5,1,BPG alone,0.6850908825598951
336,nonportable,nonportable_moderate,36,1.0,moderate,0.5,1,BPG alone,0.6574988301648094
337,nonportable,nonportable_moderate,37,1.0,moderate,0.5,1,BPG alone,0.2986851205738443
338,nonportable,nonportable_moderate,38,1.0,moderate,0.5,1,BPG alone,0.4597194775758551
339,nonportable,nonportable_moderate,39,1.0,moderate,0.5,1,BPG alone,0.5622026245880928
340,nonportable,nonportable_moderate,40,1.0,moderate,0.5,1,BPG alone,0.5615041984294703
341,nonportable,nonportable_moderate,41,1.0,moderate,0.5,1,BPG alone,0.6249224142691444
342,nonportable,nonportable_moderate,42,1.0,moderate,0.5,1,BPG alone,0.5109526808638226
343,nonportable,nonportable_moderate,43,1.0,moderate,0.5,1,BPG alone,0.4011479186483818
344,nonportable,nonportable_moderate,44,1.0,moderate,0.5,1,BPG alone,0.5489595604433437
345,nonportable,nonportable_moderate,45,1.0,moderate,0.5,1,BPG alone,0.4792348434143962
346,nonportable,nonportable_moderate,46,1.0,moderate,0.5,1,BPG alone,0.660056955681091
347,nonportable,nonportable_moderate,47,1.0,moderate,0.5,1,BPG alone,0.4110775948009955
348,nonportable,nonportable_moderate,48,1.0,moderate,0.5,1,BPG alone,0.4107403093145613
349,nonportable,nonportable_moderate,49,1.0,moderate,0.5,1,BPG alone,0.6160311027175247
350,nonportable,nonportable_moderate,50,1.0,moderate,0.5,1,BPG alone,0.4723150857556096
351,nonportable,nonportable_high,1,1.0,high,1.0,1,BPG alone,0.8524598623972987
352,nonportable,nonportable_high,2,1.0,high,1.0,1,BPG alone,1.0
353,nonportable,nonportable_high,3,1.0,high,1.0,1,BPG alone,0.6866132222892948
354,nonportable,nonportable_high,4,1.0,high,1.0,1,BPG alone,1.0
355,nonportable,nonportable_high,5,1.0,high,1.0,1,BPG alone,1.0
356,nonportable,nonportable_high,6,1.0,high,1.0,1,BPG alone,0.6695058619681169
357,nonportable,nonportable_high,7,1.0,high,1.0,1,BPG alone,1.0
358,nonportable,nonportable_high,8,1.0,high,1.0,1,BPG alone,1.0
359,nonportable,nonportable_high,9,1.0,high,1.0,1,BPG alone,0.6806958918871948
360,nonportable,nonportable_high,10,1.0,high,1.0,1,BPG alone,0.9746126673628914
361,nonportable,nonportable_high,11,1.0,high,1.0,1,BPG alone,1.0
362,nonportable,nonportable_high,12,1.0,high,1.0,1,BPG alone,1.0
363,nonportable,nonportable_high,13,1.0,high,1.0,1,BPG alone,0.6081921064295446
364,nonportable,nonportable_high,14,1.0,high,1.0,1,BPG alone,0.8444469840353599
365,nonportable,nonportable_high,15,1.0,high,1.0,1,BPG alone,0.9173147991764736
366,nonportable,nonportable_high,16,1.0,high,1.0,1,BPG alone,0.8368575783160797
367,nonportable,nonportable_high,17,1.0,high,1.0,1,BPG alone,0.6421535677460172
368,nonportable,nonportable_high,18,1.0,high,1.0,1,BPG alone,1.0
369,nonportable,nonportable_high,19,1.0,high,1.0,1,BPG alone,0.6487412210912594
370,nonportable,nonportable_high,20,1.0,high,1.0,1,BPG alone,0.7447524358756311
371,nonportable,nonportable_high,21,1.0,high,1.0,1,BPG alone,1.0
372,nonportable,nonportable_high,22,1.0,high,1.0,1,BPG alone,0.6049404295957338
373,nonportable,nonportable_high,23,1.0,high,1.0,1,BPG alone,1.0
374,nonportable,nonportable_high,24,1.0,high,1.0,1,BPG alone,0.8167996082337828
375,nonportable,nonportable_high,25,1.0,high,1.0,1,BPG alone,0.6877146271832419
376,nonportable,nonportable_high,26,1.0,high,1.0,1,BPG alone,1.0
377,nonportable,nonportable_high,27,1.0,high,1.0,1,BPG alone,0.8487328187509762
378,nonportable,nonportable_high,28,1.0,high,1.0,1,BPG alone,0.4988008403019323
379,nonportable,nonportable_high,29,1.0,high,1.0,1,BPG alone,0.7295924301188944
380,nonportable,nonportable_high,30,1.0,high,1.0,1,BPG alone,0.9844306839719008
381,nonportable,nonportable_high,31,1.0,high,1.0,1,BPG alone,0.9391319677257298
382,nonportable,nonportable_high,32,1.0,high,1.0,1,BPG alone,0.8186208426245168
383,nonportable,nonportable_high,33,1.0,high,1.0,1,BPG alone,0.6771277540885343
384,nonportable,nonportable_high,34,1.0,high,1.0,1,BPG alone,1.0
385,nonportable,nonportable_high,35,1.0,high,1.0,1,BPG alone,0.9720197051460824
386,nonportable,nonportable_high,36,1.0,high,1.0,1,BPG alone,0.8621997556410576
387,nonportable,nonportable_high,37,1.0,high,1.0,1,BPG alone,1.0
388,nonportable,nonportable_high,38,1.0,high,1.0,1,BPG alone,0.912781673554316
389,nonportable,nonportable_high,39,1.0,high,1.0,1,BPG alone,1.0
390,nonportable,nonportable_high,40,1.0,high,1.0,1,BPG alone,0.7966452086457624
391,nonportable,nonportable_high,41,1.0,high,1.0,1,BPG alone,0.8527527205493864
392,nonportable,nonportable_high,42,1.0,high,1.0,1,BPG alone,0.9683261957816388
393,nonportable,nonportable_high,43,1.0,high,1.0,1,BPG alone,0.7819434508735019
394,nonportable,nonportable_high,44,1.0,high,1.0,1,BPG alone,0.789651404162446
395,nonportable,nonportable_high,45,1.0,high,1.0,1,BPG alone,0.9957036872770052
396,nonportable,nonportable_high,46,1.0,high,1.0,1,BPG alone,0.8278253651172031
397,nonportable,nonportable_high,47,1.0,high,1.0,1,BPG alone,0.9845482067016452
398,nonportable,nonportable_high,48,1.0,high,1.0,1,BPG alone,0.4835721078478286
399,nonportable,nonportable_high,49,1.0,high,1.0,1,BPG alone,0.6045790472094853
400,nonportable,nonportable_high,50,1.0,high,1.0,1,BPG alone,0.9902104815204832
51,portable,portable_alpha_0.25,1,0.25,none,0.0,0,LOCO AUROC alone,0.9153611545096944
52,portable,portable_alpha_0.25,2,0.25,none,0.0,0,LOCO AUROC alone,0.957860084421192
53,portable,portable_alpha_0.25,3,0.25,none,0.0,0,LOCO AUROC alone,0.9522829162413572
54,portable,portable_alpha_0.25,4,0.25,none,0.0,0,LOCO AUROC alone,1.0
55,portable,portable_alpha_0.25,5,0.25,none,0.0,0,LOCO AUROC alone,1.0
56,portable,portable_alpha_0.25,6,0.25,none,0.0,0,LOCO AUROC alone,0.9998182576493206
57,portable,portable_alpha_0.25,7,0.25,none,0.0,0,LOCO AUROC alone,0.9624235706580796
58,portable,portable_alpha_0.25,8,0.25,none,0.0,0,LOCO AUROC alone,0.9621600676033696
59,portable,portable_alpha_0.25,9,0.25,none,0.0,0,LOCO AUROC alone,0.9760735847252944
60,portable,portable_alpha_0.25,10,0.25,none,0.0,0,LOCO AUROC alone,0.9894109329676786
61,portable,portable_alpha_0.25,11,0.25,none,0.0,0,LOCO AUROC alone,0.9368383594150728
62,portable,portable_alpha_0.25,12,0.25,none,0.0,0,LOCO AUROC alone,0.875589902789887
63,portable,portable_alpha_0.25,13,0.25,none,0.0,0,LOCO AUROC alone,1.0
64,portable,portable_alpha_0.25,14,0.25,none,0.0,0,LOCO AUROC alone,0.8502703639027964
65,portable,portable_alpha_0.25,15,0.25,none,0.0,0,LOCO AUROC alone,1.0
66,portable,portable_alpha_0.25,16,0.25,none,0.0,0,LOCO AUROC alone,0.8567802873123311
67,portable,portable_alpha_0.25,17,0.25,none,0.0,0,LOCO AUROC alone,0.999759572107052
68,portable,portable_alpha_0.25,18,0.25,none,0.0,0,LOCO AUROC alone,0.9609452002261154
69,portable,portable_alpha_0.25,19,0.25,none,0.0,0,LOCO AUROC alone,0.96946183979637
70,portable,portable_alpha_0.25,20,0.25,none,0.0,0,LOCO AUROC alone,0.9449182724267268
71,portable,portable_alpha_0.25,21,0.25,none,0.0,0,LOCO AUROC alone,0.9220796302238774
72,portable,portable_alpha_0.25,22,0.25,none,0.0,0,LOCO AUROC alone,0.8765331737780986
73,portable,portable_alpha_0.25,23,0.25,none,0.0,0,LOCO AUROC alone,0.8866678004564983
74,portable,portable_alpha_0.25,24,0.25,none,0.0,0,LOCO AUROC alone,1.0
75,portable,portable_alpha_0.25,25,0.25,none,0.0,0,LOCO AUROC alone,0.90284356086823
76,portable,portable_alpha_0.25,26,0.25,none,0.0,0,LOCO AUROC alone,0.9697942061770172
77,portable,portable_alpha_0.25,27,0.25,none,0.0,0,LOCO AUROC alone,0.9519368531426736
78,portable,portable_alpha_0.25,28,0.25,none,0.0,0,LOCO AUROC alone,0.951708231514762
79,portable,portable_alpha_0.25,29,0.25,none,0.0,0,LOCO AUROC alone,0.9197502514143352
80,portable,portable_alpha_0.25,30,0.25,none,0.0,0,LOCO AUROC alone,0.863475836454455
81,portable,portable_alpha_0.25,31,0.25,none,0.0,0,LOCO AUROC alone,0.8569214026877023
82,portable,portable_alpha_0.25,32,0.25,none,0.0,0,LOCO AUROC alone,0.906049559475729
83,portable,portable_alpha_0.25,33,0.25,none,0.0,0,LOCO AUROC alone,1.0
84,portable,portable_alpha_0.25,34,0.25,none,0.0,0,LOCO AUROC alone,0.913464531496784
85,portable,portable_alpha_0.25,35,0.25,none,0.0,0,LOCO AUROC alone,0.8699875244608315
86,portable,portable_alpha_0.25,36,0.25,none,0.0,0,LOCO AUROC alone,1.0
87,portable,portable_alpha_0.25,37,0.25,none,0.0,0,LOCO AUROC alone,0.9056048650084288
88,portable,portable_alpha_0.25,38,0.25,none,0.0,0,LOCO AUROC alone,0.9470949383344676
89,portable,portable_alpha_0.25,39,0.25,none,0.0,0,LOCO AUROC alone,0.8942553371483282
90,portable,portable_alpha_0.25,40,0.25,none,0.0,0,LOCO AUROC alone,0.9116358807845591
91,portable,portable_alpha_0.25,41,0.25,none,0.0,0,LOCO AUROC alone,0.8875772664693062
92,portable,portable_alpha_0.25,42,0.25,none,0.0,0,LOCO AUROC alone,0.8331810272427205
93,portable,portable_alpha_0.25,43,0.25,none,0.0,0,LOCO AUROC alone,0.9845572730564472
94,portable,portable_alpha_0.25,44,0.25,none,0.0,0,LOCO AUROC alone,0.9953828984517152
95,portable,portable_alpha_0.25,45,0.25,none,0.0,0,LOCO AUROC alone,0.9626948311442948
96,portable,portable_alpha_0.25,46,0.25,none,0.0,0,LOCO AUROC alone,0.9363555903088944
97,portable,portable_alpha_0.25,47,0.25,none,0.0,0,LOCO AUROC alone,0.9925568762291996
98,portable,portable_alpha_0.25,48,0.25,none,0.0,0,LOCO AUROC alone,0.9311327411154408
99,portable,portable_alpha_0.25,49,0.25,none,0.0,0,LOCO AUROC alone,0.9725526917552012
100,portable,portable_alpha_0.25,50,0.25,none,0.0,0,LOCO AUROC alone,0.9471318375818408
101,portable,portable_alpha_0.50,1,0.5,none,0.0,0,LOCO AUROC alone,0.7821339570645607
102,portable,portable_alpha_0.50,2,0.5,none,0.0,0,LOCO AUROC alone,0.920547750847638
103,portable,portable_alpha_0.50,3,0.5,none,0.0,0,LOCO AUROC alone,0.8135327998976323
104,portable,portable_alpha_0.50,4,0.5,none,0.0,0,LOCO AUROC alone,1.0
105,portable,portable_alpha_0.50,5,0.5,none,0.0,0,LOCO AUROC alone,0.9055308161369088
106,portable,portable_alpha_0.50,6,0.5,none,0.0,0,LOCO AUROC alone,0.8933068296623745
107,portable,portable_alpha_0.50,7,0.5,none,0.0,0,LOCO AUROC alone,0.9532210527497312
108,portable,portable_alpha_0.50,8,0.5,none,0.0,0,LOCO AUROC alone,0.917131797204874
109,portable,portable_alpha_0.50,9,0.5,none,0.0,0,LOCO AUROC alone,0.8403110681804746
110,portable,portable_alpha_0.50,10,0.5,none,0.0,0,LOCO AUROC alone,0.8585647139169084
111,portable,portable_alpha_0.50,11,0.5,none,0.0,0,LOCO AUROC alone,0.8200663960850731
112,portable,portable_alpha_0.50,12,0.5,none,0.0,0,LOCO AUROC alone,0.917746844685424
113,portable,portable_alpha_0.50,13,0.5,none,0.0,0,LOCO AUROC alone,0.9050268111499664
114,portable,portable_alpha_0.50,14,0.5,none,0.0,0,LOCO AUROC alone,0.9078653419243335
115,portable,portable_alpha_0.50,15,0.5,none,0.0,0,LOCO AUROC alone,0.8473629306741934
116,portable,portable_alpha_0.50,16,0.5,none,0.0,0,LOCO AUROC alone,0.8658375215420435
117,portable,portable_alpha_0.50,17,0.5,none,0.0,0,LOCO AUROC alone,0.9485559979900164
118,portable,portable_alpha_0.50,18,0.5,none,0.0,0,LOCO AUROC alone,0.9156528611328552
119,portable,portable_alpha_0.50,19,0.5,none,0.0,0,LOCO AUROC alone,0.8751514278478278
120,portable,portable_alpha_0.50,20,0.5,none,0.0,0,LOCO AUROC alone,0.8947454550592913
121,portable,portable_alpha_0.50,21,0.5,none,0.0,0,LOCO AUROC alone,0.8643616428762415
122,portable,portable_alpha_0.50,22,0.5,none,0.0,0,LOCO AUROC alone,0.929866866082917
123,portable,portable_alpha_0.50,23,0.5,none,0.0,0,LOCO AUROC alone,1.0
124,portable,portable_alpha_0.50,24,0.5,none,0.0,0,LOCO AUROC alone,0.7972422210061849
125,portable,portable_alpha_0.50,25,0.5,none,0.0,0,LOCO AUROC alone,0.8809825238961124
126,portable,portable_alpha_0.50,26,0.5,none,0.0,0,LOCO AUROC alone,0.8404645785334062
127,portable,portable_alpha_0.50,27,0.5,none,0.0,0,LOCO AUROC alone,0.8403428234398231
128,portable,portable_alpha_0.50,28,0.5,none,0.0,0,LOCO AUROC alone,0.8378111582522942
129,portable,portable_alpha_0.50,29,0.5,none,0.0,0,LOCO AUROC alone,0.8527765002629357
130,portable,portable_alpha_0.50,30,0.5,none,0.0,0,LOCO AUROC alone,0.9265847270792988
131,portable,portable_alpha_0.50,31,0.5,none,0.0,0,LOCO AUROC alone,0.9013205491784212
132,portable,portable_alpha_0.50,32,0.5,none,0.0,0,LOCO AUROC alone,0.872894837554677
133,portable,portable_alpha_0.50,33,0.5,none,0.0,0,LOCO AUROC alone,0.8116815558496697
134,portable,portable_alpha_0.50,34,0.5,none,0.0,0,LOCO AUROC alone,0.9054357412453442
135,portable,portable_alpha_0.50,35,0.5,none,0.0,0,LOCO AUROC alone,0.9964484771204176
136,portable,portable_alpha_0.50,36,0.5,none,0.0,0,LOCO AUROC alone,0.933072879924584
137,portable,portable_alpha_0.50,37,0.5,none,0.0,0,LOCO AUROC alone,0.8927888039315584
138,portable,portable_alpha_0.50,38,0.5,none,0.0,0,LOCO AUROC alone,0.945240884702308
139,portable,portable_alpha_0.50,39,0.5,none,0.0,0,LOCO AUROC alone,0.9249462441131662
140,portable,portable_alpha_0.50,40,0.5,none,0.0,0,LOCO AUROC alone,0.8299223546270524
141,portable,portable_alpha_0.50,41,0.5,none,0.0,0,LOCO AUROC alone,0.8704943562612095
142,portable,portable_alpha_0.50,42,0.5,none,0.0,0,LOCO AUROC alone,0.9730810295751235
143,portable,portable_alpha_0.50,43,0.5,none,0.0,0,LOCO AUROC alone,0.8229094707864892
144,portable,portable_alpha_0.50,44,0.5,none,0.0,0,LOCO AUROC alone,0.9352800149242892
145,portable,portable_alpha_0.50,45,0.5,none,0.0,0,LOCO AUROC alone,0.8810541595337853
146,portable,portable_alpha_0.50,46,0.5,none,0.0,0,LOCO AUROC alone,0.8402447421207653
147,portable,portable_alpha_0.50,47,0.5,none,0.0,0,LOCO AUROC alone,0.8179030015890154
148,portable,portable_alpha_0.50,48,0.5,none,0.0,0,LOCO AUROC alone,0.9958437959558708
149,portable,portable_alpha_0.50,49,0.5,none,0.0,0,LOCO AUROC alone,0.9267622857468996
150,portable,portable_alpha_0.50,50,0.5,none,0.0,0,LOCO AUROC alone,0.8570483235483723
151,portable,portable_alpha_1.00,1,1.0,none,0.0,0,LOCO AUROC alone,0.7101877871827809
152,portable,portable_alpha_1.00,2,1.0,none,0.0,0,LOCO AUROC alone,0.7434113780485776
153,portable,portable_alpha_1.00,3,1.0,none,0.0,0,LOCO AUROC alone,0.8392059577175222
154,portable,portable_alpha_1.00,4,1.0,none,0.0,0,LOCO AUROC alone,0.732238765427508
155,portable,portable_alpha_1.00,5,1.0,none,0.0,0,LOCO AUROC alone,0.7314371619399065
156,portable,portable_alpha_1.00,6,1.0,none,0.0,0,LOCO AUROC alone,0.7972274030640001
157,portable,portable_alpha_1.00,7,1.0,none,0.0,0,LOCO AUROC alone,0.7083748868828807
158,portable,portable_alpha_1.00,8,1.0,none,0.0,0,LOCO AUROC alone,0.7011797310764383
159,portable,portable_alpha_1.00,9,1.0,none,0.0,0,LOCO AUROC alone,0.7997705718658299
160,portable,portable_alpha_1.00,10,1.0,none,0.0,0,LOCO AUROC alone,0.7058537741364141
161,portable,portable_alpha_1.00,11,1.0,none,0.0,0,LOCO AUROC alone,0.7085678928073491
162,portable,portable_alpha_1.00,12,1.0,none,0.0,0,LOCO AUROC alone,0.8292783764856764
163,portable,portable_alpha_1.00,13,1.0,none,0.0,0,LOCO AUROC alone,0.754433392425371
164,portable,portable_alpha_1.00,14,1.0,none,0.0,0,LOCO AUROC alone,0.7995526353072029
165,portable,portable_alpha_1.00,15,1.0,none,0.0,0,LOCO AUROC alone,0.8016152207949954
166,portable,portable_alpha_1.00,16,1.0,none,0.0,0,LOCO AUROC alone,0.8093734685218037
167,portable,portable_alpha_1.00,17,1.0,none,0.0,0,LOCO AUROC alone,0.7570960505911679
168,portable,portable_alpha_1.00,18,1.0,none,0.0,0,LOCO AUROC alone,0.7623466172364555
169,portable,portable_alpha_1.00,19,1.0,none,0.0,0,LOCO AUROC alone,0.7305372067050069
170,portable,portable_alpha_1.00,20,1.0,none,0.0,0,LOCO AUROC alone,0.7017567096917237
171,portable,portable_alpha_1.00,21,1.0,none,0.0,0,LOCO AUROC alone,0.7937356934361877
172,portable,portable_alpha_1.00,22,1.0,none,0.0,0,LOCO AUROC alone,0.8020445144059323
173,portable,portable_alpha_1.00,23,1.0,none,0.0,0,LOCO AUROC alone,0.7172660077488227
174,portable,portable_alpha_1.00,24,1.0,none,0.0,0,LOCO AUROC alone,0.8028056794313241
175,portable,portable_alpha_1.00,25,1.0,none,0.0,0,LOCO AUROC alone,0.8028146265770719
176,portable,portable_alpha_1.00,26,1.0,none,0.0,0,LOCO AUROC alone,0.7390845133014903
177,portable,portable_alpha_1.00,27,1.0,none,0.0,0,LOCO AUROC alone,0.8358059161894742
178,portable,portable_alpha_1.00,28,1.0,none,0.0,0,LOCO AUROC alone,0.7012890714029734
179,portable,portable_alpha_1.00,29,1.0,none,0.0,0,LOCO AUROC alone,0.7957200665500059
180,portable,portable_alpha_1.00,30,1.0,none,0.0,0,LOCO AUROC alone,0.7347630119241586
181,portable,portable_alpha_1.00,31,1.0,none,0.0,0,LOCO AUROC alone,0.7757894957354374
182,portable,portable_alpha_1.00,32,1.0,none,0.0,0,LOCO AUROC alone,0.7727059057344499
183,portable,portable_alpha_1.00,33,1.0,none,0.0,0,LOCO AUROC alone,0.730464042245144
184,portable,portable_alpha_1.00,34,1.0,none,0.0,0,LOCO AUROC alone,0.7941188582434324
185,portable,portable_alpha_1.00,35,1.0,none,0.0,0,LOCO AUROC alone,0.7672872055012054
186,portable,portable_alpha_1.00,36,1.0,none,0.0,0,LOCO AUROC alone,0.7860945816403195
187,portable,portable_alpha_1.00,37,1.0,none,0.0,0,LOCO AUROC alone,0.8397320375325439
188,portable,portable_alpha_1.00,38,1.0,none,0.0,0,LOCO AUROC alone,0.7294343718709948
189,portable,portable_alpha_1.00,39,1.0,none,0.0,0,LOCO AUROC alone,0.7371091100294089
190,portable,portable_alpha_1.00,40,1.0,none,0.0,0,LOCO AUROC alone,0.779407212237953
191,portable,portable_alpha_1.00,41,1.0,none,0.0,0,LOCO AUROC alone,0.7222802595854911
192,portable,portable_alpha_1.00,42,1.0,none,0.0,0,LOCO AUROC alone,0.7470519071577242
193,portable,portable_alpha_1.00,43,1.0,none,0.0,0,LOCO AUROC alone,0.8148333977140381
194,portable,portable_alpha_1.00,44,1.0,none,0.0,0,LOCO AUROC alone,0.8450887495802637
195,portable,portable_alpha_1.00,45,1.0,none,0.0,0,LOCO AUROC alone,0.8205591967640962
196,portable,portable_alpha_1.00,46,1.0,none,0.0,0,LOCO AUROC alone,0.695791659559122
197,portable,portable_alpha_1.00,47,1.0,none,0.0,0,LOCO AUROC alone,0.7899538811294138
198,portable,portable_alpha_1.00,48,1.0,none,0.0,0,LOCO AUROC alone,0.8098986272719304
199,portable,portable_alpha_1.00,49,1.0,none,0.0,0,LOCO AUROC alone,0.7950195107957905
200,portable,portable_alpha_1.00,50,1.0,none,0.0,0,LOCO AUROC alone,0.7657462603219856
201,portable,portable_alpha_1.50,1,1.5,none,0.0,0,LOCO AUROC alone,0.6227199347006156
202,portable,portable_alpha_1.50,2,1.5,none,0.0,0,LOCO AUROC alone,0.7114586170041397
203,portable,portable_alpha_1.50,3,1.5,none,0.0,0,LOCO AUROC alone,0.679230732556164
204,portable,portable_alpha_1.50,4,1.5,none,0.0,0,LOCO AUROC alone,0.7274145840117485
205,portable,portable_alpha_1.50,5,1.5,none,0.0,0,LOCO AUROC alone,0.6651610065047411
206,portable,portable_alpha_1.50,6,1.5,none,0.0,0,LOCO AUROC alone,0.6286255095517095
207,portable,portable_alpha_1.50,7,1.5,none,0.0,0,LOCO AUROC alone,0.7329513652696111
208,portable,portable_alpha_1.50,8,1.5,none,0.0,0,LOCO AUROC alone,0.7140787309547378
209,portable,portable_alpha_1.50,9,1.5,none,0.0,0,LOCO AUROC alone,0.6775172738113029
210,portable,portable_alpha_1.50,10,1.5,none,0.0,0,LOCO AUROC alone,0.5290602952426653
211,portable,portable_alpha_1.50,11,1.5,none,0.0,0,LOCO AUROC alone,0.6546950071914299
212,portable,portable_alpha_1.50,12,1.5,none,0.0,0,LOCO AUROC alone,0.5569512752502768
213,portable,portable_alpha_1.50,13,1.5,none,0.0,0,LOCO AUROC alone,0.6141357057128414
214,portable,portable_alpha_1.50,14,1.5,none,0.0,0,LOCO AUROC alone,0.7146803213052542
215,portable,portable_alpha_1.50,15,1.5,none,0.0,0,LOCO AUROC alone,0.708442754966321
216,portable,portable_alpha_1.50,16,1.5,none,0.0,0,LOCO AUROC alone,0.6966789996194809
217,portable,portable_alpha_1.50,17,1.5,none,0.0,0,LOCO AUROC alone,0.7481996949715677
218,portable,portable_alpha_1.50,18,1.5,none,0.0,0,LOCO AUROC alone,0.6417956706500147
219,portable,portable_alpha_1.50,19,1.5,none,0.0,0,LOCO AUROC alone,0.611472855259068
220,portable,portable_alpha_1.50,20,1.5,none,0.0,0,LOCO AUROC alone,0.6932734446901738
221,portable,portable_alpha_1.50,21,1.5,none,0.0,0,LOCO AUROC alone,0.6456335358019549
222,portable,portable_alpha_1.50,22,1.5,none,0.0,0,LOCO AUROC alone,0.6547418270498184
223,portable,portable_alpha_1.50,23,1.5,none,0.0,0,LOCO AUROC alone,0.6352856233555764
224,portable,portable_alpha_1.50,24,1.5,none,0.0,0,LOCO AUROC alone,0.6723692944050208
225,portable,portable_alpha_1.50,25,1.5,none,0.0,0,LOCO AUROC alone,0.5852645046567186
226,portable,portable_alpha_1.50,26,1.5,none,0.0,0,LOCO AUROC alone,0.6404557961088528
227,portable,portable_alpha_1.50,27,1.5,none,0.0,0,LOCO AUROC alone,0.7284427900517525
228,portable,portable_alpha_1.50,28,1.5,none,0.0,0,LOCO AUROC alone,0.5691230981176088
229,portable,portable_alpha_1.50,29,1.5,none,0.0,0,LOCO AUROC alone,0.623614029772126
230,portable,portable_alpha_1.50,30,1.5,none,0.0,0,LOCO AUROC alone,0.7481912954598591
231,portable,portable_alpha_1.50,31,1.5,none,0.0,0,LOCO AUROC alone,0.6286090648026235
232,portable,portable_alpha_1.50,32,1.5,none,0.0,0,LOCO AUROC alone,0.6330434322394869
233,portable,portable_alpha_1.50,33,1.5,none,0.0,0,LOCO AUROC alone,0.6384215851839112
234,portable,portable_alpha_1.50,34,1.5,none,0.0,0,LOCO AUROC alone,0.6656662458357825
235,portable,portable_alpha_1.50,35,1.5,none,0.0,0,LOCO AUROC alone,0.6836685550539936
236,portable,portable_alpha_1.50,36,1.5,none,0.0,0,LOCO AUROC alone,0.674733760020958
237,portable,portable_alpha_1.50,37,1.5,none,0.0,0,LOCO AUROC alone,0.6987095781768291
238,portable,portable_alpha_1.50,38,1.5,none,0.0,0,LOCO AUROC alone,0.6559866791803968
239,portable,portable_alpha_1.50,39,1.5,none,0.0,0,LOCO AUROC alone,0.7333474228831414
240,portable,portable_alpha_1.50,40,1.5,none,0.0,0,LOCO AUROC alone,0.6462170901679141
241,portable,portable_alpha_1.50,41,1.5,none,0.0,0,LOCO AUROC alone,0.7455020156434256
242,portable,portable_alpha_1.50,42,1.5,none,0.0,0,LOCO AUROC alone,0.6538821137278727
243,portable,portable_alpha_1.50,43,1.5,none,0.0,0,LOCO AUROC alone,0.6219984561350735
244,portable,portable_alpha_1.50,44,1.5,none,0.0,0,LOCO AUROC alone,0.6110232498193715
245,portable,portable_alpha_1.50,45,1.5,none,0.0,0,LOCO AUROC alone,0.5934901159818413
246,portable,portable_alpha_1.50,46,1.5,none,0.0,0,LOCO AUROC alone,0.6636209446544539
247,portable,portable_alpha_1.50,47,1.5,none,0.0,0,LOCO AUROC alone,0.638126478825894
248,portable,portable_alpha_1.50,48,1.5,none,0.0,0,LOCO AUROC alone,0.6833393359346829
249,portable,portable_alpha_1.50,49,1.5,none,0.0,0,LOCO AUROC alone,0.634063851003452
250,portable,portable_alpha_1.50,50,1.5,none,0.0,0,LOCO AUROC alone,0.6629497803738111
251,nonportable,nonportable_low,1,1.0,low,0.25,1,LOCO AUROC alone,0.7117272269118151
252,nonportable,nonportable_low,2,1.0,low,0.25,1,LOCO AUROC alone,0.6811338800451534
253,nonportable,nonportable_low,3,1.0,low,0.25,1,LOCO AUROC alone,0.7064597778715125
254,nonportable,nonportable_low,4,1.0,low,0.25,1,LOCO AUROC alone,0.6621095428068342
255,nonportable,nonportable_low,5,1.0,low,0.25,1,LOCO AUROC alone,0.6950353876265205
256,nonportable,nonportable_low,6,1.0,low,0.25,1,LOCO AUROC alone,0.8241004828286389
257,nonportable,nonportable_low,7,1.0,low,0.25,1,LOCO AUROC alone,0.7152554442054002
258,nonportable,nonportable_low,8,1.0,low,0.25,1,LOCO AUROC alone,0.8235108237199471
259,nonportable,nonportable_low,9,1.0,low,0.25,1,LOCO AUROC alone,0.7446096984637312
260,nonportable,nonportable_low,10,1.0,low,0.25,1,LOCO AUROC alone,0.6908880517433149
261,nonportable,nonportable_low,11,1.0,low,0.25,1,LOCO AUROC alone,0.8055330460732373
262,nonportable,nonportable_low,12,1.0,low,0.25,1,LOCO AUROC alone,0.8748750140229538
263,nonportable,nonportable_low,13,1.0,low,0.25,1,LOCO AUROC alone,0.6880989044306938
264,nonportable,nonportable_low,14,1.0,low,0.25,1,LOCO AUROC alone,0.6542711493306388
265,nonportable,nonportable_low,15,1.0,low,0.25,1,LOCO AUROC alone,0.7666790725174533
266,nonportable,nonportable_low,16,1.0,low,0.25,1,LOCO AUROC alone,0.7207949214759168
267,nonportable,nonportable_low,17,1.0,low,0.25,1,LOCO AUROC alone,0.86401998771371
268,nonportable,nonportable_low,18,1.0,low,0.25,1,LOCO AUROC alone,0.6712671595128368
269,nonportable,nonportable_low,19,1.0,low,0.25,1,LOCO AUROC alone,0.705064190228843
270,nonportable,nonportable_low,20,1.0,low,0.25,1,LOCO AUROC alone,0.7751202855357058
271,nonportable,nonportable_low,21,1.0,low,0.25,1,LOCO AUROC alone,0.7751956133133957
272,nonportable,nonportable_low,22,1.0,low,0.25,1,LOCO AUROC alone,0.8662892879930528
273,nonportable,nonportable_low,23,1.0,low,0.25,1,LOCO AUROC alone,0.7766648950613562
274,nonportable,nonportable_low,24,1.0,low,0.25,1,LOCO AUROC alone,0.660378210921156
275,nonportable,nonportable_low,25,1.0,low,0.25,1,LOCO AUROC alone,0.7457130627755417
276,nonportable,nonportable_low,26,1.0,low,0.25,1,LOCO AUROC alone,0.805584547432437
277,nonportable,nonportable_low,27,1.0,low,0.25,1,LOCO AUROC alone,0.6974811058978356
278,nonportable,nonportable_low,28,1.0,low,0.25,1,LOCO AUROC alone,0.7482569875121647
279,nonportable,nonportable_low,29,1.0,low,0.25,1,LOCO AUROC alone,0.7567208916841521
280,nonportable,nonportable_low,30,1.0,low,0.25,1,LOCO AUROC alone,0.93106684414704
281,nonportable,nonportable_low,31,1.0,low,0.25,1,LOCO AUROC alone,0.7078844738223908
282,nonportable,nonportable_low,32,1.0,low,0.25,1,LOCO AUROC alone,0.6772745519893604
283,nonportable,nonportable_low,33,1.0,low,0.25,1,LOCO AUROC alone,0.8232043920829357
284,nonportable,nonportable_low,34,1.0,low,0.25,1,LOCO AUROC alone,0.6827310673969709
285,nonportable,nonportable_low,35,1.0,low,0.25,1,LOCO AUROC alone,0.7207596292761851
286,nonportable,nonportable_low,36,1.0,low,0.25,1,LOCO AUROC alone,0.6702814859713431
287,nonportable,nonportable_low,37,1.0,low,0.25,1,LOCO AUROC alone,0.7085716838746519
288,nonportable,nonportable_low,38,1.0,low,0.25,1,LOCO AUROC alone,0.7549318768194571
289,nonportable,nonportable_low,39,1.0,low,0.25,1,LOCO AUROC alone,0.7452701946679972
290,nonportable,nonportable_low,40,1.0,low,0.25,1,LOCO AUROC alone,0.8199230677899145
291,nonportable,nonportable_low,41,1.0,low,0.25,1,LOCO AUROC alone,0.7685736857129715
292,nonportable,nonportable_low,42,1.0,low,0.25,1,LOCO AUROC alone,0.7153551802650944
293,nonportable,nonportable_low,43,1.0,low,0.25,1,LOCO AUROC alone,0.8308613156345099
294,nonportable,nonportable_low,44,1.0,low,0.25,1,LOCO AUROC alone,0.7774961243508025
295,nonportable,nonportable_low,45,1.0,low,0.25,1,LOCO AUROC alone,0.8370663319624467
296,nonportable,nonportable_low,46,1.0,low,0.25,1,LOCO AUROC alone,0.725859126301934
297,nonportable,nonportable_low,47,1.0,low,0.25,1,LOCO AUROC alone,0.6418835390289264
298,nonportable,nonportable_low,48,1.0,low,0.25,1,LOCO AUROC alone,0.7463329493592317
299,nonportable,nonportable_low,49,1.0,low,0.25,1,LOCO AUROC alone,0.7151533624657904
300,nonportable,nonportable_low,50,1.0,low,0.25,1,LOCO AUROC alone,0.8130018595320043
301,nonportable,nonportable_moderate,1,1.0,moderate,0.5,1,LOCO AUROC alone,0.7760377888926298
302,nonportable,nonportable_moderate,2,1.0,moderate,0.5,1,LOCO AUROC alone,0.7702141113364493
303,nonportable,nonportable_moderate,3,1.0,moderate,0.5,1,LOCO AUROC alone,0.6817647115711802
304,nonportable,nonportable_moderate,4,1.0,moderate,0.5,1,LOCO AUROC alone,0.7586998343808371
305,nonportable,nonportable_moderate,5,1.0,moderate,0.5,1,LOCO AUROC alone,0.8080933771616243
306,nonportable,nonportable_moderate,6,1.0,moderate,0.5,1,LOCO AUROC alone,0.6583930899590842
307,nonportable,nonportable_moderate,7,1.0,moderate,0.5,1,LOCO AUROC alone,0.770791921751421
308,nonportable,nonportable_moderate,8,1.0,moderate,0.5,1,LOCO AUROC alone,0.7128570622052162
309,nonportable,nonportable_moderate,9,1.0,moderate,0.5,1,LOCO AUROC alone,0.832491879926583
310,nonportable,nonportable_moderate,10,1.0,moderate,0.5,1,LOCO AUROC alone,0.8489831539193251
311,nonportable,nonportable_moderate,11,1.0,moderate,0.5,1,LOCO AUROC alone,0.6598370413113137
312,nonportable,nonportable_moderate,12,1.0,moderate,0.5,1,LOCO AUROC alone,0.7159900403139547
313,nonportable,nonportable_moderate,13,1.0,moderate,0.5,1,LOCO AUROC alone,0.7048919678967844
314,nonportable,nonportable_moderate,14,1.0,moderate,0.5,1,LOCO AUROC alone,0.7639390904051282
315,nonportable,nonportable_moderate,15,1.0,moderate,0.5,1,LOCO AUROC alone,0.8718032910532971
316,nonportable,nonportable_moderate,16,1.0,moderate,0.5,1,LOCO AUROC alone,0.7990262640222681
317,nonportable,nonportable_moderate,17,1.0,moderate,0.5,1,LOCO AUROC alone,0.7543444891397979
318,nonportable,nonportable_moderate,18,1.0,moderate,0.5,1,LOCO AUROC alone,0.7678676681096437
319,nonportable,nonportable_moderate,19,1.0,moderate,0.5,1,LOCO AUROC alone,0.7365222868942563
320,nonportable,nonportable_moderate,20,1.0,moderate,0.5,1,LOCO AUROC alone,0.7377435271295563
321,nonportable,nonportable_moderate,21,1.0,moderate,0.5,1,LOCO AUROC alone,0.7470684468292987
322,nonportable,nonportable_moderate,22,1.0,moderate,0.5,1,LOCO AUROC alone,0.72984732819918
323,nonportable,nonportable_moderate,23,1.0,moderate,0.5,1,LOCO AUROC alone,0.8045342858427078
324,nonportable,nonportable_moderate,24,1.0,moderate,0.5,1,LOCO AUROC alone,0.7597488832928609
325,nonportable,nonportable_moderate,25,1.0,moderate,0.5,1,LOCO AUROC alone,0.7350819527578929
326,nonportable,nonportable_moderate,26,1.0,moderate,0.5,1,LOCO AUROC alone,0.7624940161332148
327,nonportable,nonportable_moderate,27,1.0,moderate,0.5,1,LOCO AUROC alone,0.777173206095704
328,nonportable,nonportable_moderate,28,1.0,moderate,0.5,1,LOCO AUROC alone,0.7971850995625809
329,nonportable,nonportable_moderate,29,1.0,moderate,0.5,1,LOCO AUROC alone,0.7249233220621678
330,nonportable,nonportable_moderate,30,1.0,moderate,0.5,1,LOCO AUROC alone,0.7526031088111123
331,nonportable,nonportable_moderate,31,1.0,moderate,0.5,1,LOCO AUROC alone,0.8033770781439149
332,nonportable,nonportable_moderate,32,1.0,moderate,0.5,1,LOCO AUROC alone,0.7847945409514845
333,nonportable,nonportable_moderate,33,1.0,moderate,0.5,1,LOCO AUROC alone,0.7653807948490063
334,nonportable,nonportable_moderate,34,1.0,moderate,0.5,1,LOCO AUROC alone,0.6981120091337327
335,nonportable,nonportable_moderate,35,1.0,moderate,0.5,1,LOCO AUROC alone,0.8534892000133716
336,nonportable,nonportable_moderate,36,1.0,moderate,0.5,1,LOCO AUROC alone,0.8210442089286343
337,nonportable,nonportable_moderate,37,1.0,moderate,0.5,1,LOCO AUROC alone,0.6654486494669112
338,nonportable,nonportable_moderate,38,1.0,moderate,0.5,1,LOCO AUROC alone,0.7554257140713643
339,nonportable,nonportable_moderate,39,1.0,moderate,0.5,1,LOCO AUROC alone,0.799127547790454
340,nonportable,nonportable_moderate,40,1.0,moderate,0.5,1,LOCO AUROC alone,0.754468839896185
341,nonportable,nonportable_moderate,41,1.0,moderate,0.5,1,LOCO AUROC alone,0.7936187801607995
342,nonportable,nonportable_moderate,42,1.0,moderate,0.5,1,LOCO AUROC alone,0.7182341069044427
343,nonportable,nonportable_moderate,43,1.0,moderate,0.5,1,LOCO AUROC alone,0.6863324069104337
344,nonportable,nonportable_moderate,44,1.0,moderate,0.5,1,LOCO AUROC alone,0.7776507179042931
345,nonportable,nonportable_moderate,45,1.0,moderate,0.5,1,LOCO AUROC alone,0.7364082904999372
346,nonportable,nonportable_moderate,46,1.0,moderate,0.5,1,LOCO AUROC alone,0.8357760220213297
347,nonportable,nonportable_moderate,47,1.0,moderate,0.5,1,LOCO AUROC alone,0.6637065782282592
348,nonportable,nonportable_moderate,48,1.0,moderate,0.5,1,LOCO AUROC alone,0.6673395420692989
349,nonportable,nonportable_moderate,49,1.0,moderate,0.5,1,LOCO AUROC alone,0.8233388483809192
350,nonportable,nonportable_moderate,50,1.0,moderate,0.5,1,LOCO AUROC alone,0.7450609892159097
351,nonportable,nonportable_high,1,1.0,high,1.0,1,LOCO AUROC alone,0.9358776137835224
352,nonportable,nonportable_high,2,1.0,high,1.0,1,LOCO AUROC alone,1.0
353,nonportable,nonportable_high,3,1.0,high,1.0,1,LOCO AUROC alone,0.9032280692144192
354,nonportable,nonportable_high,4,1.0,high,1.0,1,LOCO AUROC alone,1.0
355,nonportable,nonportable_high,5,1.0,high,1.0,1,LOCO AUROC alone,1.0
356,nonportable,nonportable_high,6,1.0,high,1.0,1,LOCO AUROC alone,0.8824327112434491
357,nonportable,nonportable_high,7,1.0,high,1.0,1,LOCO AUROC alone,1.0
358,nonportable,nonportable_high,8,1.0,high,1.0,1,LOCO AUROC alone,1.0
359,nonportable,nonportable_high,9,1.0,high,1.0,1,LOCO AUROC alone,0.8918895530353377
360,nonportable,nonportable_high,10,1.0,high,1.0,1,LOCO AUROC alone,0.99255804946808
361,nonportable,nonportable_high,11,1.0,high,1.0,1,LOCO AUROC alone,1.0
362,nonportable,nonportable_high,12,1.0,high,1.0,1,LOCO AUROC alone,1.0
363,nonportable,nonportable_high,13,1.0,high,1.0,1,LOCO AUROC alone,0.8725372911157494
364,nonportable,nonportable_high,14,1.0,high,1.0,1,LOCO AUROC alone,0.9345147940707116
365,nonportable,nonportable_high,15,1.0,high,1.0,1,LOCO AUROC alone,0.9715364147769172
366,nonportable,nonportable_high,16,1.0,high,1.0,1,LOCO AUROC alone,0.9276580828718972
367,nonportable,nonportable_high,17,1.0,high,1.0,1,LOCO AUROC alone,0.8723237125304062
368,nonportable,nonportable_high,18,1.0,high,1.0,1,LOCO AUROC alone,1.0
369,nonportable,nonportable_high,19,1.0,high,1.0,1,LOCO AUROC alone,0.852912520420505
370,nonportable,nonportable_high,20,1.0,high,1.0,1,LOCO AUROC alone,0.8869312840423245
371,nonportable,nonportable_high,21,1.0,high,1.0,1,LOCO AUROC alone,1.0
372,nonportable,nonportable_high,22,1.0,high,1.0,1,LOCO AUROC alone,0.8531281971367142
373,nonportable,nonportable_high,23,1.0,high,1.0,1,LOCO AUROC alone,1.0
374,nonportable,nonportable_high,24,1.0,high,1.0,1,LOCO AUROC alone,0.9346803213637324
375,nonportable,nonportable_high,25,1.0,high,1.0,1,LOCO AUROC alone,0.9209366379229896
376,nonportable,nonportable_high,26,1.0,high,1.0,1,LOCO AUROC alone,1.0
377,nonportable,nonportable_high,27,1.0,high,1.0,1,LOCO AUROC alone,0.9508502447816408
378,nonportable,nonportable_high,28,1.0,high,1.0,1,LOCO AUROC alone,0.8267709958903586
379,nonportable,nonportable_high,29,1.0,high,1.0,1,LOCO AUROC alone,0.8940487490043689
380,nonportable,nonportable_high,30,1.0,high,1.0,1,LOCO AUROC alone,0.9956274134839151
381,nonportable,nonportable_high,31,1.0,high,1.0,1,LOCO AUROC alone,0.9780356086842534
382,nonportable,nonportable_high,32,1.0,high,1.0,1,LOCO AUROC alone,0.920260926612771
383,nonportable,nonportable_high,33,1.0,high,1.0,1,LOCO AUROC alone,0.8968017174009197
384,nonportable,nonportable_high,34,1.0,high,1.0,1,LOCO AUROC alone,1.0
385,nonportable,nonportable_high,35,1.0,high,1.0,1,LOCO AUROC alone,0.9891450560739792
386,nonportable,nonportable_high,36,1.0,high,1.0,1,LOCO AUROC alone,0.9604262039530214
387,nonportable,nonportable_high,37,1.0,high,1.0,1,LOCO AUROC alone,1.0
388,nonportable,nonportable_high,38,1.0,high,1.0,1,LOCO AUROC alone,0.9762529605210986
389,nonportable,nonportable_high,39,1.0,high,1.0,1,LOCO AUROC alone,1.0
390,nonportable,nonportable_high,40,1.0,high,1.0,1,LOCO AUROC alone,0.9301488576010684
391,nonportable,nonportable_high,41,1.0,high,1.0,1,LOCO AUROC alone,0.9595151774194856
392,nonportable,nonportable_high,42,1.0,high,1.0,1,LOCO AUROC alone,0.989649712463362
393,nonportable,nonportable_high,43,1.0,high,1.0,1,LOCO AUROC alone,0.9223432828447572
394,nonportable,nonportable_high,44,1.0,high,1.0,1,LOCO AUROC alone,0.9102162612302178
395,nonportable,nonportable_high,45,1.0,high,1.0,1,LOCO AUROC alone,0.9984184157770352
396,nonportable,nonportable_high,46,1.0,high,1.0,1,LOCO AUROC alone,0.9356108468630228
397,nonportable,nonportable_high,47,1.0,high,1.0,1,LOCO AUROC alone,0.9942254260186036
398,nonportable,nonportable_high,48,1.0,high,1.0,1,LOCO AUROC alone,0.7390518762557707
399,nonportable,nonportable_high,49,1.0,high,1.0,1,LOCO AUROC alone,0.8549912677292666
400,nonportable,nonportable_high,50,1.0,high,1.0,1,LOCO AUROC alone,0.9957237980312011
51,portable,portable_alpha_0.25,1,0.25,none,0.0,0,feature instability alone,0.7474747474747474
52,portable,portable_alpha_0.25,2,0.25,none,0.0,0,feature instability alone,0.6953405017921146
53,portable,portable_alpha_0.25,3,0.25,none,0.0,0,feature instability alone,0.7610689437065149
54,portable,portable_alpha_0.25,4,0.25,none,0.0,0,feature instability alone,0.6626984126984128
55,portable,portable_alpha_0.25,5,0.25,none,0.0,0,feature instability alone,0.7467320261437909
56,portable,portable_alpha_0.25,6,0.25,none,0.0,0,feature instability alone,0.6917450365726228
57,portable,portable_alpha_0.25,7,0.25,none,0.0,0,feature instability alone,0.6770353302611367
58,portable,portable_alpha_0.25,8,0.25,none,0.0,0,feature instability alone,0.8235294117647058
59,portable,portable_alpha_0.25,9,0.25,none,0.0,0,feature instability alone,0.747628083491461
60,portable,portable_alpha_0.25,10,0.25,none,0.0,0,feature instability alone,0.7824463118580766
61,portable,portable_alpha_0.25,11,0.25,none,0.0,0,feature instability alone,0.6944444444444444
62,portable,portable_alpha_0.25,12,0.25,none,0.0,0,feature instability alone,0.6917450365726228
63,portable,portable_alpha_0.25,13,0.25,none,0.0,0,feature instability alone,0.6953405017921146
64,portable,portable_alpha_0.25,14,0.25,none,0.0,0,feature instability alone,0.7745098039215687
65,portable,portable_alpha_0.25,15,0.25,none,0.0,0,feature instability alone,0.7365591397849462
66,portable,portable_alpha_0.25,16,0.25,none,0.0,0,feature instability alone,0.7752525252525252
67,portable,portable_alpha_0.25,17,0.25,none,0.0,0,feature instability alone,0.7752525252525252
68,portable,portable_alpha_0.25,18,0.25,none,0.0,0,feature instability alone,0.7626262626262627
69,portable,portable_alpha_0.25,19,0.25,none,0.0,0,feature instability alone,0.8116458704693998
70,portable,portable_alpha_0.25,20,0.25,none,0.0,0,feature instability alone,0.6666666666666667
71,portable,portable_alpha_0.25,21,0.25,none,0.0,0,feature instability alone,0.7087813620071686
72,portable,portable_alpha_0.25,22,0.25,none,0.0,0,feature instability alone,0.7745098039215687
73,portable,portable_alpha_0.25,23,0.25,none,0.0,0,feature instability alone,0.7060819541353467
74,portable,portable_alpha_0.25,24,0.25,none,0.0,0,feature instability alone,0.6656779137313065
75,portable,portable_alpha_0.25,25,0.25,none,0.0,0,feature instability alone,0.8214285714285714
76,portable,portable_alpha_0.25,26,0.25,none,0.0,0,feature instability alone,0.7983405483405484
77,portable,portable_alpha_0.25,27,0.25,none,0.0,0,feature instability alone,0.6953405017921146
78,portable,portable_alpha_0.25,28,0.25,none,0.0,0,feature instability alone,0.7474747474747474
79,portable,portable_alpha_0.25,29,0.25,none,0.0,0,feature instability alone,0.822850352262117
80,portable,portable_alpha_0.25,30,0.25,none,0.0,0,feature instability alone,0.7365591397849462
81,portable,portable_alpha_0.25,31,0.25,none,0.0,0,feature instability alone,0.8079877112135176
82,portable,portable_alpha_0.25,32,0.25,none,0.0,0,feature instability alone,0.7593582887700535
83,portable,portable_alpha_0.25,33,0.25,none,0.0,0,feature instability alone,0.7365591397849462
84,portable,portable_alpha_0.25,34,0.25,none,0.0,0,feature instability alone,0.747628083491461
85,portable,portable_alpha_0.25,35,0.25,none,0.0,0,feature instability alone,0.6934556915090841
86,portable,portable_alpha_0.25,36,0.25,none,0.0,0,feature instability alone,0.822850352262117
87,portable,portable_alpha_0.25,37,0.25,none,0.0,0,feature instability alone,0.7967832294208006
88,portable,portable_alpha_0.25,38,0.25,none,0.0,0,feature instability alone,0.6800148312940304
89,portable,portable_alpha_0.25,39,0.25,none,0.0,0,feature instability alone,0.7871360665478312
90,portable,portable_alpha_0.25,40,0.25,none,0.0,0,feature instability alone,0.7752525252525252
91,portable,portable_alpha_0.25,41,0.25,none,0.0,0,feature instability alone,0.663594470046083
92,portable,portable_alpha_0.25,42,0.25,none,0.0,0,feature instability alone,0.6944444444444444
93,portable,portable_alpha_0.25,43,0.25,none,0.0,0,feature instability alone,0.75
94,portable,portable_alpha_0.25,44,0.25,none,0.0,0,feature instability alone,0.7214076246334311
95,portable,portable_alpha_0.25,45,0.25,none,0.0,0,feature instability alone,0.7096774193548387
96,portable,portable_alpha_0.25,46,0.25,none,0.0,0,feature instability alone,0.7365591397849462
97,portable,portable_alpha_0.25,47,0.25,none,0.0,0,feature instability alone,0.6944444444444444
98,portable,portable_alpha_0.25,48,0.25,none,0.0,0,feature instability alone,0.7491854024112088
99,portable,portable_alpha_0.25,49,0.25,none,0.0,0,feature instability alone,0.7962962962962963
100,portable,portable_alpha_0.25,50,0.25,none,0.0,0,feature instability alone,0.7444956477214542
101,portable,portable_alpha_0.50,1,0.5,none,0.0,0,feature instability alone,0.7997623291740938
102,portable,portable_alpha_0.50,2,0.5,none,0.0,0,feature instability alone,0.6953405017921146
103,portable,portable_alpha_0.50,3,0.5,none,0.0,0,feature instability alone,0.7491854024112088
104,portable,portable_alpha_0.50,4,0.5,none,0.0,0,feature instability alone,0.7231182795698925
105,portable,portable_alpha_0.50,5,0.5,none,0.0,0,feature instability alone,0.8102240896358543
106,portable,portable_alpha_0.50,6,0.5,none,0.0,0,feature instability alone,0.8102240896358543
107,portable,portable_alpha_0.50,7,0.5,none,0.0,0,feature instability alone,0.7214076246334311
108,portable,portable_alpha_0.50,8,0.5,none,0.0,0,feature instability alone,0.8102240896358543
109,portable,portable_alpha_0.50,9,0.5,none,0.0,0,feature instability alone,0.7068965517241379
110,portable,portable_alpha_0.50,10,0.5,none,0.0,0,feature instability alone,0.7752525252525252
111,portable,portable_alpha_0.50,11,0.5,none,0.0,0,feature instability alone,0.7930283224400871
112,portable,portable_alpha_0.50,12,0.5,none,0.0,0,feature instability alone,0.7610689437065149
113,portable,portable_alpha_0.50,13,0.5,none,0.0,0,feature instability alone,0.747628083491461
114,portable,portable_alpha_0.50,14,0.5,none,0.0,0,feature instability alone,0.6656779137313065
115,portable,portable_alpha_0.50,15,0.5,none,0.0,0,feature instability alone,0.7467320261437909
116,portable,portable_alpha_0.50,16,0.5,none,0.0,0,feature instability alone,0.6944444444444444
117,portable,portable_alpha_0.50,17,0.5,none,0.0,0,feature instability alone,0.7365591397849462
118,portable,portable_alpha_0.50,18,0.5,none,0.0,0,feature instability alone,0.7745098039215687
119,portable,portable_alpha_0.50,19,0.5,none,0.0,0,feature instability alone,0.7990196078431372
120,portable,portable_alpha_0.50,20,0.5,none,0.0,0,feature instability alone,0.7736952063327774
121,portable,portable_alpha_0.50,21,0.5,none,0.0,0,feature instability alone,0.810966810966811
122,portable,portable_alpha_0.50,22,0.5,none,0.0,0,feature instability alone,0.7848996881254946
123,portable,portable_alpha_0.50,23,0.5,none,0.0,0,feature instability alone,0.7871360665478312
124,portable,portable_alpha_0.50,24,0.5,none,0.0,0,feature instability alone,0.6637931034482758
125,portable,portable_alpha_0.50,25,0.5,none,0.0,0,feature instability alone,0.7705627705627706
126,portable,portable_alpha_0.50,26,0.5,none,0.0,0,feature instability alone,0.7214076246334311
127,portable,portable_alpha_0.50,27,0.5,none,0.0,0,feature instability alone,0.7878787878787878
128,portable,portable_alpha_0.50,28,0.5,none,0.0,0,feature instability alone,0.7736952063327774
129,portable,portable_alpha_0.50,29,0.5,none,0.0,0,feature instability alone,0.6513409961685823
130,portable,portable_alpha_0.50,30,0.5,none,0.0,0,feature instability alone,0.8208061002178649
131,portable,portable_alpha_0.50,31,0.5,none,0.0,0,feature instability alone,0.7610689437065149
132,portable,portable_alpha_0.50,32,0.5,none,0.0,0,feature instability alone,0.7857142857142857
133,portable,portable_alpha_0.50,33,0.5,none,0.0,0,feature instability alone,0.6360153256704981
134,portable,portable_alpha_0.50,34,0.5,none,0.0,0,feature instability alone,0.7467320261437909
135,portable,portable_alpha_0.50,35,0.5,none,0.0,0,feature instability alone,0.8142428142428143
136,portable,portable_alpha_0.50,36,0.5,none,0.0,0,feature instability alone,0.7871360665478312
137,portable,portable_alpha_0.50,37,0.5,none,0.0,0,feature instability alone,0.8334323628441276
138,portable,portable_alpha_0.50,38,0.5,none,0.0,0,feature instability alone,0.7848996881254946
139,portable,portable_alpha_0.50,39,0.5,none,0.0,0,feature instability alone,0.7467320261437909
140,portable,portable_alpha_0.50,40,0.5,none,0.0,0,feature instability alone,0.7552371000646863
141,portable,portable_alpha_0.50,41,0.5,none,0.0,0,feature instability alone,0.7195228143504006
142,portable,portable_alpha_0.50,42,0.5,none,0.0,0,feature instability alone,0.7231182795698925
143,portable,portable_alpha_0.50,43,0.5,none,0.0,0,feature instability alone,0.6791187739463602
144,portable,portable_alpha_0.50,44,0.5,none,0.0,0,feature instability alone,0.7671206413599923
145,portable,portable_alpha_0.50,45,0.5,none,0.0,0,feature instability alone,0.7467320261437909
146,portable,portable_alpha_0.50,46,0.5,none,0.0,0,feature instability alone,0.7712418300653595
147,portable,portable_alpha_0.50,47,0.5,none,0.0,0,feature instability alone,0.7997623291740938
148,portable,portable_alpha_0.50,48,0.5,none,0.0,0,feature instability alone,0.6917450365726228
149,portable,portable_alpha_0.50,49,0.5,none,0.0,0,feature instability alone,0.7491854024112088
150,portable,portable_alpha_0.50,50,0.5,none,0.0,0,feature instability alone,0.7871360665478312
151,portable,portable_alpha_1.00,1,1.0,none,0.0,0,feature instability alone,0.7314063556457066
152,portable,portable_alpha_1.00,2,1.0,none,0.0,0,feature instability alone,0.7736952063327774
153,portable,portable_alpha_1.00,3,1.0,none,0.0,0,feature instability alone,0.7231182795698925
154,portable,portable_alpha_1.00,4,1.0,none,0.0,0,feature instability alone,0.7593582887700535
155,portable,portable_alpha_1.00,5,1.0,none,0.0,0,feature instability alone,0.772273425499232
156,portable,portable_alpha_1.00,6,1.0,none,0.0,0,feature instability alone,0.7736952063327774
157,portable,portable_alpha_1.00,7,1.0,none,0.0,0,feature instability alone,0.7610689437065149
158,portable,portable_alpha_1.00,8,1.0,none,0.0,0,feature instability alone,0.6934556915090841
159,portable,portable_alpha_1.00,9,1.0,none,0.0,0,feature instability alone,0.75
160,portable,portable_alpha_1.00,10,1.0,none,0.0,0,feature instability alone,0.7752525252525252
161,portable,portable_alpha_1.00,11,1.0,none,0.0,0,feature instability alone,0.7626262626262627
162,portable,portable_alpha_1.00,12,1.0,none,0.0,0,feature instability alone,0.7214076246334311
163,portable,portable_alpha_1.00,13,1.0,none,0.0,0,feature instability alone,0.7087813620071686
164,portable,portable_alpha_1.00,14,1.0,none,0.0,0,feature instability alone,0.8116458704693998
165,portable,portable_alpha_1.00,15,1.0,none,0.0,0,feature instability alone,0.7967832294208006
166,portable,portable_alpha_1.00,16,1.0,none,0.0,0,feature instability alone,0.7467320261437909
167,portable,portable_alpha_1.00,17,1.0,none,0.0,0,feature instability alone,0.8102240896358543
168,portable,portable_alpha_1.00,18,1.0,none,0.0,0,feature instability alone,0.7474747474747474
169,portable,portable_alpha_1.00,19,1.0,none,0.0,0,feature instability alone,0.6656779137313065
170,portable,portable_alpha_1.00,20,1.0,none,0.0,0,feature instability alone,0.7618116650374714
171,portable,portable_alpha_1.00,21,1.0,none,0.0,0,feature instability alone,0.7189542483660131
172,portable,portable_alpha_1.00,22,1.0,none,0.0,0,feature instability alone,0.7855787476280834
173,portable,portable_alpha_1.00,23,1.0,none,0.0,0,feature instability alone,0.7087813620071685
174,portable,portable_alpha_1.00,24,1.0,none,0.0,0,feature instability alone,0.6473727422003284
175,portable,portable_alpha_1.00,25,1.0,none,0.0,0,feature instability alone,0.7871360665478312
176,portable,portable_alpha_1.00,26,1.0,none,0.0,0,feature instability alone,0.7087813620071685
177,portable,portable_alpha_1.00,27,1.0,none,0.0,0,feature instability alone,0.7087813620071686
178,portable,portable_alpha_1.00,28,1.0,none,0.0,0,feature instability alone,0.7491854024112088
179,portable,portable_alpha_1.00,29,1.0,none,0.0,0,feature instability alone,0.7871360665478312
180,portable,portable_alpha_1.00,30,1.0,none,0.0,0,feature instability alone,0.8102240896358543
181,portable,portable_alpha_1.00,31,1.0,none,0.0,0,feature instability alone,0.7365591397849462
182,portable,portable_alpha_1.00,32,1.0,none,0.0,0,feature instability alone,0.7871360665478312
183,portable,portable_alpha_1.00,33,1.0,none,0.0,0,feature instability alone,0.6934556915090841
184,portable,portable_alpha_1.00,34,1.0,none,0.0,0,feature instability alone,0.7990196078431372
185,portable,portable_alpha_1.00,35,1.0,none,0.0,0,feature instability alone,0.822850352262117
186,portable,portable_alpha_1.00,36,1.0,none,0.0,0,feature instability alone,0.7491854024112088
187,portable,portable_alpha_1.00,37,1.0,none,0.0,0,feature instability alone,0.7752525252525252
188,portable,portable_alpha_1.00,38,1.0,none,0.0,0,feature instability alone,0.7491854024112088
189,portable,portable_alpha_1.00,39,1.0,none,0.0,0,feature instability alone,0.8073652400028112
190,portable,portable_alpha_1.00,40,1.0,none,0.0,0,feature instability alone,0.7878787878787878
191,portable,portable_alpha_1.00,41,1.0,none,0.0,0,feature instability alone,0.7314063556457066
192,portable,portable_alpha_1.00,42,1.0,none,0.0,0,feature instability alone,0.7321490769766632
193,portable,portable_alpha_1.00,43,1.0,none,0.0,0,feature instability alone,0.7195228143504006
194,portable,portable_alpha_1.00,44,1.0,none,0.0,0,feature instability alone,0.7491854024112088
195,portable,portable_alpha_1.00,45,1.0,none,0.0,0,feature instability alone,0.6953405017921146
196,portable,portable_alpha_1.00,46,1.0,none,0.0,0,feature instability alone,0.7214076246334311
197,portable,portable_alpha_1.00,47,1.0,none,0.0,0,feature instability alone,0.7745098039215687
198,portable,portable_alpha_1.00,48,1.0,none,0.0,0,feature instability alone,0.7214076246334311
199,portable,portable_alpha_1.00,49,1.0,none,0.0,0,feature instability alone,0.7348484848484849
200,portable,portable_alpha_1.00,50,1.0,none,0.0,0,feature instability alone,0.7745098039215687
201,portable,portable_alpha_1.50,1,1.5,none,0.0,0,feature instability alone,0.7231182795698925
202,portable,portable_alpha_1.50,2,1.5,none,0.0,0,feature instability alone,0.7314063556457066
203,portable,portable_alpha_1.50,3,1.5,none,0.0,0,feature instability alone,0.7060819541353467
204,portable,portable_alpha_1.50,4,1.5,none,0.0,0,feature instability alone,0.7618116650374714
205,portable,portable_alpha_1.50,5,1.5,none,0.0,0,feature instability alone,0.7214076246334311
206,portable,portable_alpha_1.50,6,1.5,none,0.0,0,feature instability alone,0.7626262626262627
207,portable,portable_alpha_1.50,7,1.5,none,0.0,0,feature instability alone,0.7610689437065149
208,portable,portable_alpha_1.50,8,1.5,none,0.0,0,feature instability alone,0.7552371000646863
209,portable,portable_alpha_1.50,9,1.5,none,0.0,0,feature instability alone,0.7231182795698925
210,portable,portable_alpha_1.50,10,1.5,none,0.0,0,feature instability alone,0.5676392572944298
211,portable,portable_alpha_1.50,11,1.5,none,0.0,0,feature instability alone,0.7222222222222223
212,portable,portable_alpha_1.50,12,1.5,none,0.0,0,feature instability alone,0.7070707070707071
213,portable,portable_alpha_1.50,13,1.5,none,0.0,0,feature instability alone,0.7736952063327774
214,portable,portable_alpha_1.50,14,1.5,none,0.0,0,feature instability alone,0.6800148312940304
215,portable,portable_alpha_1.50,15,1.5,none,0.0,0,feature instability alone,0.7626262626262627
216,portable,portable_alpha_1.50,16,1.5,none,0.0,0,feature instability alone,0.8102240896358543
217,portable,portable_alpha_1.50,17,1.5,none,0.0,0,feature instability alone,0.7068965517241379
218,portable,portable_alpha_1.50,18,1.5,none,0.0,0,feature instability alone,0.7222222222222223
219,portable,portable_alpha_1.50,19,1.5,none,0.0,0,feature instability alone,0.6360153256704981
220,portable,portable_alpha_1.50,20,1.5,none,0.0,0,feature instability alone,0.7967832294208006
221,portable,portable_alpha_1.50,21,1.5,none,0.0,0,feature instability alone,0.7685185185185185
222,portable,portable_alpha_1.50,22,1.5,none,0.0,0,feature instability alone,0.7365591397849462
223,portable,portable_alpha_1.50,23,1.5,none,0.0,0,feature instability alone,0.7214076246334311
224,portable,portable_alpha_1.50,24,1.5,none,0.0,0,feature instability alone,0.7440326182719692
225,portable,portable_alpha_1.50,25,1.5,none,0.0,0,feature instability alone,0.7474747474747474
226,portable,portable_alpha_1.50,26,1.5,none,0.0,0,feature instability alone,0.810966810966811
227,portable,portable_alpha_1.50,27,1.5,none,0.0,0,feature instability alone,0.7626262626262627
228,portable,portable_alpha_1.50,28,1.5,none,0.0,0,feature instability alone,0.7365591397849462
229,portable,portable_alpha_1.50,29,1.5,none,0.0,0,feature instability alone,0.7626262626262627
230,portable,portable_alpha_1.50,30,1.5,none,0.0,0,feature instability alone,0.8565203859321506
231,portable,portable_alpha_1.50,31,1.5,none,0.0,0,feature instability alone,0.772273425499232
232,portable,portable_alpha_1.50,32,1.5,none,0.0,0,feature instability alone,0.6656779137313065
233,portable,portable_alpha_1.50,33,1.5,none,0.0,0,feature instability alone,0.7491854024112088
234,portable,portable_alpha_1.50,34,1.5,none,0.0,0,feature instability alone,0.7222222222222223
235,portable,portable_alpha_1.50,35,1.5,none,0.0,0,feature instability alone,0.649257552483359
236,portable,portable_alpha_1.50,36,1.5,none,0.0,0,feature instability alone,0.7752525252525252
237,portable,portable_alpha_1.50,37,1.5,none,0.0,0,feature instability alone,0.7610689437065149
238,portable,portable_alpha_1.50,38,1.5,none,0.0,0,feature instability alone,0.7068965517241379
239,portable,portable_alpha_1.50,39,1.5,none,0.0,0,feature instability alone,0.663594470046083
240,portable,portable_alpha_1.50,40,1.5,none,0.0,0,feature instability alone,0.7222222222222223
241,portable,portable_alpha_1.50,41,1.5,none,0.0,0,feature instability alone,0.7871360665478312
242,portable,portable_alpha_1.50,42,1.5,none,0.0,0,feature instability alone,0.7189542483660131
243,portable,portable_alpha_1.50,43,1.5,none,0.0,0,feature instability alone,0.6980920314253647
244,portable,portable_alpha_1.50,44,1.5,none,0.0,0,feature instability alone,0.8116458704693998
245,portable,portable_alpha_1.50,45,1.5,none,0.0,0,feature instability alone,0.7491854024112088
246,portable,portable_alpha_1.50,46,1.5,none,0.0,0,feature instability alone,0.7231182795698925
247,portable,portable_alpha_1.50,47,1.5,none,0.0,0,feature instability alone,0.75
248,portable,portable_alpha_1.50,48,1.5,none,0.0,0,feature instability alone,0.7857142857142857
249,portable,portable_alpha_1.50,49,1.5,none,0.0,0,feature instability alone,0.7745098039215687
250,portable,portable_alpha_1.50,50,1.5,none,0.0,0,feature instability alone,0.6917450365726228
251,nonportable,nonportable_low,1,1.0,low,0.25,1,feature instability alone,0.7231182795698925
252,nonportable,nonportable_low,2,1.0,low,0.25,1,feature instability alone,0.7070707070707071
253,nonportable,nonportable_low,3,1.0,low,0.25,1,feature instability alone,0.7214076246334311
254,nonportable,nonportable_low,4,1.0,low,0.25,1,feature instability alone,0.7610689437065149
255,nonportable,nonportable_low,5,1.0,low,0.25,1,feature instability alone,0.7752525252525252
256,nonportable,nonportable_low,6,1.0,low,0.25,1,feature instability alone,0.735744542196155
257,nonportable,nonportable_low,7,1.0,low,0.25,1,feature instability alone,0.6753246753246753
258,nonportable,nonportable_low,8,1.0,low,0.25,1,feature instability alone,0.7736952063327774
259,nonportable,nonportable_low,9,1.0,low,0.25,1,feature instability alone,0.7736952063327774
260,nonportable,nonportable_low,10,1.0,low,0.25,1,feature instability alone,0.7087813620071685
261,nonportable,nonportable_low,11,1.0,low,0.25,1,feature instability alone,0.7222222222222223
262,nonportable,nonportable_low,12,1.0,low,0.25,1,feature instability alone,0.7855787476280834
263,nonportable,nonportable_low,13,1.0,low,0.25,1,feature instability alone,0.7736952063327774
264,nonportable,nonportable_low,14,1.0,low,0.25,1,feature instability alone,0.7752525252525252
265,nonportable,nonportable_low,15,1.0,low,0.25,1,feature instability alone,0.7474747474747474
266,nonportable,nonportable_low,16,1.0,low,0.25,1,feature instability alone,0.7214076246334311
267,nonportable,nonportable_low,17,1.0,low,0.25,1,feature instability alone,0.7855787476280834
268,nonportable,nonportable_low,18,1.0,low,0.25,1,feature instability alone,0.772273425499232
269,nonportable,nonportable_low,19,1.0,low,0.25,1,feature instability alone,0.7068965517241379
270,nonportable,nonportable_low,20,1.0,low,0.25,1,feature instability alone,0.7491854024112088
271,nonportable,nonportable_low,21,1.0,low,0.25,1,feature instability alone,0.7491854024112088
272,nonportable,nonportable_low,22,1.0,low,0.25,1,feature instability alone,0.7060819541353467
273,nonportable,nonportable_low,23,1.0,low,0.25,1,feature instability alone,0.7365591397849462
274,nonportable,nonportable_low,24,1.0,low,0.25,1,feature instability alone,0.7189542483660131
275,nonportable,nonportable_low,25,1.0,low,0.25,1,feature instability alone,0.7467320261437909
276,nonportable,nonportable_low,26,1.0,low,0.25,1,feature instability alone,0.8235294117647058
277,nonportable,nonportable_low,27,1.0,low,0.25,1,feature instability alone,0.7491854024112088
278,nonportable,nonportable_low,28,1.0,low,0.25,1,feature instability alone,0.6031746031746033
279,nonportable,nonportable_low,29,1.0,low,0.25,1,feature instability alone,0.7348484848484849
280,nonportable,nonportable_low,30,1.0,low,0.25,1,feature instability alone,0.7195228143504006
281,nonportable,nonportable_low,31,1.0,low,0.25,1,feature instability alone,0.7491854024112088
282,nonportable,nonportable_low,32,1.0,low,0.25,1,feature instability alone,0.7610689437065149
283,nonportable,nonportable_low,33,1.0,low,0.25,1,feature instability alone,0.7474747474747474
284,nonportable,nonportable_low,34,1.0,low,0.25,1,feature instability alone,0.7070707070707071
285,nonportable,nonportable_low,35,1.0,low,0.25,1,feature instability alone,0.7195228143504006
286,nonportable,nonportable_low,36,1.0,low,0.25,1,feature instability alone,0.7474747474747474
287,nonportable,nonportable_low,37,1.0,low,0.25,1,feature instability alone,0.7954816987075052
288,nonportable,nonportable_low,38,1.0,low,0.25,1,feature instability alone,0.7467320261437909
289,nonportable,nonportable_low,39,1.0,low,0.25,1,feature instability alone,0.7348484848484849
290,nonportable,nonportable_low,40,1.0,low,0.25,1,feature instability alone,0.7983405483405484
291,nonportable,nonportable_low,41,1.0,low,0.25,1,feature instability alone,0.7824463118580766
292,nonportable,nonportable_low,42,1.0,low,0.25,1,feature instability alone,0.735744542196155
293,nonportable,nonportable_low,43,1.0,low,0.25,1,feature instability alone,0.7828554360812425
294,nonportable,nonportable_low,44,1.0,low,0.25,1,feature instability alone,0.8783068783068784
295,nonportable,nonportable_low,45,1.0,low,0.25,1,feature instability alone,0.7871360665478312
296,nonportable,nonportable_low,46,1.0,low,0.25,1,feature instability alone,0.7348484848484849
297,nonportable,nonportable_low,47,1.0,low,0.25,1,feature instability alone,0.6810035842293907
298,nonportable,nonportable_low,48,1.0,low,0.25,1,feature instability alone,0.7179654954306527
299,nonportable,nonportable_low,49,1.0,low,0.25,1,feature instability alone,0.7871360665478312
300,nonportable,nonportable_low,50,1.0,low,0.25,1,feature instability alone,0.7745098039215687
301,nonportable,nonportable_moderate,1,1.0,moderate,0.5,1,feature instability alone,0.6770353302611367
302,nonportable,nonportable_moderate,2,1.0,moderate,0.5,1,feature instability alone,0.7752525252525252
303,nonportable,nonportable_moderate,3,1.0,moderate,0.5,1,feature instability alone,0.6791187739463602
304,nonportable,nonportable_moderate,4,1.0,moderate,0.5,1,feature instability alone,0.7855787476280834
305,nonportable,nonportable_moderate,5,1.0,moderate,0.5,1,feature instability alone,0.7365591397849462
306,nonportable,nonportable_moderate,6,1.0,moderate,0.5,1,feature instability alone,0.6791187739463602
307,nonportable,nonportable_moderate,7,1.0,moderate,0.5,1,feature instability alone,0.7671206413599923
308,nonportable,nonportable_moderate,8,1.0,moderate,0.5,1,feature instability alone,0.7752525252525252
309,nonportable,nonportable_moderate,9,1.0,moderate,0.5,1,feature instability alone,0.7705627705627706
310,nonportable,nonportable_moderate,10,1.0,moderate,0.5,1,feature instability alone,0.7365591397849462
311,nonportable,nonportable_moderate,11,1.0,moderate,0.5,1,feature instability alone,0.7222222222222223
312,nonportable,nonportable_moderate,12,1.0,moderate,0.5,1,feature instability alone,0.6656779137313065
313,nonportable,nonportable_moderate,13,1.0,moderate,0.5,1,feature instability alone,0.7365591397849462
314,nonportable,nonportable_moderate,14,1.0,moderate,0.5,1,feature instability alone,0.7871360665478312
315,nonportable,nonportable_moderate,15,1.0,moderate,0.5,1,feature instability alone,0.6917450365726228
316,nonportable,nonportable_moderate,16,1.0,moderate,0.5,1,feature instability alone,0.7068965517241379
317,nonportable,nonportable_moderate,17,1.0,moderate,0.5,1,feature instability alone,0.7610689437065149
318,nonportable,nonportable_moderate,18,1.0,moderate,0.5,1,feature instability alone,0.7087813620071685
319,nonportable,nonportable_moderate,19,1.0,moderate,0.5,1,feature instability alone,0.7990196078431372
320,nonportable,nonportable_moderate,20,1.0,moderate,0.5,1,feature instability alone,0.7348484848484849
321,nonportable,nonportable_moderate,21,1.0,moderate,0.5,1,feature instability alone,0.7491854024112088
322,nonportable,nonportable_moderate,22,1.0,moderate,0.5,1,feature instability alone,0.7983405483405484
323,nonportable,nonportable_moderate,23,1.0,moderate,0.5,1,feature instability alone,0.7618116650374714
324,nonportable,nonportable_moderate,24,1.0,moderate,0.5,1,feature instability alone,0.7474747474747474
325,nonportable,nonportable_moderate,25,1.0,moderate,0.5,1,feature instability alone,0.747628083491461
326,nonportable,nonportable_moderate,26,1.0,moderate,0.5,1,feature instability alone,0.7087813620071685
327,nonportable,nonportable_moderate,27,1.0,moderate,0.5,1,feature instability alone,0.7983405483405484
328,nonportable,nonportable_moderate,28,1.0,moderate,0.5,1,feature instability alone,0.7848996881254946
329,nonportable,nonportable_moderate,29,1.0,moderate,0.5,1,feature instability alone,0.6666666666666667
330,nonportable,nonportable_moderate,30,1.0,moderate,0.5,1,feature instability alone,0.6791187739463602
331,nonportable,nonportable_moderate,31,1.0,moderate,0.5,1,feature instability alone,0.6791187739463602
332,nonportable,nonportable_moderate,32,1.0,moderate,0.5,1,feature instability alone,0.6626984126984128
333,nonportable,nonportable_moderate,33,1.0,moderate,0.5,1,feature instability alone,0.747628083491461
334,nonportable,nonportable_moderate,34,1.0,moderate,0.5,1,feature instability alone,0.7467320261437909
335,nonportable,nonportable_moderate,35,1.0,moderate,0.5,1,feature instability alone,0.7491854024112088
336,nonportable,nonportable_moderate,36,1.0,moderate,0.5,1,feature instability alone,0.747628083491461
337,nonportable,nonportable_moderate,37,1.0,moderate,0.5,1,feature instability alone,0.7752525252525252
338,nonportable,nonportable_moderate,38,1.0,moderate,0.5,1,feature instability alone,0.7848996881254946
339,nonportable,nonportable_moderate,39,1.0,moderate,0.5,1,feature instability alone,0.7736952063327774
340,nonportable,nonportable_moderate,40,1.0,moderate,0.5,1,feature instability alone,0.8315588315588316
341,nonportable,nonportable_moderate,41,1.0,moderate,0.5,1,feature instability alone,0.7231182795698925
342,nonportable,nonportable_moderate,42,1.0,moderate,0.5,1,feature instability alone,0.8334323628441276
343,nonportable,nonportable_moderate,43,1.0,moderate,0.5,1,feature instability alone,0.7068965517241379
344,nonportable,nonportable_moderate,44,1.0,moderate,0.5,1,feature instability alone,0.7752525252525252
345,nonportable,nonportable_moderate,45,1.0,moderate,0.5,1,feature instability alone,0.7222222222222223
346,nonportable,nonportable_moderate,46,1.0,moderate,0.5,1,feature instability alone,0.7321490769766632
347,nonportable,nonportable_moderate,47,1.0,moderate,0.5,1,feature instability alone,0.6944444444444444
348,nonportable,nonportable_moderate,48,1.0,moderate,0.5,1,feature instability alone,0.7031024531024531
349,nonportable,nonportable_moderate,49,1.0,moderate,0.5,1,feature instability alone,0.6953405017921146
350,nonportable,nonportable_moderate,50,1.0,moderate,0.5,1,feature instability alone,0.735744542196155
351,nonportable,nonportable_high,1,1.0,high,1.0,1,feature instability alone,0.7195228143504006
352,nonportable,nonportable_high,2,1.0,high,1.0,1,feature instability alone,0.7752525252525252
353,nonportable,nonportable_high,3,1.0,high,1.0,1,feature instability alone,0.6904761904761905
354,nonportable,nonportable_high,4,1.0,high,1.0,1,feature instability alone,0.7848996881254946
355,nonportable,nonportable_high,5,1.0,high,1.0,1,feature instability alone,0.6530315562573628
356,nonportable,nonportable_high,6,1.0,high,1.0,1,feature instability alone,0.7015451341827053
357,nonportable,nonportable_high,7,1.0,high,1.0,1,feature instability alone,0.7070707070707072
358,nonportable,nonportable_high,8,1.0,high,1.0,1,feature instability alone,0.6934556915090841
359,nonportable,nonportable_high,9,1.0,high,1.0,1,feature instability alone,0.6944444444444444
360,nonportable,nonportable_high,10,1.0,high,1.0,1,feature instability alone,0.7878787878787878
361,nonportable,nonportable_high,11,1.0,high,1.0,1,feature instability alone,0.7365591397849462
362,nonportable,nonportable_high,12,1.0,high,1.0,1,feature instability alone,0.6944444444444444
363,nonportable,nonportable_high,13,1.0,high,1.0,1,feature instability alone,0.7068965517241379
364,nonportable,nonportable_high,14,1.0,high,1.0,1,feature instability alone,0.7491854024112088
365,nonportable,nonportable_high,15,1.0,high,1.0,1,feature instability alone,0.7087813620071685
366,nonportable,nonportable_high,16,1.0,high,1.0,1,feature instability alone,0.6953405017921146
367,nonportable,nonportable_high,17,1.0,high,1.0,1,feature instability alone,0.7222222222222223
368,nonportable,nonportable_high,18,1.0,high,1.0,1,feature instability alone,0.6800148312940304
369,nonportable,nonportable_high,19,1.0,high,1.0,1,feature instability alone,0.7588325652841782
370,nonportable,nonportable_high,20,1.0,high,1.0,1,feature instability alone,0.6404052936311
371,nonportable,nonportable_high,21,1.0,high,1.0,1,feature instability alone,0.75
372,nonportable,nonportable_high,22,1.0,high,1.0,1,feature instability alone,0.7365591397849462
373,nonportable,nonportable_high,23,1.0,high,1.0,1,feature instability alone,0.7983405483405484
374,nonportable,nonportable_high,24,1.0,high,1.0,1,feature instability alone,0.6917450365726228
375,nonportable,nonportable_high,25,1.0,high,1.0,1,feature instability alone,0.7491854024112088
376,nonportable,nonportable_high,26,1.0,high,1.0,1,feature instability alone,0.6934556915090841
377,nonportable,nonportable_high,27,1.0,high,1.0,1,feature instability alone,0.6934556915090841
378,nonportable,nonportable_high,28,1.0,high,1.0,1,feature instability alone,0.7087813620071686
379,nonportable,nonportable_high,29,1.0,high,1.0,1,feature instability alone,0.7195228143504006
380,nonportable,nonportable_high,30,1.0,high,1.0,1,feature instability alone,0.7552371000646863
381,nonportable,nonportable_high,31,1.0,high,1.0,1,feature instability alone,0.7618116650374714
382,nonportable,nonportable_high,32,1.0,high,1.0,1,feature instability alone,0.7491854024112088
383,nonportable,nonportable_high,33,1.0,high,1.0,1,feature instability alone,0.7962962962962963
384,nonportable,nonportable_high,34,1.0,high,1.0,1,feature instability alone,0.650352243233222
385,nonportable,nonportable_high,35,1.0,high,1.0,1,feature instability alone,0.7610689437065149
386,nonportable,nonportable_high,36,1.0,high,1.0,1,feature instability alone,0.7871360665478312
387,nonportable,nonportable_high,37,1.0,high,1.0,1,feature instability alone,0.7712418300653595
388,nonportable,nonportable_high,38,1.0,high,1.0,1,feature instability alone,0.8208061002178649
389,nonportable,nonportable_high,39,1.0,high,1.0,1,feature instability alone,0.6513409961685823
390,nonportable,nonportable_high,40,1.0,high,1.0,1,feature instability alone,0.7148330596606458
391,nonportable,nonportable_high,41,1.0,high,1.0,1,feature instability alone,0.7626262626262627
392,nonportable,nonportable_high,42,1.0,high,1.0,1,feature instability alone,0.7440326182719692
393,nonportable,nonportable_high,43,1.0,high,1.0,1,feature instability alone,0.7365591397849462
394,nonportable,nonportable_high,44,1.0,high,1.0,1,feature instability alone,0.6953405017921146
395,nonportable,nonportable_high,45,1.0,high,1.0,1,feature instability alone,0.7060819541353467
396,nonportable,nonportable_high,46,1.0,high,1.0,1,feature instability alone,0.7195228143504006
397,nonportable,nonportable_high,47,1.0,high,1.0,1,feature instability alone,0.6934556915090841
398,nonportable,nonportable_high,48,1.0,high,1.0,1,feature instability alone,0.7736952063327774
399,nonportable,nonportable_high,49,1.0,high,1.0,1,feature instability alone,0.7231182795698925
400,nonportable,nonportable_high,50,1.0,high,1.0,1,feature instability alone,0.6656779137313065
51,portable,portable_alpha_0.25,1,0.25,none,0.0,0,heterogeneity proportion alone,0.0161290322580645
52,portable,portable_alpha_0.25,2,0.25,none,0.0,0,heterogeneity proportion alone,0.0483870967741935
53,portable,portable_alpha_0.25,3,0.25,none,0.0,0,heterogeneity proportion alone,0.0
54,portable,portable_alpha_0.25,4,0.25,none,0.0,0,heterogeneity proportion alone,0.0161290322580645
55,portable,portable_alpha_0.25,5,0.25,none,0.0,0,heterogeneity proportion alone,0.0161290322580645
56,portable,portable_alpha_0.25,6,0.25,none,0.0,0,heterogeneity proportion alone,0.0161290322580645
57,portable,portable_alpha_0.25,7,0.25,none,0.0,0,heterogeneity proportion alone,0.0161290322580645
58,portable,portable_alpha_0.25,8,0.25,none,0.0,0,heterogeneity proportion alone,0.032258064516129
59,portable,portable_alpha_0.25,9,0.25,none,0.0,0,heterogeneity proportion alone,0.0
60,portable,portable_alpha_0.25,10,0.25,none,0.0,0,heterogeneity proportion alone,0.0161290322580645
61,portable,portable_alpha_0.25,11,0.25,none,0.0,0,heterogeneity proportion alone,0.0161290322580645
62,portable,portable_alpha_0.25,12,0.25,none,0.0,0,heterogeneity proportion alone,0.0161290322580645
63,portable,portable_alpha_0.25,13,0.25,none,0.0,0,heterogeneity proportion alone,0.0161290322580645
64,portable,portable_alpha_0.25,14,0.25,none,0.0,0,heterogeneity proportion alone,0.0
65,portable,portable_alpha_0.25,15,0.25,none,0.0,0,heterogeneity proportion alone,0.0161290322580645
66,portable,portable_alpha_0.25,16,0.25,none,0.0,0,heterogeneity proportion alone,0.032258064516129
67,portable,portable_alpha_0.25,17,0.25,none,0.0,0,heterogeneity proportion alone,0.0483870967741935
68,portable,portable_alpha_0.25,18,0.25,none,0.0,0,heterogeneity proportion alone,0.0161290322580645
69,portable,portable_alpha_0.25,19,0.25,none,0.0,0,heterogeneity proportion alone,0.0
70,portable,portable_alpha_0.25,20,0.25,none,0.0,0,heterogeneity proportion alone,0.0161290322580645
71,portable,portable_alpha_0.25,21,0.25,none,0.0,0,heterogeneity proportion alone,0.0
72,portable,portable_alpha_0.25,22,0.25,none,0.0,0,heterogeneity proportion alone,0.0
73,portable,portable_alpha_0.25,23,0.25,none,0.0,0,heterogeneity proportion alone,0.032258064516129
74,portable,portable_alpha_0.25,24,0.25,none,0.0,0,heterogeneity proportion alone,0.032258064516129
75,portable,portable_alpha_0.25,25,0.25,none,0.0,0,heterogeneity proportion alone,0.0483870967741935
76,portable,portable_alpha_0.25,26,0.25,none,0.0,0,heterogeneity proportion alone,0.0483870967741935
77,portable,portable_alpha_0.25,27,0.25,none,0.0,0,heterogeneity proportion alone,0.0483870967741935
78,portable,portable_alpha_0.25,28,0.25,none,0.0,0,heterogeneity proportion alone,0.032258064516129
79,portable,portable_alpha_0.25,29,0.25,none,0.0,0,heterogeneity proportion alone,0.0161290322580645
80,portable,portable_alpha_0.25,30,0.25,none,0.0,0,heterogeneity proportion alone,0.0
81,portable,portable_alpha_0.25,31,0.25,none,0.0,0,heterogeneity proportion alone,0.0161290322580645
82,portable,portable_alpha_0.25,32,0.25,none,0.0,0,heterogeneity proportion alone,0.032258064516129
83,portable,portable_alpha_0.25,33,0.25,none,0.0,0,heterogeneity proportion alone,0.0967741935483871
84,portable,portable_alpha_0.25,34,0.25,none,0.0,0,heterogeneity proportion alone,0.032258064516129
85,portable,portable_alpha_0.25,35,0.25,none,0.0,0,heterogeneity proportion alone,0.0
86,portable,portable_alpha_0.25,36,0.25,none,0.0,0,heterogeneity proportion alone,0.0
87,portable,portable_alpha_0.25,37,0.25,none,0.0,0,heterogeneity proportion alone,0.0161290322580645
88,portable,portable_alpha_0.25,38,0.25,none,0.0,0,heterogeneity proportion alone,0.0483870967741935
89,portable,portable_alpha_0.25,39,0.25,none,0.0,0,heterogeneity proportion alone,0.064516129032258
90,portable,portable_alpha_0.25,40,0.25,none,0.0,0,heterogeneity proportion alone,0.0
91,portable,portable_alpha_0.25,41,0.25,none,0.0,0,heterogeneity proportion alone,0.0483870967741935
92,portable,portable_alpha_0.25,42,0.25,none,0.0,0,heterogeneity proportion alone,0.0483870967741935
93,portable,portable_alpha_0.25,43,0.25,none,0.0,0,heterogeneity proportion alone,0.0161290322580645
94,portable,portable_alpha_0.25,44,0.25,none,0.0,0,heterogeneity proportion alone,0.0
95,portable,portable_alpha_0.25,45,0.25,none,0.0,0,heterogeneity proportion alone,0.0
96,portable,portable_alpha_0.25,46,0.25,none,0.0,0,heterogeneity proportion alone,0.0
97,portable,portable_alpha_0.25,47,0.25,none,0.0,0,heterogeneity proportion alone,0.0
98,portable,portable_alpha_0.25,48,0.25,none,0.0,0,heterogeneity proportion alone,0.0
99,portable,portable_alpha_0.25,49,0.25,none,0.0,0,heterogeneity proportion alone,0.0
100,portable,portable_alpha_0.25,50,0.25,none,0.0,0,heterogeneity proportion alone,0.0161290322580645
101,portable,portable_alpha_0.50,1,0.5,none,0.0,0,heterogeneity proportion alone,0.0
102,portable,portable_alpha_0.50,2,0.5,none,0.0,0,heterogeneity proportion alone,0.0
103,portable,portable_alpha_0.50,3,0.5,none,0.0,0,heterogeneity proportion alone,0.032258064516129
104,portable,portable_alpha_0.50,4,0.5,none,0.0,0,heterogeneity proportion alone,0.064516129032258
105,portable,portable_alpha_0.50,5,0.5,none,0.0,0,heterogeneity proportion alone,0.0
106,portable,portable_alpha_0.50,6,0.5,none,0.0,0,heterogeneity proportion alone,0.0
107,portable,portable_alpha_0.50,7,0.5,none,0.0,0,heterogeneity proportion alone,0.0
108,portable,portable_alpha_0.50,8,0.5,none,0.0,0,heterogeneity proportion alone,0.032258064516129
109,portable,portable_alpha_0.50,9,0.5,none,0.0,0,heterogeneity proportion alone,0.0
110,portable,portable_alpha_0.50,10,0.5,none,0.0,0,heterogeneity proportion alone,0.0161290322580645
111,portable,portable_alpha_0.50,11,0.5,none,0.0,0,heterogeneity proportion alone,0.032258064516129
112,portable,portable_alpha_0.50,12,0.5,none,0.0,0,heterogeneity proportion alone,0.0
113,portable,portable_alpha_0.50,13,0.5,none,0.0,0,heterogeneity proportion alone,0.0
114,portable,portable_alpha_0.50,14,0.5,none,0.0,0,heterogeneity proportion alone,0.0
115,portable,portable_alpha_0.50,15,0.5,none,0.0,0,heterogeneity proportion alone,0.0
116,portable,portable_alpha_0.50,16,0.5,none,0.0,0,heterogeneity proportion alone,0.0
117,portable,portable_alpha_0.50,17,0.5,none,0.0,0,heterogeneity proportion alone,0.0
118,portable,portable_alpha_0.50,18,0.5,none,0.0,0,heterogeneity proportion alone,0.1129032258064516
119,portable,portable_alpha_0.50,19,0.5,none,0.0,0,heterogeneity proportion alone,0.032258064516129
120,portable,portable_alpha_0.50,20,0.5,none,0.0,0,heterogeneity proportion alone,0.0161290322580645
121,portable,portable_alpha_0.50,21,0.5,none,0.0,0,heterogeneity proportion alone,0.0
122,portable,portable_alpha_0.50,22,0.5,none,0.0,0,heterogeneity proportion alone,0.0
123,portable,portable_alpha_0.50,23,0.5,none,0.0,0,heterogeneity proportion alone,0.0
124,portable,portable_alpha_0.50,24,0.5,none,0.0,0,heterogeneity proportion alone,0.0483870967741935
125,portable,portable_alpha_0.50,25,0.5,none,0.0,0,heterogeneity proportion alone,0.032258064516129
126,portable,portable_alpha_0.50,26,0.5,none,0.0,0,heterogeneity proportion alone,0.0161290322580645
127,portable,portable_alpha_0.50,27,0.5,none,0.0,0,heterogeneity proportion alone,0.0
128,portable,portable_alpha_0.50,28,0.5,none,0.0,0,heterogeneity proportion alone,0.0
129,portable,portable_alpha_0.50,29,0.5,none,0.0,0,heterogeneity proportion alone,0.0
130,portable,portable_alpha_0.50,30,0.5,none,0.0,0,heterogeneity proportion alone,0.0
131,portable,portable_alpha_0.50,31,0.5,none,0.0,0,heterogeneity proportion alone,0.0
132,portable,portable_alpha_0.50,32,0.5,none,0.0,0,heterogeneity proportion alone,0.0
133,portable,portable_alpha_0.50,33,0.5,none,0.0,0,heterogeneity proportion alone,0.0
134,portable,portable_alpha_0.50,34,0.5,none,0.0,0,heterogeneity proportion alone,0.0
135,portable,portable_alpha_0.50,35,0.5,none,0.0,0,heterogeneity proportion alone,0.0
136,portable,portable_alpha_0.50,36,0.5,none,0.0,0,heterogeneity proportion alone,0.0
137,portable,portable_alpha_0.50,37,0.5,none,0.0,0,heterogeneity proportion alone,0.0
138,portable,portable_alpha_0.50,38,0.5,none,0.0,0,heterogeneity proportion alone,0.0
139,portable,portable_alpha_0.50,39,0.5,none,0.0,0,heterogeneity proportion alone,0.0
140,portable,portable_alpha_0.50,40,0.5,none,0.0,0,heterogeneity proportion alone,0.032258064516129
141,portable,portable_alpha_0.50,41,0.5,none,0.0,0,heterogeneity proportion alone,0.0483870967741935
142,portable,portable_alpha_0.50,42,0.5,none,0.0,0,heterogeneity proportion alone,0.0
143,portable,portable_alpha_0.50,43,0.5,none,0.0,0,heterogeneity proportion alone,0.0
144,portable,portable_alpha_0.50,44,0.5,none,0.0,0,heterogeneity proportion alone,0.064516129032258
145,portable,portable_alpha_0.50,45,0.5,none,0.0,0,heterogeneity proportion alone,0.0
146,portable,portable_alpha_0.50,46,0.5,none,0.0,0,heterogeneity proportion alone,0.0161290322580645
147,portable,portable_alpha_0.50,47,0.5,none,0.0,0,heterogeneity proportion alone,0.0161290322580645
148,portable,portable_alpha_0.50,48,0.5,none,0.0,0,heterogeneity proportion alone,0.0
149,portable,portable_alpha_0.50,49,0.5,none,0.0,0,heterogeneity proportion alone,0.0161290322580645
150,portable,portable_alpha_0.50,50,0.5,none,0.0,0,heterogeneity proportion alone,0.032258064516129
151,portable,portable_alpha_1.00,1,1.0,none,0.0,0,heterogeneity proportion alone,0.0
152,portable,portable_alpha_1.00,2,1.0,none,0.0,0,heterogeneity proportion alone,0.0
153,portable,portable_alpha_1.00,3,1.0,none,0.0,0,heterogeneity proportion alone,0.032258064516129
154,portable,portable_alpha_1.00,4,1.0,none,0.0,0,heterogeneity proportion alone,0.0
155,portable,portable_alpha_1.00,5,1.0,none,0.0,0,heterogeneity proportion alone,0.0483870967741935
156,portable,portable_alpha_1.00,6,1.0,none,0.0,0,heterogeneity proportion alone,0.0161290322580645
157,portable,portable_alpha_1.00,7,1.0,none,0.0,0,heterogeneity proportion alone,0.0
158,portable,portable_alpha_1.00,8,1.0,none,0.0,0,heterogeneity proportion alone,0.0161290322580645
159,portable,portable_alpha_1.00,9,1.0,none,0.0,0,heterogeneity proportion alone,0.0
160,portable,portable_alpha_1.00,10,1.0,none,0.0,0,heterogeneity proportion alone,0.0
161,portable,portable_alpha_1.00,11,1.0,none,0.0,0,heterogeneity proportion alone,0.0161290322580645
162,portable,portable_alpha_1.00,12,1.0,none,0.0,0,heterogeneity proportion alone,0.0161290322580645
163,portable,portable_alpha_1.00,13,1.0,none,0.0,0,heterogeneity proportion alone,0.0161290322580645
164,portable,portable_alpha_1.00,14,1.0,none,0.0,0,heterogeneity proportion alone,0.0161290322580645
165,portable,portable_alpha_1.00,15,1.0,none,0.0,0,heterogeneity proportion alone,0.0
166,portable,portable_alpha_1.00,16,1.0,none,0.0,0,heterogeneity proportion alone,0.0161290322580645
167,portable,portable_alpha_1.00,17,1.0,none,0.0,0,heterogeneity proportion alone,0.0161290322580645
168,portable,portable_alpha_1.00,18,1.0,none,0.0,0,heterogeneity proportion alone,0.0
169,portable,portable_alpha_1.00,19,1.0,none,0.0,0,heterogeneity proportion alone,0.0
170,portable,portable_alpha_1.00,20,1.0,none,0.0,0,heterogeneity proportion alone,0.0
171,portable,portable_alpha_1.00,21,1.0,none,0.0,0,heterogeneity proportion alone,0.0
172,portable,portable_alpha_1.00,22,1.0,none,0.0,0,heterogeneity proportion alone,0.0161290322580645
173,portable,portable_alpha_1.00,23,1.0,none,0.0,0,heterogeneity proportion alone,0.0161290322580645
174,portable,portable_alpha_1.00,24,1.0,none,0.0,0,heterogeneity proportion alone,0.032258064516129
175,portable,portable_alpha_1.00,25,1.0,none,0.0,0,heterogeneity proportion alone,0.0
176,portable,portable_alpha_1.00,26,1.0,none,0.0,0,heterogeneity proportion alone,0.0483870967741935
177,portable,portable_alpha_1.00,27,1.0,none,0.0,0,heterogeneity proportion alone,0.0483870967741935
178,portable,portable_alpha_1.00,28,1.0,none,0.0,0,heterogeneity proportion alone,0.064516129032258
179,portable,portable_alpha_1.00,29,1.0,none,0.0,0,heterogeneity proportion alone,0.0
180,portable,portable_alpha_1.00,30,1.0,none,0.0,0,heterogeneity proportion alone,0.0161290322580645
181,portable,portable_alpha_1.00,31,1.0,none,0.0,0,heterogeneity proportion alone,0.0161290322580645
182,portable,portable_alpha_1.00,32,1.0,none,0.0,0,heterogeneity proportion alone,0.032258064516129
183,portable,portable_alpha_1.00,33,1.0,none,0.0,0,heterogeneity proportion alone,0.0161290322580645
184,portable,portable_alpha_1.00,34,1.0,none,0.0,0,heterogeneity proportion alone,0.032258064516129
185,portable,portable_alpha_1.00,35,1.0,none,0.0,0,heterogeneity proportion alone,0.0161290322580645
186,portable,portable_alpha_1.00,36,1.0,none,0.0,0,heterogeneity proportion alone,0.0
187,portable,portable_alpha_1.00,37,1.0,none,0.0,0,heterogeneity proportion alone,0.0
188,portable,portable_alpha_1.00,38,1.0,none,0.0,0,heterogeneity proportion alone,0.0161290322580645
189,portable,portable_alpha_1.00,39,1.0,none,0.0,0,heterogeneity proportion alone,0.0483870967741935
190,portable,portable_alpha_1.00,40,1.0,none,0.0,0,heterogeneity proportion alone,0.032258064516129
191,portable,portable_alpha_1.00,41,1.0,none,0.0,0,heterogeneity proportion alone,0.0
192,portable,portable_alpha_1.00,42,1.0,none,0.0,0,heterogeneity proportion alone,0.0161290322580645
193,portable,portable_alpha_1.00,43,1.0,none,0.0,0,heterogeneity proportion alone,0.0161290322580645
194,portable,portable_alpha_1.00,44,1.0,none,0.0,0,heterogeneity proportion alone,0.0
195,portable,portable_alpha_1.00,45,1.0,none,0.0,0,heterogeneity proportion alone,0.0
196,portable,portable_alpha_1.00,46,1.0,none,0.0,0,heterogeneity proportion alone,0.0
197,portable,portable_alpha_1.00,47,1.0,none,0.0,0,heterogeneity proportion alone,0.0
198,portable,portable_alpha_1.00,48,1.0,none,0.0,0,heterogeneity proportion alone,0.0161290322580645
199,portable,portable_alpha_1.00,49,1.0,none,0.0,0,heterogeneity proportion alone,0.0
200,portable,portable_alpha_1.00,50,1.0,none,0.0,0,heterogeneity proportion alone,0.0161290322580645
201,portable,portable_alpha_1.50,1,1.5,none,0.0,0,heterogeneity proportion alone,0.0
202,portable,portable_alpha_1.50,2,1.5,none,0.0,0,heterogeneity proportion alone,0.0
203,portable,portable_alpha_1.50,3,1.5,none,0.0,0,heterogeneity proportion alone,0.0161290322580645
204,portable,portable_alpha_1.50,4,1.5,none,0.0,0,heterogeneity proportion alone,0.032258064516129
205,portable,portable_alpha_1.50,5,1.5,none,0.0,0,heterogeneity proportion alone,0.0806451612903225
206,portable,portable_alpha_1.50,6,1.5,none,0.0,0,heterogeneity proportion alone,0.0
207,portable,portable_alpha_1.50,7,1.5,none,0.0,0,heterogeneity proportion alone,0.0161290322580645
208,portable,portable_alpha_1.50,8,1.5,none,0.0,0,heterogeneity proportion alone,0.0
209,portable,portable_alpha_1.50,9,1.5,none,0.0,0,heterogeneity proportion alone,0.0483870967741935
210,portable,portable_alpha_1.50,10,1.5,none,0.0,0,heterogeneity proportion alone,0.0
211,portable,portable_alpha_1.50,11,1.5,none,0.0,0,heterogeneity proportion alone,0.0
212,portable,portable_alpha_1.50,12,1.5,none,0.0,0,heterogeneity proportion alone,0.0
213,portable,portable_alpha_1.50,13,1.5,none,0.0,0,heterogeneity proportion alone,0.0
214,portable,portable_alpha_1.50,14,1.5,none,0.0,0,heterogeneity proportion alone,0.0
215,portable,portable_alpha_1.50,15,1.5,none,0.0,0,heterogeneity proportion alone,0.0161290322580645
216,portable,portable_alpha_1.50,16,1.5,none,0.0,0,heterogeneity proportion alone,0.0
217,portable,portable_alpha_1.50,17,1.5,none,0.0,0,heterogeneity proportion alone,0.0
218,portable,portable_alpha_1.50,18,1.5,none,0.0,0,heterogeneity proportion alone,0.0
219,portable,portable_alpha_1.50,19,1.5,none,0.0,0,heterogeneity proportion alone,0.0
220,portable,portable_alpha_1.50,20,1.5,none,0.0,0,heterogeneity proportion alone,0.0
221,portable,portable_alpha_1.50,21,1.5,none,0.0,0,heterogeneity proportion alone,0.0161290322580645
222,portable,portable_alpha_1.50,22,1.5,none,0.0,0,heterogeneity proportion alone,0.0
223,portable,portable_alpha_1.50,23,1.5,none,0.0,0,heterogeneity proportion alone,0.0161290322580645
224,portable,portable_alpha_1.50,24,1.5,none,0.0,0,heterogeneity proportion alone,0.0
225,portable,portable_alpha_1.50,25,1.5,none,0.0,0,heterogeneity proportion alone,0.0806451612903225
226,portable,portable_alpha_1.50,26,1.5,none,0.0,0,heterogeneity proportion alone,0.0
227,portable,portable_alpha_1.50,27,1.5,none,0.0,0,heterogeneity proportion alone,0.0
228,portable,portable_alpha_1.50,28,1.5,none,0.0,0,heterogeneity proportion alone,0.0161290322580645
229,portable,portable_alpha_1.50,29,1.5,none,0.0,0,heterogeneity proportion alone,0.0161290322580645
230,portable,portable_alpha_1.50,30,1.5,none,0.0,0,heterogeneity proportion alone,0.0
231,portable,portable_alpha_1.50,31,1.5,none,0.0,0,heterogeneity proportion alone,0.0161290322580645
232,portable,portable_alpha_1.50,32,1.5,none,0.0,0,heterogeneity proportion alone,0.032258064516129
233,portable,portable_alpha_1.50,33,1.5,none,0.0,0,heterogeneity proportion alone,0.032258064516129
234,portable,portable_alpha_1.50,34,1.5,none,0.0,0,heterogeneity proportion alone,0.0483870967741935
235,portable,portable_alpha_1.50,35,1.5,none,0.0,0,heterogeneity proportion alone,0.0
236,portable,portable_alpha_1.50,36,1.5,none,0.0,0,heterogeneity proportion alone,0.0161290322580645
237,portable,portable_alpha_1.50,37,1.5,none,0.0,0,heterogeneity proportion alone,0.064516129032258
238,portable,portable_alpha_1.50,38,1.5,none,0.0,0,heterogeneity proportion alone,0.0
239,portable,portable_alpha_1.50,39,1.5,none,0.0,0,heterogeneity proportion alone,0.0483870967741935
240,portable,portable_alpha_1.50,40,1.5,none,0.0,0,heterogeneity proportion alone,0.0
241,portable,portable_alpha_1.50,41,1.5,none,0.0,0,heterogeneity proportion alone,0.0
242,portable,portable_alpha_1.50,42,1.5,none,0.0,0,heterogeneity proportion alone,0.0161290322580645
243,portable,portable_alpha_1.50,43,1.5,none,0.0,0,heterogeneity proportion alone,0.0
244,portable,portable_alpha_1.50,44,1.5,none,0.0,0,heterogeneity proportion alone,0.0
245,portable,portable_alpha_1.50,45,1.5,none,0.0,0,heterogeneity proportion alone,0.0
246,portable,portable_alpha_1.50,46,1.5,none,0.0,0,heterogeneity proportion alone,0.0161290322580645
247,portable,portable_alpha_1.50,47,1.5,none,0.0,0,heterogeneity proportion alone,0.0
248,portable,portable_alpha_1.50,48,1.5,none,0.0,0,heterogeneity proportion alone,0.0
249,portable,portable_alpha_1.50,49,1.5,none,0.0,0,heterogeneity proportion alone,0.0
250,portable,portable_alpha_1.50,50,1.5,none,0.0,0,heterogeneity proportion alone,0.0161290322580645
251,nonportable,nonportable_low,1,1.0,low,0.25,1,heterogeneity proportion alone,0.0161290322580645
252,nonportable,nonportable_low,2,1.0,low,0.25,1,heterogeneity proportion alone,0.0
253,nonportable,nonportable_low,3,1.0,low,0.25,1,heterogeneity proportion alone,0.0161290322580645
254,nonportable,nonportable_low,4,1.0,low,0.25,1,heterogeneity proportion alone,0.032258064516129
255,nonportable,nonportable_low,5,1.0,low,0.25,1,heterogeneity proportion alone,0.032258064516129
256,nonportable,nonportable_low,6,1.0,low,0.25,1,heterogeneity proportion alone,0.0
257,nonportable,nonportable_low,7,1.0,low,0.25,1,heterogeneity proportion alone,0.0483870967741935
258,nonportable,nonportable_low,8,1.0,low,0.25,1,heterogeneity proportion alone,0.032258064516129
259,nonportable,nonportable_low,9,1.0,low,0.25,1,heterogeneity proportion alone,0.0
260,nonportable,nonportable_low,10,1.0,low,0.25,1,heterogeneity proportion alone,0.0
261,nonportable,nonportable_low,11,1.0,low,0.25,1,heterogeneity proportion alone,0.0
262,nonportable,nonportable_low,12,1.0,low,0.25,1,heterogeneity proportion alone,0.0
263,nonportable,nonportable_low,13,1.0,low,0.25,1,heterogeneity proportion alone,0.0
264,nonportable,nonportable_low,14,1.0,low,0.25,1,heterogeneity proportion alone,0.0483870967741935
265,nonportable,nonportable_low,15,1.0,low,0.25,1,heterogeneity proportion alone,0.0161290322580645
266,nonportable,nonportable_low,16,1.0,low,0.25,1,heterogeneity proportion alone,0.0483870967741935
267,nonportable,nonportable_low,17,1.0,low,0.25,1,heterogeneity proportion alone,0.0161290322580645
268,nonportable,nonportable_low,18,1.0,low,0.25,1,heterogeneity proportion alone,0.0
269,nonportable,nonportable_low,19,1.0,low,0.25,1,heterogeneity proportion alone,0.0
270,nonportable,nonportable_low,20,1.0,low,0.25,1,heterogeneity proportion alone,0.0806451612903225
271,nonportable,nonportable_low,21,1.0,low,0.25,1,heterogeneity proportion alone,0.0
272,nonportable,nonportable_low,22,1.0,low,0.25,1,heterogeneity proportion alone,0.0
273,nonportable,nonportable_low,23,1.0,low,0.25,1,heterogeneity proportion alone,0.0483870967741935
274,nonportable,nonportable_low,24,1.0,low,0.25,1,heterogeneity proportion alone,0.0806451612903225
275,nonportable,nonportable_low,25,1.0,low,0.25,1,heterogeneity proportion alone,0.0161290322580645
276,nonportable,nonportable_low,26,1.0,low,0.25,1,heterogeneity proportion alone,0.0
277,nonportable,nonportable_low,27,1.0,low,0.25,1,heterogeneity proportion alone,0.0
278,nonportable,nonportable_low,28,1.0,low,0.25,1,heterogeneity proportion alone,0.064516129032258
279,nonportable,nonportable_low,29,1.0,low,0.25,1,heterogeneity proportion alone,0.0483870967741935
280,nonportable,nonportable_low,30,1.0,low,0.25,1,heterogeneity proportion alone,0.032258064516129
281,nonportable,nonportable_low,31,1.0,low,0.25,1,heterogeneity proportion alone,0.0
282,nonportable,nonportable_low,32,1.0,low,0.25,1,heterogeneity proportion alone,0.0161290322580645
283,nonportable,nonportable_low,33,1.0,low,0.25,1,heterogeneity proportion alone,0.0161290322580645
284,nonportable,nonportable_low,34,1.0,low,0.25,1,heterogeneity proportion alone,0.0161290322580645
285,nonportable,nonportable_low,35,1.0,low,0.25,1,heterogeneity proportion alone,0.0
286,nonportable,nonportable_low,36,1.0,low,0.25,1,heterogeneity proportion alone,0.0483870967741935
287,nonportable,nonportable_low,37,1.0,low,0.25,1,heterogeneity proportion alone,0.0
288,nonportable,nonportable_low,38,1.0,low,0.25,1,heterogeneity proportion alone,0.032258064516129
289,nonportable,nonportable_low,39,1.0,low,0.25,1,heterogeneity proportion alone,0.0
290,nonportable,nonportable_low,40,1.0,low,0.25,1,heterogeneity proportion alone,0.0
291,nonportable,nonportable_low,41,1.0,low,0.25,1,heterogeneity proportion alone,0.0483870967741935
292,nonportable,nonportable_low,42,1.0,low,0.25,1,heterogeneity proportion alone,0.0161290322580645
293,nonportable,nonportable_low,43,1.0,low,0.25,1,heterogeneity proportion alone,0.0
294,nonportable,nonportable_low,44,1.0,low,0.25,1,heterogeneity proportion alone,0.0
295,nonportable,nonportable_low,45,1.0,low,0.25,1,heterogeneity proportion alone,0.0
296,nonportable,nonportable_low,46,1.0,low,0.25,1,heterogeneity proportion alone,0.0
297,nonportable,nonportable_low,47,1.0,low,0.25,1,heterogeneity proportion alone,0.0
298,nonportable,nonportable_low,48,1.0,low,0.25,1,heterogeneity proportion alone,0.0
299,nonportable,nonportable_low,49,1.0,low,0.25,1,heterogeneity proportion alone,0.0161290322580645
300,nonportable,nonportable_low,50,1.0,low,0.25,1,heterogeneity proportion alone,0.0483870967741935
301,nonportable,nonportable_moderate,1,1.0,moderate,0.5,1,heterogeneity proportion alone,0.0967741935483871
302,nonportable,nonportable_moderate,2,1.0,moderate,0.5,1,heterogeneity proportion alone,0.0483870967741935
303,nonportable,nonportable_moderate,3,1.0,moderate,0.5,1,heterogeneity proportion alone,0.064516129032258
304,nonportable,nonportable_moderate,4,1.0,moderate,0.5,1,heterogeneity proportion alone,0.0161290322580645
305,nonportable,nonportable_moderate,5,1.0,moderate,0.5,1,heterogeneity proportion alone,0.1290322580645161
306,nonportable,nonportable_moderate,6,1.0,moderate,0.5,1,heterogeneity proportion alone,0.1612903225806451
307,nonportable,nonportable_moderate,7,1.0,moderate,0.5,1,heterogeneity proportion alone,0.064516129032258
308,nonportable,nonportable_moderate,8,1.0,moderate,0.5,1,heterogeneity proportion alone,0.064516129032258
309,nonportable,nonportable_moderate,9,1.0,moderate,0.5,1,heterogeneity proportion alone,0.032258064516129
310,nonportable,nonportable_moderate,10,1.0,moderate,0.5,1,heterogeneity proportion alone,0.032258064516129
311,nonportable,nonportable_moderate,11,1.0,moderate,0.5,1,heterogeneity proportion alone,0.0483870967741935
312,nonportable,nonportable_moderate,12,1.0,moderate,0.5,1,heterogeneity proportion alone,0.0967741935483871
313,nonportable,nonportable_moderate,13,1.0,moderate,0.5,1,heterogeneity proportion alone,0.0483870967741935
314,nonportable,nonportable_moderate,14,1.0,moderate,0.5,1,heterogeneity proportion alone,0.0161290322580645
315,nonportable,nonportable_moderate,15,1.0,moderate,0.5,1,heterogeneity proportion alone,0.0806451612903225
316,nonportable,nonportable_moderate,16,1.0,moderate,0.5,1,heterogeneity proportion alone,0.032258064516129
317,nonportable,nonportable_moderate,17,1.0,moderate,0.5,1,heterogeneity proportion alone,0.0483870967741935
318,nonportable,nonportable_moderate,18,1.0,moderate,0.5,1,heterogeneity proportion alone,0.0
319,nonportable,nonportable_moderate,19,1.0,moderate,0.5,1,heterogeneity proportion alone,0.0483870967741935
320,nonportable,nonportable_moderate,20,1.0,moderate,0.5,1,heterogeneity proportion alone,0.0483870967741935
321,nonportable,nonportable_moderate,21,1.0,moderate,0.5,1,heterogeneity proportion alone,0.0161290322580645
322,nonportable,nonportable_moderate,22,1.0,moderate,0.5,1,heterogeneity proportion alone,0.032258064516129
323,nonportable,nonportable_moderate,23,1.0,moderate,0.5,1,heterogeneity proportion alone,0.0
324,nonportable,nonportable_moderate,24,1.0,moderate,0.5,1,heterogeneity proportion alone,0.032258064516129
325,nonportable,nonportable_moderate,25,1.0,moderate,0.5,1,heterogeneity proportion alone,0.0967741935483871
326,nonportable,nonportable_moderate,26,1.0,moderate,0.5,1,heterogeneity proportion alone,0.032258064516129
327,nonportable,nonportable_moderate,27,1.0,moderate,0.5,1,heterogeneity proportion alone,0.032258064516129
328,nonportable,nonportable_moderate,28,1.0,moderate,0.5,1,heterogeneity proportion alone,0.0967741935483871
329,nonportable,nonportable_moderate,29,1.0,moderate,0.5,1,heterogeneity proportion alone,0.032258064516129
330,nonportable,nonportable_moderate,30,1.0,moderate,0.5,1,heterogeneity proportion alone,0.0161290322580645
331,nonportable,nonportable_moderate,31,1.0,moderate,0.5,1,heterogeneity proportion alone,0.032258064516129
332,nonportable,nonportable_moderate,32,1.0,moderate,0.5,1,heterogeneity proportion alone,0.0
333,nonportable,nonportable_moderate,33,1.0,moderate,0.5,1,heterogeneity proportion alone,0.0161290322580645
334,nonportable,nonportable_moderate,34,1.0,moderate,0.5,1,heterogeneity proportion alone,0.0161290322580645
335,nonportable,nonportable_moderate,35,1.0,moderate,0.5,1,heterogeneity proportion alone,0.0483870967741935
336,nonportable,nonportable_moderate,36,1.0,moderate,0.5,1,heterogeneity proportion alone,0.0161290322580645
337,nonportable,nonportable_moderate,37,1.0,moderate,0.5,1,heterogeneity proportion alone,0.064516129032258
338,nonportable,nonportable_moderate,38,1.0,moderate,0.5,1,heterogeneity proportion alone,0.0
339,nonportable,nonportable_moderate,39,1.0,moderate,0.5,1,heterogeneity proportion alone,0.0
340,nonportable,nonportable_moderate,40,1.0,moderate,0.5,1,heterogeneity proportion alone,0.032258064516129
341,nonportable,nonportable_moderate,41,1.0,moderate,0.5,1,heterogeneity proportion alone,0.032258064516129
342,nonportable,nonportable_moderate,42,1.0,moderate,0.5,1,heterogeneity proportion alone,0.032258064516129
343,nonportable,nonportable_moderate,43,1.0,moderate,0.5,1,heterogeneity proportion alone,0.0806451612903225
344,nonportable,nonportable_moderate,44,1.0,moderate,0.5,1,heterogeneity proportion alone,0.0161290322580645
345,nonportable,nonportable_moderate,45,1.0,moderate,0.5,1,heterogeneity proportion alone,0.032258064516129
346,nonportable,nonportable_moderate,46,1.0,moderate,0.5,1,heterogeneity proportion alone,0.032258064516129
347,nonportable,nonportable_moderate,47,1.0,moderate,0.5,1,heterogeneity proportion alone,0.064516129032258
348,nonportable,nonportable_moderate,48,1.0,moderate,0.5,1,heterogeneity proportion alone,0.064516129032258
349,nonportable,nonportable_moderate,49,1.0,moderate,0.5,1,heterogeneity proportion alone,0.032258064516129
350,nonportable,nonportable_moderate,50,1.0,moderate,0.5,1,heterogeneity proportion alone,0.032258064516129
351,nonportable,nonportable_high,1,1.0,high,1.0,1,heterogeneity proportion alone,0.2096774193548387
352,nonportable,nonportable_high,2,1.0,high,1.0,1,heterogeneity proportion alone,0.2580645161290322
353,nonportable,nonportable_high,3,1.0,high,1.0,1,heterogeneity proportion alone,0.0806451612903225
354,nonportable,nonportable_high,4,1.0,high,1.0,1,heterogeneity proportion alone,0.064516129032258
355,nonportable,nonportable_high,5,1.0,high,1.0,1,heterogeneity proportion alone,0.1129032258064516
356,nonportable,nonportable_high,6,1.0,high,1.0,1,heterogeneity proportion alone,0.0806451612903225
357,nonportable,nonportable_high,7,1.0,high,1.0,1,heterogeneity proportion alone,0.1935483870967742
358,nonportable,nonportable_high,8,1.0,high,1.0,1,heterogeneity proportion alone,0.1935483870967742
359,nonportable,nonportable_high,9,1.0,high,1.0,1,heterogeneity proportion alone,0.1129032258064516
360,nonportable,nonportable_high,10,1.0,high,1.0,1,heterogeneity proportion alone,0.1774193548387097
361,nonportable,nonportable_high,11,1.0,high,1.0,1,heterogeneity proportion alone,0.1774193548387097
362,nonportable,nonportable_high,12,1.0,high,1.0,1,heterogeneity proportion alone,0.1290322580645161
363,nonportable,nonportable_high,13,1.0,high,1.0,1,heterogeneity proportion alone,0.1774193548387097
364,nonportable,nonportable_high,14,1.0,high,1.0,1,heterogeneity proportion alone,0.1774193548387097
365,nonportable,nonportable_high,15,1.0,high,1.0,1,heterogeneity proportion alone,0.1612903225806451
366,nonportable,nonportable_high,16,1.0,high,1.0,1,heterogeneity proportion alone,0.1451612903225806
367,nonportable,nonportable_high,17,1.0,high,1.0,1,heterogeneity proportion alone,0.1290322580645161
368,nonportable,nonportable_high,18,1.0,high,1.0,1,heterogeneity proportion alone,0.1774193548387097
369,nonportable,nonportable_high,19,1.0,high,1.0,1,heterogeneity proportion alone,0.1290322580645161
370,nonportable,nonportable_high,20,1.0,high,1.0,1,heterogeneity proportion alone,0.1935483870967742
371,nonportable,nonportable_high,21,1.0,high,1.0,1,heterogeneity proportion alone,0.1774193548387097
372,nonportable,nonportable_high,22,1.0,high,1.0,1,heterogeneity proportion alone,0.1290322580645161
373,nonportable,nonportable_high,23,1.0,high,1.0,1,heterogeneity proportion alone,0.1774193548387097
374,nonportable,nonportable_high,24,1.0,high,1.0,1,heterogeneity proportion alone,0.1129032258064516
375,nonportable,nonportable_high,25,1.0,high,1.0,1,heterogeneity proportion alone,0.0967741935483871
376,nonportable,nonportable_high,26,1.0,high,1.0,1,heterogeneity proportion alone,0.1612903225806451
377,nonportable,nonportable_high,27,1.0,high,1.0,1,heterogeneity proportion alone,0.1129032258064516
378,nonportable,nonportable_high,28,1.0,high,1.0,1,heterogeneity proportion alone,0.1290322580645161
379,nonportable,nonportable_high,29,1.0,high,1.0,1,heterogeneity proportion alone,0.1451612903225806
380,nonportable,nonportable_high,30,1.0,high,1.0,1,heterogeneity proportion alone,0.1612903225806451
381,nonportable,nonportable_high,31,1.0,high,1.0,1,heterogeneity proportion alone,0.1290322580645161
382,nonportable,nonportable_high,32,1.0,high,1.0,1,heterogeneity proportion alone,0.1774193548387097
383,nonportable,nonportable_high,33,1.0,high,1.0,1,heterogeneity proportion alone,0.1290322580645161
384,nonportable,nonportable_high,34,1.0,high,1.0,1,heterogeneity proportion alone,0.1774193548387097
385,nonportable,nonportable_high,35,1.0,high,1.0,1,heterogeneity proportion alone,0.1451612903225806
386,nonportable,nonportable_high,36,1.0,high,1.0,1,heterogeneity proportion alone,0.2096774193548387
387,nonportable,nonportable_high,37,1.0,high,1.0,1,heterogeneity proportion alone,0.1935483870967742
388,nonportable,nonportable_high,38,1.0,high,1.0,1,heterogeneity proportion alone,0.1451612903225806
389,nonportable,nonportable_high,39,1.0,high,1.0,1,heterogeneity proportion alone,0.2580645161290322
390,nonportable,nonportable_high,40,1.0,high,1.0,1,heterogeneity proportion alone,0.1451612903225806
391,nonportable,nonportable_high,41,1.0,high,1.0,1,heterogeneity proportion alone,0.0806451612903225
392,nonportable,nonportable_high,42,1.0,high,1.0,1,heterogeneity proportion alone,0.2258064516129032
393,nonportable,nonportable_high,43,1.0,high,1.0,1,heterogeneity proportion alone,0.1774193548387097
394,nonportable,nonportable_high,44,1.0,high,1.0,1,heterogeneity proportion alone,0.1612903225806451
395,nonportable,nonportable_high,45,1.0,high,1.0,1,heterogeneity proportion alone,0.2096774193548387
396,nonportable,nonportable_high,46,1.0,high,1.0,1,heterogeneity proportion alone,0.1774193548387097
397,nonportable,nonportable_high,47,1.0,high,1.0,1,heterogeneity proportion alone,0.1935483870967742
398,nonportable,nonportable_high,48,1.0,high,1.0,1,heterogeneity proportion alone,0.1935483870967742
399,nonportable,nonportable_high,49,1.0,high,1.0,1,heterogeneity proportion alone,0.1290322580645161
400,nonportable,nonportable_high,50,1.0,high,1.0,1,heterogeneity proportion alone,0.1290322580645161
51,portable,portable_alpha_0.25,1,0.25,none,0.0,0,MBPI without feature stability,0.5390774666104317
52,portable,portable_alpha_0.25,2,0.25,none,0.0,0,MBPI without feature stability,0.692576935887226
53,portable,portable_alpha_0.25,3,0.25,none,0.0,0,MBPI without feature stability,0.6094752896325724
54,portable,portable_alpha_0.25,4,0.25,none,0.0,0,MBPI without feature stability,0.7299399576640782
55,portable,portable_alpha_0.25,5,0.25,none,0.0,0,MBPI without feature stability,0.7227404920979954
56,portable,portable_alpha_0.25,6,0.25,none,0.0,0,MBPI without feature stability,0.5369224147083811
57,portable,portable_alpha_0.25,7,0.25,none,0.0,0,MBPI without feature stability,0.6383431388706832
58,portable,portable_alpha_0.25,8,0.25,none,0.0,0,MBPI without feature stability,0.5915921359907885
59,portable,portable_alpha_0.25,9,0.25,none,0.0,0,MBPI without feature stability,0.6990078627282623
60,portable,portable_alpha_0.25,10,0.25,none,0.0,0,MBPI without feature stability,0.7286155586393742
61,portable,portable_alpha_0.25,11,0.25,none,0.0,0,MBPI without feature stability,0.6431613537233372
62,portable,portable_alpha_0.25,12,0.25,none,0.0,0,MBPI without feature stability,0.5250640489641512
63,portable,portable_alpha_0.25,13,0.25,none,0.0,0,MBPI without feature stability,0.7352778916821068
64,portable,portable_alpha_0.25,14,0.25,none,0.0,0,MBPI without feature stability,0.5064910000778658
65,portable,portable_alpha_0.25,15,0.25,none,0.0,0,MBPI without feature stability,0.7020094265307599
66,portable,portable_alpha_0.25,16,0.25,none,0.0,0,MBPI without feature stability,0.5578698520470707
67,portable,portable_alpha_0.25,17,0.25,none,0.0,0,MBPI without feature stability,0.7227231086969297
68,portable,portable_alpha_0.25,18,0.25,none,0.0,0,MBPI without feature stability,0.6437741956797678
69,portable,portable_alpha_0.25,19,0.25,none,0.0,0,MBPI without feature stability,0.5741192967717581
70,portable,portable_alpha_0.25,20,0.25,none,0.0,0,MBPI without feature stability,0.6780142730200999
71,portable,portable_alpha_0.25,21,0.25,none,0.0,0,MBPI without feature stability,0.5596170798803575
72,portable,portable_alpha_0.25,22,0.25,none,0.0,0,MBPI without feature stability,0.5187700900945179
73,portable,portable_alpha_0.25,23,0.25,none,0.0,0,MBPI without feature stability,0.5330107006035298
74,portable,portable_alpha_0.25,24,0.25,none,0.0,0,MBPI without feature stability,0.7461774253363782
75,portable,portable_alpha_0.25,25,0.25,none,0.0,0,MBPI without feature stability,0.5522017929484778
76,portable,portable_alpha_0.25,26,0.25,none,0.0,0,MBPI without feature stability,0.7034757336246277
77,portable,portable_alpha_0.25,27,0.25,none,0.0,0,MBPI without feature stability,0.6862220049870389
78,portable,portable_alpha_0.25,28,0.25,none,0.0,0,MBPI without feature stability,0.674233788547963
79,portable,portable_alpha_0.25,29,0.25,none,0.0,0,MBPI without feature stability,0.6301252336811897
80,portable,portable_alpha_0.25,30,0.25,none,0.0,0,MBPI without feature stability,0.5213587670842457
81,portable,portable_alpha_0.25,31,0.25,none,0.0,0,MBPI without feature stability,0.5444634085655504
82,portable,portable_alpha_0.25,32,0.25,none,0.0,0,MBPI without feature stability,0.633712285217533
83,portable,portable_alpha_0.25,33,0.25,none,0.0,0,MBPI without feature stability,0.742250815311013
84,portable,portable_alpha_0.25,34,0.25,none,0.0,0,MBPI without feature stability,0.5421872272899442
85,portable,portable_alpha_0.25,35,0.25,none,0.0,0,MBPI without feature stability,0.5808639368680607
86,portable,portable_alpha_0.25,36,0.25,none,0.0,0,MBPI without feature stability,0.752877221571722
87,portable,portable_alpha_0.25,37,0.25,none,0.0,0,MBPI without feature stability,0.6107015295763342
88,portable,portable_alpha_0.25,38,0.25,none,0.0,0,MBPI without feature stability,0.6773653553112301
89,portable,portable_alpha_0.25,39,0.25,none,0.0,0,MBPI without feature stability,0.6126454043702905
90,portable,portable_alpha_0.25,40,0.25,none,0.0,0,MBPI without feature stability,0.5883442364367261
91,portable,portable_alpha_0.25,41,0.25,none,0.0,0,MBPI without feature stability,0.5412339994869743
92,portable,portable_alpha_0.25,42,0.25,none,0.0,0,MBPI without feature stability,0.5276812086772265
93,portable,portable_alpha_0.25,43,0.25,none,0.0,0,MBPI without feature stability,0.7200164119592458
94,portable,portable_alpha_0.25,44,0.25,none,0.0,0,MBPI without feature stability,0.7241840539562349
95,portable,portable_alpha_0.25,45,0.25,none,0.0,0,MBPI without feature stability,0.6750452939924
96,portable,portable_alpha_0.25,46,0.25,none,0.0,0,MBPI without feature stability,0.6789043342599146
97,portable,portable_alpha_0.25,47,0.25,none,0.0,0,MBPI without feature stability,0.6948143750071886
98,portable,portable_alpha_0.25,48,0.25,none,0.0,0,MBPI without feature stability,0.6047342053030077
99,portable,portable_alpha_0.25,49,0.25,none,0.0,0,MBPI without feature stability,0.6929572675506795
100,portable,portable_alpha_0.25,50,0.25,none,0.0,0,MBPI without feature stability,0.6362359476833866
101,portable,portable_alpha_0.50,1,0.5,none,0.0,0,MBPI without feature stability,0.5350082799075861
102,portable,portable_alpha_0.50,2,0.5,none,0.0,0,MBPI without feature stability,0.5672822788787648
103,portable,portable_alpha_0.50,3,0.5,none,0.0,0,MBPI without feature stability,0.592931507919603
104,portable,portable_alpha_0.50,4,0.5,none,0.0,0,MBPI without feature stability,0.7300899381892758
105,portable,portable_alpha_0.50,5,0.5,none,0.0,0,MBPI without feature stability,0.6157843921875316
106,portable,portable_alpha_0.50,6,0.5,none,0.0,0,MBPI without feature stability,0.5889396410342259
107,portable,portable_alpha_0.50,7,0.5,none,0.0,0,MBPI without feature stability,0.678505633424892
108,portable,portable_alpha_0.50,8,0.5,none,0.0,0,MBPI without feature stability,0.6675333152327563
109,portable,portable_alpha_0.50,9,0.5,none,0.0,0,MBPI without feature stability,0.5915154654120942
110,portable,portable_alpha_0.50,10,0.5,none,0.0,0,MBPI without feature stability,0.6099852956264571
111,portable,portable_alpha_0.50,11,0.5,none,0.0,0,MBPI without feature stability,0.5485458377475534
112,portable,portable_alpha_0.50,12,0.5,none,0.0,0,MBPI without feature stability,0.6257410132726514
113,portable,portable_alpha_0.50,13,0.5,none,0.0,0,MBPI without feature stability,0.5873117734455752
114,portable,portable_alpha_0.50,14,0.5,none,0.0,0,MBPI without feature stability,0.6086724732910389
115,portable,portable_alpha_0.50,15,0.5,none,0.0,0,MBPI without feature stability,0.5979010654485434
116,portable,portable_alpha_0.50,16,0.5,none,0.0,0,MBPI without feature stability,0.6287711817068568
117,portable,portable_alpha_0.50,17,0.5,none,0.0,0,MBPI without feature stability,0.679668006369101
118,portable,portable_alpha_0.50,18,0.5,none,0.0,0,MBPI without feature stability,0.6659233205347926
119,portable,portable_alpha_0.50,19,0.5,none,0.0,0,MBPI without feature stability,0.6257934712428975
120,portable,portable_alpha_0.50,20,0.5,none,0.0,0,MBPI without feature stability,0.6251426985979012
121,portable,portable_alpha_0.50,21,0.5,none,0.0,0,MBPI without feature stability,0.5599452465323588
122,portable,portable_alpha_0.50,22,0.5,none,0.0,0,MBPI without feature stability,0.6368624786232487
123,portable,portable_alpha_0.50,23,0.5,none,0.0,0,MBPI without feature stability,0.7116277708617416
124,portable,portable_alpha_0.50,24,0.5,none,0.0,0,MBPI without feature stability,0.5863213940917856
125,portable,portable_alpha_0.50,25,0.5,none,0.0,0,MBPI without feature stability,0.621214872579386
126,portable,portable_alpha_0.50,26,0.5,none,0.0,0,MBPI without feature stability,0.5730217113550027
127,portable,portable_alpha_0.50,27,0.5,none,0.0,0,MBPI without feature stability,0.6058795486900159
128,portable,portable_alpha_0.50,28,0.5,none,0.0,0,MBPI without feature stability,0.5687055247965127
129,portable,portable_alpha_0.50,29,0.5,none,0.0,0,MBPI without feature stability,0.5727450862477628
130,portable,portable_alpha_0.50,30,0.5,none,0.0,0,MBPI without feature stability,0.6256043993583281
131,portable,portable_alpha_0.50,31,0.5,none,0.0,0,MBPI without feature stability,0.5493798702716975
132,portable,portable_alpha_0.50,32,0.5,none,0.0,0,MBPI without feature stability,0.5646464887697007
133,portable,portable_alpha_0.50,33,0.5,none,0.0,0,MBPI without feature stability,0.5682055569008899
134,portable,portable_alpha_0.50,34,0.5,none,0.0,0,MBPI without feature stability,0.6446545795830705
135,portable,portable_alpha_0.50,35,0.5,none,0.0,0,MBPI without feature stability,0.7279638175293319
136,portable,portable_alpha_0.50,36,0.5,none,0.0,0,MBPI without feature stability,0.6564833321920955
137,portable,portable_alpha_0.50,37,0.5,none,0.0,0,MBPI without feature stability,0.5708038603058598
138,portable,portable_alpha_0.50,38,0.5,none,0.0,0,MBPI without feature stability,0.6260761216139386
139,portable,portable_alpha_0.50,39,0.5,none,0.0,0,MBPI without feature stability,0.6322597624167212
140,portable,portable_alpha_0.50,40,0.5,none,0.0,0,MBPI without feature stability,0.6032224766651255
141,portable,portable_alpha_0.50,41,0.5,none,0.0,0,MBPI without feature stability,0.6429954770131073
142,portable,portable_alpha_0.50,42,0.5,none,0.0,0,MBPI without feature stability,0.708994842387271
143,portable,portable_alpha_0.50,43,0.5,none,0.0,0,MBPI without feature stability,0.5383166691814268
144,portable,portable_alpha_0.50,44,0.5,none,0.0,0,MBPI without feature stability,0.6666358793896061
145,portable,portable_alpha_0.50,45,0.5,none,0.0,0,MBPI without feature stability,0.6336632740840047
146,portable,portable_alpha_0.50,46,0.5,none,0.0,0,MBPI without feature stability,0.6095375398546697
147,portable,portable_alpha_0.50,47,0.5,none,0.0,0,MBPI without feature stability,0.5012558699475131
148,portable,portable_alpha_0.50,48,0.5,none,0.0,0,MBPI without feature stability,0.733030748866126
149,portable,portable_alpha_0.50,49,0.5,none,0.0,0,MBPI without feature stability,0.6434905600874776
150,portable,portable_alpha_0.50,50,0.5,none,0.0,0,MBPI without feature stability,0.5862761353003139
151,portable,portable_alpha_1.00,1,1.0,none,0.0,0,MBPI without feature stability,0.5568478873869058
152,portable,portable_alpha_1.00,2,1.0,none,0.0,0,MBPI without feature stability,0.571955255429607
153,portable,portable_alpha_1.00,3,1.0,none,0.0,0,MBPI without feature stability,0.616230294863408
154,portable,portable_alpha_1.00,4,1.0,none,0.0,0,MBPI without feature stability,0.5633351595883733
155,portable,portable_alpha_1.00,5,1.0,none,0.0,0,MBPI without feature stability,0.5848701471189867
156,portable,portable_alpha_1.00,6,1.0,none,0.0,0,MBPI without feature stability,0.5885739500606797
157,portable,portable_alpha_1.00,7,1.0,none,0.0,0,MBPI without feature stability,0.5494829955947969
158,portable,portable_alpha_1.00,8,1.0,none,0.0,0,MBPI without feature stability,0.538607448009049
159,portable,portable_alpha_1.00,9,1.0,none,0.0,0,MBPI without feature stability,0.6036025941080561
160,portable,portable_alpha_1.00,10,1.0,none,0.0,0,MBPI without feature stability,0.5577687649025254
161,portable,portable_alpha_1.00,11,1.0,none,0.0,0,MBPI without feature stability,0.5566696588755009
162,portable,portable_alpha_1.00,12,1.0,none,0.0,0,MBPI without feature stability,0.624446001620659
163,portable,portable_alpha_1.00,13,1.0,none,0.0,0,MBPI without feature stability,0.5937709241292158
164,portable,portable_alpha_1.00,14,1.0,none,0.0,0,MBPI without feature stability,0.6143861646833619
165,portable,portable_alpha_1.00,15,1.0,none,0.0,0,MBPI without feature stability,0.5980158249900203
166,portable,portable_alpha_1.00,16,1.0,none,0.0,0,MBPI without feature stability,0.6335661615605424
167,portable,portable_alpha_1.00,17,1.0,none,0.0,0,MBPI without feature stability,0.5813441029758752
168,portable,portable_alpha_1.00,18,1.0,none,0.0,0,MBPI without feature stability,0.5845126558347087
169,portable,portable_alpha_1.00,19,1.0,none,0.0,0,MBPI without feature stability,0.5577239455540872
170,portable,portable_alpha_1.00,20,1.0,none,0.0,0,MBPI without feature stability,0.5545335656839697
171,portable,portable_alpha_1.00,21,1.0,none,0.0,0,MBPI without feature stability,0.5982309231897774
172,portable,portable_alpha_1.00,22,1.0,none,0.0,0,MBPI without feature stability,0.6072390707390448
173,portable,portable_alpha_1.00,23,1.0,none,0.0,0,MBPI without feature stability,0.5582793215623478
174,portable,portable_alpha_1.00,24,1.0,none,0.0,0,MBPI without feature stability,0.6225119007311551
175,portable,portable_alpha_1.00,25,1.0,none,0.0,0,MBPI without feature stability,0.591297473045613
176,portable,portable_alpha_1.00,26,1.0,none,0.0,0,MBPI without feature stability,0.5627806325201247
177,portable,portable_alpha_1.00,27,1.0,none,0.0,0,MBPI without feature stability,0.615256798020071
178,portable,portable_alpha_1.00,28,1.0,none,0.0,0,MBPI without feature stability,0.5469259101200283
179,portable,portable_alpha_1.00,29,1.0,none,0.0,0,MBPI without feature stability,0.5999489909795324
180,portable,portable_alpha_1.00,30,1.0,none,0.0,0,MBPI without feature stability,0.584611482880105
181,portable,portable_alpha_1.00,31,1.0,none,0.0,0,MBPI without feature stability,0.5841798596899055
182,portable,portable_alpha_1.00,32,1.0,none,0.0,0,MBPI without feature stability,0.5972658422953503
183,portable,portable_alpha_1.00,33,1.0,none,0.0,0,MBPI without feature stability,0.5735041479852824
184,portable,portable_alpha_1.00,34,1.0,none,0.0,0,MBPI without feature stability,0.5972080778061394
185,portable,portable_alpha_1.00,35,1.0,none,0.0,0,MBPI without feature stability,0.598887710262456
186,portable,portable_alpha_1.00,36,1.0,none,0.0,0,MBPI without feature stability,0.5910885465186848
187,portable,portable_alpha_1.00,37,1.0,none,0.0,0,MBPI without feature stability,0.6076596337760799
188,portable,portable_alpha_1.00,38,1.0,none,0.0,0,MBPI without feature stability,0.5788218182167684
189,portable,portable_alpha_1.00,39,1.0,none,0.0,0,MBPI without feature stability,0.5758411553575168
190,portable,portable_alpha_1.00,40,1.0,none,0.0,0,MBPI without feature stability,0.5990840453532583
191,portable,portable_alpha_1.00,41,1.0,none,0.0,0,MBPI without feature stability,0.5526880569593168
192,portable,portable_alpha_1.00,42,1.0,none,0.0,0,MBPI without feature stability,0.5763268729579502
193,portable,portable_alpha_1.00,43,1.0,none,0.0,0,MBPI without feature stability,0.623501632100852
194,portable,portable_alpha_1.00,44,1.0,none,0.0,0,MBPI without feature stability,0.6200599810540857
195,portable,portable_alpha_1.00,45,1.0,none,0.0,0,MBPI without feature stability,0.6213936857012007
196,portable,portable_alpha_1.00,46,1.0,none,0.0,0,MBPI without feature stability,0.5412156702558673
197,portable,portable_alpha_1.00,47,1.0,none,0.0,0,MBPI without feature stability,0.6011561421869672
198,portable,portable_alpha_1.00,48,1.0,none,0.0,0,MBPI without feature stability,0.6196199984333378
199,portable,portable_alpha_1.00,49,1.0,none,0.0,0,MBPI without feature stability,0.5869663030143093
200,portable,portable_alpha_1.00,50,1.0,none,0.0,0,MBPI without feature stability,0.5795632931802767
201,portable,portable_alpha_1.50,1,1.5,none,0.0,0,MBPI without feature stability,0.5363670752189982
202,portable,portable_alpha_1.50,2,1.5,none,0.0,0,MBPI without feature stability,0.5667216289125906
203,portable,portable_alpha_1.50,3,1.5,none,0.0,0,MBPI without feature stability,0.572234597272693
204,portable,portable_alpha_1.50,4,1.5,none,0.0,0,MBPI without feature stability,0.5857775190016747
205,portable,portable_alpha_1.50,5,1.5,none,0.0,0,MBPI without feature stability,0.5818753334883604
206,portable,portable_alpha_1.50,6,1.5,none,0.0,0,MBPI without feature stability,0.5383113749463998
207,portable,portable_alpha_1.50,7,1.5,none,0.0,0,MBPI without feature stability,0.596608801899965
208,portable,portable_alpha_1.50,8,1.5,none,0.0,0,MBPI without feature stability,0.5624710707323077
209,portable,portable_alpha_1.50,9,1.5,none,0.0,0,MBPI without feature stability,0.5654855718283344
210,portable,portable_alpha_1.50,10,1.5,none,0.0,0,MBPI without feature stability,0.502070439450695
211,portable,portable_alpha_1.50,11,1.5,none,0.0,0,MBPI without feature stability,0.5372014365009397
212,portable,portable_alpha_1.50,12,1.5,none,0.0,0,MBPI without feature stability,0.5044246477144153
213,portable,portable_alpha_1.50,13,1.5,none,0.0,0,MBPI without feature stability,0.5436425608116501
214,portable,portable_alpha_1.50,14,1.5,none,0.0,0,MBPI without feature stability,0.5686588094112303
215,portable,portable_alpha_1.50,15,1.5,none,0.0,0,MBPI without feature stability,0.5787720017778801
216,portable,portable_alpha_1.50,16,1.5,none,0.0,0,MBPI without feature stability,0.5700806892068847
217,portable,portable_alpha_1.50,17,1.5,none,0.0,0,MBPI without feature stability,0.580948252139091
218,portable,portable_alpha_1.50,18,1.5,none,0.0,0,MBPI without feature stability,0.5535856886100767
219,portable,portable_alpha_1.50,19,1.5,none,0.0,0,MBPI without feature stability,0.5328194527399359
220,portable,portable_alpha_1.50,20,1.5,none,0.0,0,MBPI without feature stability,0.560393728707993
221,portable,portable_alpha_1.50,21,1.5,none,0.0,0,MBPI without feature stability,0.5341262817234763
222,portable,portable_alpha_1.50,22,1.5,none,0.0,0,MBPI without feature stability,0.5490221239173885
223,portable,portable_alpha_1.50,23,1.5,none,0.0,0,MBPI without feature stability,0.5464538615321156
224,portable,portable_alpha_1.50,24,1.5,none,0.0,0,MBPI without feature stability,0.5571596906886775
225,portable,portable_alpha_1.50,25,1.5,none,0.0,0,MBPI without feature stability,0.5317086287934152
226,portable,portable_alpha_1.50,26,1.5,none,0.0,0,MBPI without feature stability,0.5277773710977998
227,portable,portable_alpha_1.50,27,1.5,none,0.0,0,MBPI without feature stability,0.5806185294622983
228,portable,portable_alpha_1.50,28,1.5,none,0.0,0,MBPI without feature stability,0.5187893845616822
229,portable,portable_alpha_1.50,29,1.5,none,0.0,0,MBPI without feature stability,0.5413022008899977
230,portable,portable_alpha_1.50,30,1.5,none,0.0,0,MBPI without feature stability,0.5772000071681174
231,portable,portable_alpha_1.50,31,1.5,none,0.0,0,MBPI without feature stability,0.5298680752587768
232,portable,portable_alpha_1.50,32,1.5,none,0.0,0,MBPI without feature stability,0.5491237211358364
233,portable,portable_alpha_1.50,33,1.5,none,0.0,0,MBPI without feature stability,0.5355585403984552
234,portable,portable_alpha_1.50,34,1.5,none,0.0,0,MBPI without feature stability,0.5638352427029413
235,portable,portable_alpha_1.50,35,1.5,none,0.0,0,MBPI without feature stability,0.567764064442995
236,portable,portable_alpha_1.50,36,1.5,none,0.0,0,MBPI without feature stability,0.5669608173493252
237,portable,portable_alpha_1.50,37,1.5,none,0.0,0,MBPI without feature stability,0.5701279268850883
238,portable,portable_alpha_1.50,38,1.5,none,0.0,0,MBPI without feature stability,0.5529358403263276
239,portable,portable_alpha_1.50,39,1.5,none,0.0,0,MBPI without feature stability,0.5938052682714854
240,portable,portable_alpha_1.50,40,1.5,none,0.0,0,MBPI without feature stability,0.5521042115158135
241,portable,portable_alpha_1.50,41,1.5,none,0.0,0,MBPI without feature stability,0.5764682748364554
242,portable,portable_alpha_1.50,42,1.5,none,0.0,0,MBPI without feature stability,0.545823250547172
243,portable,portable_alpha_1.50,43,1.5,none,0.0,0,MBPI without feature stability,0.5290266937630713
244,portable,portable_alpha_1.50,44,1.5,none,0.0,0,MBPI without feature stability,0.5221784948095746
245,portable,portable_alpha_1.50,45,1.5,none,0.0,0,MBPI without feature stability,0.5249360861450878
246,portable,portable_alpha_1.50,46,1.5,none,0.0,0,MBPI without feature stability,0.5463818444766031
247,portable,portable_alpha_1.50,47,1.5,none,0.0,0,MBPI without feature stability,0.54657104578994
248,portable,portable_alpha_1.50,48,1.5,none,0.0,0,MBPI without feature stability,0.5698307589284988
249,portable,portable_alpha_1.50,49,1.5,none,0.0,0,MBPI without feature stability,0.5414156180026752
250,portable,portable_alpha_1.50,50,1.5,none,0.0,0,MBPI without feature stability,0.558063910049355
251,nonportable,nonportable_low,1,1.0,low,0.25,1,MBPI without feature stability,0.5810564319020297
252,nonportable,nonportable_low,2,1.0,low,0.25,1,MBPI without feature stability,0.5240617427744242
253,nonportable,nonportable_low,3,1.0,low,0.25,1,MBPI without feature stability,0.5515582913368525
254,nonportable,nonportable_low,4,1.0,low,0.25,1,MBPI without feature stability,0.5500825245450257
255,nonportable,nonportable_low,5,1.0,low,0.25,1,MBPI without feature stability,0.5659595394719761
256,nonportable,nonportable_low,6,1.0,low,0.25,1,MBPI without feature stability,0.6045156484684064
257,nonportable,nonportable_low,7,1.0,low,0.25,1,MBPI without feature stability,0.5610632795210055
258,nonportable,nonportable_low,8,1.0,low,0.25,1,MBPI without feature stability,0.6169541360889763
259,nonportable,nonportable_low,9,1.0,low,0.25,1,MBPI without feature stability,0.5542056012375763
260,nonportable,nonportable_low,10,1.0,low,0.25,1,MBPI without feature stability,0.5421514537682969
261,nonportable,nonportable_low,11,1.0,low,0.25,1,MBPI without feature stability,0.6146986004400454
262,nonportable,nonportable_low,12,1.0,low,0.25,1,MBPI without feature stability,0.6361607073670158
263,nonportable,nonportable_low,13,1.0,low,0.25,1,MBPI without feature stability,0.5299672293073401
264,nonportable,nonportable_low,14,1.0,low,0.25,1,MBPI without feature stability,0.5225037887744801
265,nonportable,nonportable_low,15,1.0,low,0.25,1,MBPI without feature stability,0.594208360948499
266,nonportable,nonportable_low,16,1.0,low,0.25,1,MBPI without feature stability,0.5901706391435673
267,nonportable,nonportable_low,17,1.0,low,0.25,1,MBPI without feature stability,0.6390410891056496
268,nonportable,nonportable_low,18,1.0,low,0.25,1,MBPI without feature stability,0.5408063479449309
269,nonportable,nonportable_low,19,1.0,low,0.25,1,MBPI without feature stability,0.5614946810701805
270,nonportable,nonportable_low,20,1.0,low,0.25,1,MBPI without feature stability,0.5856655589894244
271,nonportable,nonportable_low,21,1.0,low,0.25,1,MBPI without feature stability,0.5793835117161743
272,nonportable,nonportable_low,22,1.0,low,0.25,1,MBPI without feature stability,0.6329685994782309
273,nonportable,nonportable_low,23,1.0,low,0.25,1,MBPI without feature stability,0.6042244830186353
274,nonportable,nonportable_low,24,1.0,low,0.25,1,MBPI without feature stability,0.5359036666089512
275,nonportable,nonportable_low,25,1.0,low,0.25,1,MBPI without feature stability,0.5841016658690074
276,nonportable,nonportable_low,26,1.0,low,0.25,1,MBPI without feature stability,0.5997111705021212
277,nonportable,nonportable_low,27,1.0,low,0.25,1,MBPI without feature stability,0.5721733840900984
278,nonportable,nonportable_low,28,1.0,low,0.25,1,MBPI without feature stability,0.5858629043421445
279,nonportable,nonportable_low,29,1.0,low,0.25,1,MBPI without feature stability,0.5966681755382914
280,nonportable,nonportable_low,30,1.0,low,0.25,1,MBPI without feature stability,0.6973417652218197
281,nonportable,nonportable_low,31,1.0,low,0.25,1,MBPI without feature stability,0.5579410966009174
282,nonportable,nonportable_low,32,1.0,low,0.25,1,MBPI without feature stability,0.5400249975329611
283,nonportable,nonportable_low,33,1.0,low,0.25,1,MBPI without feature stability,0.6214505442104223
284,nonportable,nonportable_low,34,1.0,low,0.25,1,MBPI without feature stability,0.562316081347637
285,nonportable,nonportable_low,35,1.0,low,0.25,1,MBPI without feature stability,0.5699913564609453
286,nonportable,nonportable_low,36,1.0,low,0.25,1,MBPI without feature stability,0.5749009471884758
287,nonportable,nonportable_low,37,1.0,low,0.25,1,MBPI without feature stability,0.5567373678704103
288,nonportable,nonportable_low,38,1.0,low,0.25,1,MBPI without feature stability,0.578035095075949
289,nonportable,nonportable_low,39,1.0,low,0.25,1,MBPI without feature stability,0.5667183135916443
290,nonportable,nonportable_low,40,1.0,low,0.25,1,MBPI without feature stability,0.6174961744013592
291,nonportable,nonportable_low,41,1.0,low,0.25,1,MBPI without feature stability,0.6063788210882562
292,nonportable,nonportable_low,42,1.0,low,0.25,1,MBPI without feature stability,0.5712058402161364
293,nonportable,nonportable_low,43,1.0,low,0.25,1,MBPI without feature stability,0.6189685658004658
294,nonportable,nonportable_low,44,1.0,low,0.25,1,MBPI without feature stability,0.5862914518274891
295,nonportable,nonportable_low,45,1.0,low,0.25,1,MBPI without feature stability,0.6152149106947897
296,nonportable,nonportable_low,46,1.0,low,0.25,1,MBPI without feature stability,0.5603106818137256
297,nonportable,nonportable_low,47,1.0,low,0.25,1,MBPI without feature stability,0.524757150289469
298,nonportable,nonportable_low,48,1.0,low,0.25,1,MBPI without feature stability,0.555604310571954
299,nonportable,nonportable_low,49,1.0,low,0.25,1,MBPI without feature stability,0.5409752416873528
300,nonportable,nonportable_low,50,1.0,low,0.25,1,MBPI without feature stability,0.6350477034782693
301,nonportable,nonportable_moderate,1,1.0,moderate,0.5,1,MBPI without feature stability,0.6196145588395504
302,nonportable,nonportable_moderate,2,1.0,moderate,0.5,1,MBPI without feature stability,0.5934299840756835
303,nonportable,nonportable_moderate,3,1.0,moderate,0.5,1,MBPI without feature stability,0.5742245911273164
304,nonportable,nonportable_moderate,4,1.0,moderate,0.5,1,MBPI without feature stability,0.5575512776894368
305,nonportable,nonportable_moderate,5,1.0,moderate,0.5,1,MBPI without feature stability,0.6428560606439511
306,nonportable,nonportable_moderate,6,1.0,moderate,0.5,1,MBPI without feature stability,0.5568386435672628
307,nonportable,nonportable_moderate,7,1.0,moderate,0.5,1,MBPI without feature stability,0.6117439291855303
308,nonportable,nonportable_moderate,8,1.0,moderate,0.5,1,MBPI without feature stability,0.567623403839504
309,nonportable,nonportable_moderate,9,1.0,moderate,0.5,1,MBPI without feature stability,0.6127667193385037
310,nonportable,nonportable_moderate,10,1.0,moderate,0.5,1,MBPI without feature stability,0.6432847638119249
311,nonportable,nonportable_moderate,11,1.0,moderate,0.5,1,MBPI without feature stability,0.5394226470111451
312,nonportable,nonportable_moderate,12,1.0,moderate,0.5,1,MBPI without feature stability,0.5927291834035691
313,nonportable,nonportable_moderate,13,1.0,moderate,0.5,1,MBPI without feature stability,0.5652042824542086
314,nonportable,nonportable_moderate,14,1.0,moderate,0.5,1,MBPI without feature stability,0.5860549115155252
315,nonportable,nonportable_moderate,15,1.0,moderate,0.5,1,MBPI without feature stability,0.6589372379165683
316,nonportable,nonportable_moderate,16,1.0,moderate,0.5,1,MBPI without feature stability,0.6187514887644896
317,nonportable,nonportable_moderate,17,1.0,moderate,0.5,1,MBPI without feature stability,0.5882837308174629
318,nonportable,nonportable_moderate,18,1.0,moderate,0.5,1,MBPI without feature stability,0.583338965576403
319,nonportable,nonportable_moderate,19,1.0,moderate,0.5,1,MBPI without feature stability,0.5705071599061922
320,nonportable,nonportable_moderate,20,1.0,moderate,0.5,1,MBPI without feature stability,0.578420788478422
321,nonportable,nonportable_moderate,21,1.0,moderate,0.5,1,MBPI without feature stability,0.5632317174623789
322,nonportable,nonportable_moderate,22,1.0,moderate,0.5,1,MBPI without feature stability,0.5668104718027294
323,nonportable,nonportable_moderate,23,1.0,moderate,0.5,1,MBPI without feature stability,0.6092092461385941
324,nonportable,nonportable_moderate,24,1.0,moderate,0.5,1,MBPI without feature stability,0.5766813989445323
325,nonportable,nonportable_moderate,25,1.0,moderate,0.5,1,MBPI without feature stability,0.5932929854707218
326,nonportable,nonportable_moderate,26,1.0,moderate,0.5,1,MBPI without feature stability,0.5845514415289182
327,nonportable,nonportable_moderate,27,1.0,moderate,0.5,1,MBPI without feature stability,0.5969793228912098
328,nonportable,nonportable_moderate,28,1.0,moderate,0.5,1,MBPI without feature stability,0.6287195858471806
329,nonportable,nonportable_moderate,29,1.0,moderate,0.5,1,MBPI without feature stability,0.5879268847995716
330,nonportable,nonportable_moderate,30,1.0,moderate,0.5,1,MBPI without feature stability,0.5702640811948541
331,nonportable,nonportable_moderate,31,1.0,moderate,0.5,1,MBPI without feature stability,0.6125924118404285
332,nonportable,nonportable_moderate,32,1.0,moderate,0.5,1,MBPI without feature stability,0.5873373240136435
333,nonportable,nonportable_moderate,33,1.0,moderate,0.5,1,MBPI without feature stability,0.5812491995804192
334,nonportable,nonportable_moderate,34,1.0,moderate,0.5,1,MBPI without feature stability,0.5481709485491874
335,nonportable,nonportable_moderate,35,1.0,moderate,0.5,1,MBPI without feature stability,0.6509452538630026
336,nonportable,nonportable_moderate,36,1.0,moderate,0.5,1,MBPI without feature stability,0.6068968394960549
337,nonportable,nonportable_moderate,37,1.0,moderate,0.5,1,MBPI without feature stability,0.5235059986255374
338,nonportable,nonportable_moderate,38,1.0,moderate,0.5,1,MBPI without feature stability,0.5759131752015048
339,nonportable,nonportable_moderate,39,1.0,moderate,0.5,1,MBPI without feature stability,0.6101512937861664
340,nonportable,nonportable_moderate,40,1.0,moderate,0.5,1,MBPI without feature stability,0.5992719022969328
341,nonportable,nonportable_moderate,41,1.0,moderate,0.5,1,MBPI without feature stability,0.6071937063901282
342,nonportable,nonportable_moderate,42,1.0,moderate,0.5,1,MBPI without feature stability,0.5651149272567993
343,nonportable,nonportable_moderate,43,1.0,moderate,0.5,1,MBPI without feature stability,0.5547698084195631
344,nonportable,nonportable_moderate,44,1.0,moderate,0.5,1,MBPI without feature stability,0.5842052226080269
345,nonportable,nonportable_moderate,45,1.0,moderate,0.5,1,MBPI without feature stability,0.5901514524237548
346,nonportable,nonportable_moderate,46,1.0,moderate,0.5,1,MBPI without feature stability,0.617660216388493
347,nonportable,nonportable_moderate,47,1.0,moderate,0.5,1,MBPI without feature stability,0.5475849080629972
348,nonportable,nonportable_moderate,48,1.0,moderate,0.5,1,MBPI without feature stability,0.5564660070659789
349,nonportable,nonportable_moderate,49,1.0,moderate,0.5,1,MBPI without feature stability,0.6047211669951997
350,nonportable,nonportable_moderate,50,1.0,moderate,0.5,1,MBPI without feature stability,0.5808126391478899
351,nonportable,nonportable_high,1,1.0,high,1.0,1,MBPI without feature stability,0.7422756248286065
352,nonportable,nonportable_high,2,1.0,high,1.0,1,MBPI without feature stability,0.7889118491325624
353,nonportable,nonportable_high,3,1.0,high,1.0,1,MBPI without feature stability,0.663598999712534
354,nonportable,nonportable_high,4,1.0,high,1.0,1,MBPI without feature stability,0.7460066536554519
355,nonportable,nonportable_high,5,1.0,high,1.0,1,MBPI without feature stability,0.7559969118365946
356,nonportable,nonportable_high,6,1.0,high,1.0,1,MBPI without feature stability,0.6618077900276116
357,nonportable,nonportable_high,7,1.0,high,1.0,1,MBPI without feature stability,0.7743752892071532
358,nonportable,nonportable_high,8,1.0,high,1.0,1,MBPI without feature stability,0.7670278133580377
359,nonportable,nonportable_high,9,1.0,high,1.0,1,MBPI without feature stability,0.6811608722637208
360,nonportable,nonportable_high,10,1.0,high,1.0,1,MBPI without feature stability,0.7455548728426903
361,nonportable,nonportable_high,11,1.0,high,1.0,1,MBPI without feature stability,0.780540913829546
362,nonportable,nonportable_high,12,1.0,high,1.0,1,MBPI without feature stability,0.7571960135982319
363,nonportable,nonportable_high,13,1.0,high,1.0,1,MBPI without feature stability,0.665580157713946
364,nonportable,nonportable_high,14,1.0,high,1.0,1,MBPI without feature stability,0.7288045228952706
365,nonportable,nonportable_high,15,1.0,high,1.0,1,MBPI without feature stability,0.7544231857293948
366,nonportable,nonportable_high,16,1.0,high,1.0,1,MBPI without feature stability,0.7255354445275587
367,nonportable,nonportable_high,17,1.0,high,1.0,1,MBPI without feature stability,0.6669656992936581
368,nonportable,nonportable_high,18,1.0,high,1.0,1,MBPI without feature stability,0.7691343870874132
369,nonportable,nonportable_high,19,1.0,high,1.0,1,MBPI without feature stability,0.6722554963252915
370,nonportable,nonportable_high,20,1.0,high,1.0,1,MBPI without feature stability,0.6982429005729867
371,nonportable,nonportable_high,21,1.0,high,1.0,1,MBPI without feature stability,0.7707377723482755
372,nonportable,nonportable_high,22,1.0,high,1.0,1,MBPI without feature stability,0.6587215423493783
373,nonportable,nonportable_high,23,1.0,high,1.0,1,MBPI without feature stability,0.7524179355477135
374,nonportable,nonportable_high,24,1.0,high,1.0,1,MBPI without feature stability,0.7009966333888301
375,nonportable,nonportable_high,25,1.0,high,1.0,1,MBPI without feature stability,0.6664964046175244
376,nonportable,nonportable_high,26,1.0,high,1.0,1,MBPI without feature stability,0.7728678488215307
377,nonportable,nonportable_high,27,1.0,high,1.0,1,MBPI without feature stability,0.7185317504537417
378,nonportable,nonportable_high,28,1.0,high,1.0,1,MBPI without feature stability,0.6298409111909627
379,nonportable,nonportable_high,29,1.0,high,1.0,1,MBPI without feature stability,0.6827903830652107
380,nonportable,nonportable_high,30,1.0,high,1.0,1,MBPI without feature stability,0.7720405948658564
381,nonportable,nonportable_high,31,1.0,high,1.0,1,MBPI without feature stability,0.7463953060365323
382,nonportable,nonportable_high,32,1.0,high,1.0,1,MBPI without feature stability,0.7182610109553049
383,nonportable,nonportable_high,33,1.0,high,1.0,1,MBPI without feature stability,0.6871974120475283
384,nonportable,nonportable_high,34,1.0,high,1.0,1,MBPI without feature stability,0.766436526278568
385,nonportable,nonportable_high,35,1.0,high,1.0,1,MBPI without feature stability,0.7627991389947408
386,nonportable,nonportable_high,36,1.0,high,1.0,1,MBPI without feature stability,0.7471837745650505
387,nonportable,nonportable_high,37,1.0,high,1.0,1,MBPI without feature stability,0.7643527743339066
388,nonportable,nonportable_high,38,1.0,high,1.0,1,MBPI without feature stability,0.7340329741252248
389,nonportable,nonportable_high,39,1.0,high,1.0,1,MBPI without feature stability,0.7766880478657141
390,nonportable,nonportable_high,40,1.0,high,1.0,1,MBPI without feature stability,0.7114486098527395
391,nonportable,nonportable_high,41,1.0,high,1.0,1,MBPI without feature stability,0.7159534254371496
392,nonportable,nonportable_high,42,1.0,high,1.0,1,MBPI without feature stability,0.7764334521179012
393,nonportable,nonportable_high,43,1.0,high,1.0,1,MBPI without feature stability,0.7173379046505037
394,nonportable,nonportable_high,44,1.0,high,1.0,1,MBPI without feature stability,0.7105442399839929
395,nonportable,nonportable_high,45,1.0,high,1.0,1,MBPI without feature stability,0.7692795550084488
396,nonportable,nonportable_high,46,1.0,high,1.0,1,MBPI without feature stability,0.7258644863029218
397,nonportable,nonportable_high,47,1.0,high,1.0,1,MBPI without feature stability,0.7611285379636156
398,nonportable,nonportable_high,48,1.0,high,1.0,1,MBPI without feature stability,0.6124709804975366
399,nonportable,nonportable_high,49,1.0,high,1.0,1,MBPI without feature stability,0.6607573835146431
400,nonportable,nonportable_high,50,1.0,high,1.0,1,MBPI without feature stability,0.7632318517825968
51,portable,portable_alpha_0.25,1,0.25,none,0.0,0,MBPI without heterogeneity,0.6853466096537683
52,portable,portable_alpha_0.25,2,0.25,none,0.0,0,MBPI without heterogeneity,0.8219676168908101
53,portable,portable_alpha_0.25,3,0.25,none,0.0,0,MBPI without heterogeneity,0.7616890783738753
54,portable,portable_alpha_0.25,4,0.25,none,0.0,0,MBPI without heterogeneity,0.8592538337521478
55,portable,portable_alpha_0.25,5,0.25,none,0.0,0,MBPI without heterogeneity,0.8688610908751407
56,portable,portable_alpha_0.25,6,0.25,none,0.0,0,MBPI without heterogeneity,0.6720456155712927
57,portable,portable_alpha_0.25,7,0.25,none,0.0,0,MBPI without heterogeneity,0.7705243984712976
58,portable,portable_alpha_0.25,8,0.25,none,0.0,0,MBPI without heterogeneity,0.7498464054405038
59,portable,portable_alpha_0.25,9,0.25,none,0.0,0,MBPI without heterogeneity,0.8485334794265545
60,portable,portable_alpha_0.25,10,0.25,none,0.0,0,MBPI without heterogeneity,0.8818790145593767
61,portable,portable_alpha_0.25,11,0.25,none,0.0,0,MBPI without heterogeneity,0.778824436160613
62,portable,portable_alpha_0.25,12,0.25,none,0.0,0,MBPI without heterogeneity,0.6601872498270629
63,portable,portable_alpha_0.25,13,0.25,none,0.0,0,MBPI without heterogeneity,0.8711201855889168
64,portable,portable_alpha_0.25,14,0.25,none,0.0,0,MBPI without heterogeneity,0.6613929608621796
65,portable,portable_alpha_0.25,15,0.25,none,0.0,0,MBPI without heterogeneity,0.8460954480361362
66,portable,portable_alpha_0.25,16,0.25,none,0.0,0,MBPI without heterogeneity,0.70646874419435
67,portable,portable_alpha_0.25,17,0.25,none,0.0,0,MBPI without heterogeneity,0.868096194392596
68,portable,portable_alpha_0.25,18,0.25,none,0.0,0,MBPI without heterogeneity,0.7930736417534073
69,portable,portable_alpha_0.25,19,0.25,none,0.0,0,MBPI without heterogeneity,0.736448470865638
70,portable,portable_alpha_0.25,20,0.25,none,0.0,0,MBPI without heterogeneity,0.8081217999018204
71,portable,portable_alpha_0.25,21,0.25,none,0.0,0,MBPI without heterogeneity,0.7013733522817912
72,portable,portable_alpha_0.25,22,0.25,none,0.0,0,MBPI without heterogeneity,0.6736720508788316
73,portable,portable_alpha_0.25,23,0.25,none,0.0,0,MBPI without heterogeneity,0.6677754785273734
74,portable,portable_alpha_0.25,24,0.25,none,0.0,0,MBPI without heterogeneity,0.8728613951794137
75,portable,portable_alpha_0.25,25,0.25,none,0.0,0,MBPI without heterogeneity,0.7068100878793533
76,portable,portable_alpha_0.25,26,0.25,none,0.0,0,MBPI without heterogeneity,0.8534664239378987
77,portable,portable_alpha_0.25,27,0.25,none,0.0,0,MBPI without heterogeneity,0.8156126859906232
78,portable,portable_alpha_0.25,28,0.25,none,0.0,0,MBPI without heterogeneity,0.8172771251396866
79,portable,portable_alpha_0.25,29,0.25,none,0.0,0,MBPI without heterogeneity,0.7914694976820001
80,portable,portable_alpha_0.25,30,0.25,none,0.0,0,MBPI without heterogeneity,0.6686705950412349
81,portable,portable_alpha_0.25,31,0.25,none,0.0,0,MBPI without heterogeneity,0.702835144356641
82,portable,portable_alpha_0.25,32,0.25,none,0.0,0,MBPI without heterogeneity,0.779132330068318
83,portable,portable_alpha_0.25,33,0.25,none,0.0,0,MBPI without heterogeneity,0.8702078045583249
84,portable,portable_alpha_0.25,34,0.25,none,0.0,0,MBPI without heterogeneity,0.6852612310850106
85,portable,portable_alpha_0.25,35,0.25,none,0.0,0,MBPI without heterogeneity,0.7195550751698775
86,portable,portable_alpha_0.25,36,0.25,none,0.0,0,MBPI without heterogeneity,0.9174472920241454
87,portable,portable_alpha_0.25,37,0.25,none,0.0,0,MBPI without heterogeneity,0.7668323690088814
88,portable,portable_alpha_0.25,38,0.25,none,0.0,0,MBPI without heterogeneity,0.8036909022151975
89,portable,portable_alpha_0.25,39,0.25,none,0.0,0,MBPI without heterogeneity,0.7571693918734052
90,portable,portable_alpha_0.25,40,0.25,none,0.0,0,MBPI without heterogeneity,0.7433947414872311
91,portable,portable_alpha_0.25,41,0.25,none,0.0,0,MBPI without heterogeneity,0.6642754741413521
92,portable,portable_alpha_0.25,42,0.25,none,0.0,0,MBPI without heterogeneity,0.6568926782112767
93,portable,portable_alpha_0.25,43,0.25,none,0.0,0,MBPI without heterogeneity,0.866790605507633
94,portable,portable_alpha_0.25,44,0.25,none,0.0,0,MBPI without heterogeneity,0.8684655788829211
95,portable,portable_alpha_0.25,45,0.25,none,0.0,0,MBPI without heterogeneity,0.8169807778633678
96,portable,portable_alpha_0.25,46,0.25,none,0.0,0,MBPI without heterogeneity,0.8262161622169039
97,portable,portable_alpha_0.25,47,0.25,none,0.0,0,MBPI without heterogeneity,0.8337032638960775
98,portable,portable_alpha_0.25,48,0.25,none,0.0,0,MBPI without heterogeneity,0.7545712857852495
99,portable,portable_alpha_0.25,49,0.25,none,0.0,0,MBPI without heterogeneity,0.8522165268099389
100,portable,portable_alpha_0.25,50,0.25,none,0.0,0,MBPI without heterogeneity,0.7819092707760646
101,portable,portable_alpha_0.50,1,0.5,none,0.0,0,MBPI without heterogeneity,0.694960745742405
102,portable,portable_alpha_0.50,2,0.5,none,0.0,0,MBPI without heterogeneity,0.7063503792371877
103,portable,portable_alpha_0.50,3,0.5,none,0.0,0,MBPI without heterogeneity,0.736316975498619
104,portable,portable_alpha_0.50,4,0.5,none,0.0,0,MBPI without heterogeneity,0.8618103682968027
105,portable,portable_alpha_0.50,5,0.5,none,0.0,0,MBPI without heterogeneity,0.7778292101147024
106,portable,portable_alpha_0.50,6,0.5,none,0.0,0,MBPI without heterogeneity,0.7509844589613968
107,portable,portable_alpha_0.50,7,0.5,none,0.0,0,MBPI without heterogeneity,0.8227871583515782
108,portable,portable_alpha_0.50,8,0.5,none,0.0,0,MBPI without heterogeneity,0.8231265202567014
109,portable,portable_alpha_0.50,9,0.5,none,0.0,0,MBPI without heterogeneity,0.7328947757569217
110,portable,portable_alpha_0.50,10,0.5,none,0.0,0,MBPI without heterogeneity,0.7618099942253492
111,portable,portable_alpha_0.50,11,0.5,none,0.0,0,MBPI without heterogeneity,0.7006998893323451
112,portable,portable_alpha_0.50,12,0.5,none,0.0,0,MBPI without heterogeneity,0.7779548020139544
113,portable,portable_alpha_0.50,13,0.5,none,0.0,0,MBPI without heterogeneity,0.7368373901438674
114,portable,portable_alpha_0.50,14,0.5,none,0.0,0,MBPI without heterogeneity,0.7418080560373003
115,portable,portable_alpha_0.50,15,0.5,none,0.0,0,MBPI without heterogeneity,0.7472474706773016
116,portable,portable_alpha_0.50,16,0.5,none,0.0,0,MBPI without heterogeneity,0.7676600705957457
117,portable,portable_alpha_0.50,17,0.5,none,0.0,0,MBPI without heterogeneity,0.8269798343260902
118,portable,portable_alpha_0.50,18,0.5,none,0.0,0,MBPI without heterogeneity,0.798244636157816
119,portable,portable_alpha_0.50,19,0.5,none,0.0,0,MBPI without heterogeneity,0.7791457799082991
120,portable,portable_alpha_0.50,20,0.5,none,0.0,0,MBPI without heterogeneity,0.7766559334128438
121,portable,portable_alpha_0.50,21,0.5,none,0.0,0,MBPI without heterogeneity,0.722138608725721
122,portable,portable_alpha_0.50,22,0.5,none,0.0,0,MBPI without heterogeneity,0.7938424162483477
123,portable,portable_alpha_0.50,23,0.5,none,0.0,0,MBPI without heterogeneity,0.8690549841713079
124,portable,portable_alpha_0.50,24,0.5,none,0.0,0,MBPI without heterogeneity,0.7094025954266021
125,portable,portable_alpha_0.50,25,0.5,none,0.0,0,MBPI without heterogeneity,0.7688758137887143
126,portable,portable_alpha_0.50,26,0.5,none,0.0,0,MBPI without heterogeneity,0.714077429830076
127,portable,portable_alpha_0.50,27,0.5,none,0.0,0,MBPI without heterogeneity,0.7634553062657735
128,portable,portable_alpha_0.50,28,0.5,none,0.0,0,MBPI without heterogeneity,0.7234445660630683
129,portable,portable_alpha_0.50,29,0.5,none,0.0,0,MBPI without heterogeneity,0.7030132854814793
130,portable,portable_alpha_0.50,30,0.5,none,0.0,0,MBPI without heterogeneity,0.7897656194019012
131,portable,portable_alpha_0.50,31,0.5,none,0.0,0,MBPI without heterogeneity,0.7015936590130005
132,portable,portable_alpha_0.50,32,0.5,none,0.0,0,MBPI without heterogeneity,0.7217893459125577
133,portable,portable_alpha_0.50,33,0.5,none,0.0,0,MBPI without heterogeneity,0.6954086220349895
134,portable,portable_alpha_0.50,34,0.5,none,0.0,0,MBPI without heterogeneity,0.7940009848118287
135,portable,portable_alpha_0.50,35,0.5,none,0.0,0,MBPI without heterogeneity,0.8908123803778949
136,portable,portable_alpha_0.50,36,0.5,none,0.0,0,MBPI without heterogeneity,0.8139105455016619
137,portable,portable_alpha_0.50,37,0.5,none,0.0,0,MBPI without heterogeneity,0.7374903328746854
138,portable,portable_alpha_0.50,38,0.5,none,0.0,0,MBPI without heterogeneity,0.7830560592390375
139,portable,portable_alpha_0.50,39,0.5,none,0.0,0,MBPI without heterogeneity,0.7816061676454794
140,portable,portable_alpha_0.50,40,0.5,none,0.0,0,MBPI without heterogeneity,0.7478182837748368
141,portable,portable_alpha_0.50,41,0.5,none,0.0,0,MBPI without heterogeneity,0.7772226205283487
142,portable,portable_alpha_0.50,42,0.5,none,0.0,0,MBPI without heterogeneity,0.8536184983012494
143,portable,portable_alpha_0.50,43,0.5,none,0.0,0,MBPI without heterogeneity,0.6741404239706988
144,portable,portable_alpha_0.50,44,0.5,none,0.0,0,MBPI without heterogeneity,0.8071567818551528
145,portable,portable_alpha_0.50,45,0.5,none,0.0,0,MBPI without heterogeneity,0.7830096793127629
146,portable,portable_alpha_0.50,46,0.5,none,0.0,0,MBPI without heterogeneity,0.7605600994161288
147,portable,portable_alpha_0.50,47,0.5,none,0.0,0,MBPI without heterogeneity,0.657982529330719
148,portable,portable_alpha_0.50,48,0.5,none,0.0,0,MBPI without heterogeneity,0.8713797561806504
149,portable,portable_alpha_0.50,49,0.5,none,0.0,0,MBPI without heterogeneity,0.7901018341181064
150,portable,portable_alpha_0.50,50,0.5,none,0.0,0,MBPI without heterogeneity,0.7372517357066543
151,portable,portable_alpha_1.00,1,1.0,none,0.0,0,MBPI without heterogeneity,0.7031291585160471
152,portable,portable_alpha_1.00,2,1.0,none,0.0,0,MBPI without heterogeneity,0.7266942966961626
153,portable,portable_alpha_1.00,3,1.0,none,0.0,0,MBPI without heterogeneity,0.7544023378741607
154,portable,portable_alpha_1.00,4,1.0,none,0.0,0,MBPI without heterogeneity,0.715206817342384
155,portable,portable_alpha_1.00,5,1.0,none,0.0,0,MBPI without heterogeneity,0.7296474128639944
156,portable,portable_alpha_1.00,6,1.0,none,0.0,0,MBPI without heterogeneity,0.7400871848756223
157,portable,portable_alpha_1.00,7,1.0,none,0.0,0,MBPI without heterogeneity,0.7016967843360999
158,portable,portable_alpha_1.00,8,1.0,none,0.0,0,MBPI without heterogeneity,0.6740727798592528
159,portable,portable_alpha_1.00,9,1.0,none,0.0,0,MBPI without heterogeneity,0.7536025941080561
160,portable,portable_alpha_1.00,10,1.0,none,0.0,0,MBPI without heterogeneity,0.7128192699530305
161,portable,portable_alpha_1.00,11,1.0,none,0.0,0,MBPI without heterogeneity,0.7059691049491404
162,portable,portable_alpha_1.00,12,1.0,none,0.0,0,MBPI without heterogeneity,0.7655017200957323
163,portable,portable_alpha_1.00,13,1.0,none,0.0,0,MBPI without heterogeneity,0.7323013900790366
164,portable,portable_alpha_1.00,14,1.0,none,0.0,0,MBPI without heterogeneity,0.7734895323256291
165,portable,portable_alpha_1.00,15,1.0,none,0.0,0,MBPI without heterogeneity,0.7573724708741805
166,portable,portable_alpha_1.00,16,1.0,none,0.0,0,MBPI without heterogeneity,0.7796867603376876
167,portable,portable_alpha_1.00,17,1.0,none,0.0,0,MBPI without heterogeneity,0.7401631144514333
168,portable,portable_alpha_1.00,18,1.0,none,0.0,0,MBPI without heterogeneity,0.7340076053296581
169,portable,portable_alpha_1.00,19,1.0,none,0.0,0,MBPI without heterogeneity,0.6908595283003486
170,portable,portable_alpha_1.00,20,1.0,none,0.0,0,MBPI without heterogeneity,0.706895898691464
171,portable,portable_alpha_1.00,21,1.0,none,0.0,0,MBPI without heterogeneity,0.7420217728629801
172,portable,portable_alpha_1.00,22,1.0,none,0.0,0,MBPI without heterogeneity,0.7611290138130486
173,portable,portable_alpha_1.00,23,1.0,none,0.0,0,MBPI without heterogeneity,0.6968097875121686
174,portable,portable_alpha_1.00,24,1.0,none,0.0,0,MBPI without heterogeneity,0.7455348362679951
175,portable,portable_alpha_1.00,25,1.0,none,0.0,0,MBPI without heterogeneity,0.7487246863551792
176,portable,portable_alpha_1.00,26,1.0,none,0.0,0,MBPI without heterogeneity,0.6948594855667196
177,portable,portable_alpha_1.00,27,1.0,none,0.0,0,MBPI without heterogeneity,0.747335651066666
178,portable,portable_alpha_1.00,28,1.0,none,0.0,0,MBPI without heterogeneity,0.6838597647958184
179,portable,portable_alpha_1.00,29,1.0,none,0.0,0,MBPI without heterogeneity,0.7573762042890986
180,portable,portable_alpha_1.00,30,1.0,none,0.0,0,MBPI without heterogeneity,0.7434304943556629
181,portable,portable_alpha_1.00,31,1.0,none,0.0,0,MBPI without heterogeneity,0.7282658811952818
182,portable,portable_alpha_1.00,32,1.0,none,0.0,0,MBPI without heterogeneity,0.7482414427016908
183,portable,portable_alpha_1.00,33,1.0,none,0.0,0,MBPI without heterogeneity,0.7089694798354863
184,portable,portable_alpha_1.00,34,1.0,none,0.0,0,MBPI without heterogeneity,0.750560386471541
185,portable,portable_alpha_1.00,35,1.0,none,0.0,0,MBPI without heterogeneity,0.7602319742632665
186,portable,portable_alpha_1.00,36,1.0,none,0.0,0,MBPI without heterogeneity,0.7409256270009266
187,portable,portable_alpha_1.00,37,1.0,none,0.0,0,MBPI without heterogeneity,0.7627101388265849
188,portable,portable_alpha_1.00,38,1.0,none,0.0,0,MBPI without heterogeneity,0.7254330922473973
189,portable,portable_alpha_1.00,39,1.0,none,0.0,0,MBPI without heterogeneity,0.7276367840032403
190,portable,portable_alpha_1.00,40,1.0,none,0.0,0,MBPI without heterogeneity,0.7502081900257901
191,portable,portable_alpha_1.00,41,1.0,none,0.0,0,MBPI without heterogeneity,0.698969328088458
192,portable,portable_alpha_1.00,42,1.0,none,0.0,0,MBPI without heterogeneity,0.7195308819016699
193,portable,portable_alpha_1.00,43,1.0,none,0.0,0,MBPI without heterogeneity,0.7641803885193192
194,portable,portable_alpha_1.00,44,1.0,none,0.0,0,MBPI without heterogeneity,0.7698970615363274
195,portable,portable_alpha_1.00,45,1.0,none,0.0,0,MBPI without heterogeneity,0.7604617860596236
196,portable,portable_alpha_1.00,46,1.0,none,0.0,0,MBPI without heterogeneity,0.6854971951825535
197,portable,portable_alpha_1.00,47,1.0,none,0.0,0,MBPI without heterogeneity,0.756058102971281
198,portable,portable_alpha_1.00,48,1.0,none,0.0,0,MBPI without heterogeneity,0.7606757169084112
199,portable,portable_alpha_1.00,49,1.0,none,0.0,0,MBPI without heterogeneity,0.7339359999840063
200,portable,portable_alpha_1.00,50,1.0,none,0.0,0,MBPI without heterogeneity,0.7312394475129775
201,portable,portable_alpha_1.50,1,1.5,none,0.0,0,MBPI without heterogeneity,0.6809907311329766
202,portable,portable_alpha_1.50,2,1.5,none,0.0,0,MBPI without heterogeneity,0.713002900041732
203,portable,portable_alpha_1.50,3,1.5,none,0.0,0,MBPI without heterogeneity,0.7102251816481495
204,portable,portable_alpha_1.50,4,1.5,none,0.0,0,MBPI without heterogeneity,0.7316882391059433
205,portable,portable_alpha_1.50,5,1.5,none,0.0,0,MBPI without heterogeneity,0.7100278261569821
206,portable,portable_alpha_1.50,6,1.5,none,0.0,0,MBPI without heterogeneity,0.6908366274716523
207,portable,portable_alpha_1.50,7,1.5,none,0.0,0,MBPI without heterogeneity,0.7455967841896551
208,portable,portable_alpha_1.50,8,1.5,none,0.0,0,MBPI without heterogeneity,0.713518490745245
209,portable,portable_alpha_1.50,9,1.5,none,0.0,0,MBPI without heterogeneity,0.7004318083874741
210,portable,portable_alpha_1.50,10,1.5,none,0.0,0,MBPI without heterogeneity,0.6155982909095808
211,portable,portable_alpha_1.50,11,1.5,none,0.0,0,MBPI without heterogeneity,0.6816458809453841
212,portable,portable_alpha_1.50,12,1.5,none,0.0,0,MBPI without heterogeneity,0.6458387891285567
213,portable,portable_alpha_1.50,13,1.5,none,0.0,0,MBPI without heterogeneity,0.6983816020782057
214,portable,portable_alpha_1.50,14,1.5,none,0.0,0,MBPI without heterogeneity,0.7046617756700363
215,portable,portable_alpha_1.50,15,1.5,none,0.0,0,MBPI without heterogeneity,0.7280714478515198
216,portable,portable_alpha_1.50,16,1.5,none,0.0,0,MBPI without heterogeneity,0.7321255071340556
217,portable,portable_alpha_1.50,17,1.5,none,0.0,0,MBPI without heterogeneity,0.7223275624839186
218,portable,portable_alpha_1.50,18,1.5,none,0.0,0,MBPI without heterogeneity,0.6980301330545211
219,portable,portable_alpha_1.50,19,1.5,none,0.0,0,MBPI without heterogeneity,0.6600225178740355
220,portable,portable_alpha_1.50,20,1.5,none,0.0,0,MBPI without heterogeneity,0.7197503745921531
221,portable,portable_alpha_1.50,21,1.5,none,0.0,0,MBPI without heterogeneity,0.6846041789755671
222,portable,portable_alpha_1.50,22,1.5,none,0.0,0,MBPI without heterogeneity,0.6963339518743779
223,portable,portable_alpha_1.50,23,1.5,none,0.0,0,MBPI without heterogeneity,0.687509580007189
224,portable,portable_alpha_1.50,24,1.5,none,0.0,0,MBPI without heterogeneity,0.7059662143430714
225,portable,portable_alpha_1.50,25,1.5,none,0.0,0,MBPI without heterogeneity,0.6650745460303001
226,portable,portable_alpha_1.50,26,1.5,none,0.0,0,MBPI without heterogeneity,0.689970733291162
227,portable,portable_alpha_1.50,27,1.5,none,0.0,0,MBPI without heterogeneity,0.7331437819875508
228,portable,portable_alpha_1.50,28,1.5,none,0.0,0,MBPI without heterogeneity,0.6628754060670585
229,portable,portable_alpha_1.50,29,1.5,none,0.0,0,MBPI without heterogeneity,0.6906016469636374
230,portable,portable_alpha_1.50,30,1.5,none,0.0,0,MBPI without heterogeneity,0.7485040843545475
231,portable,portable_alpha_1.50,31,1.5,none,0.0,0,MBPI without heterogeneity,0.6810969539070103
232,portable,portable_alpha_1.50,32,1.5,none,0.0,0,MBPI without heterogeneity,0.6758076909788718
233,portable,portable_alpha_1.50,33,1.5,none,0.0,0,MBPI without heterogeneity,0.6789440079774712
234,portable,portable_alpha_1.50,34,1.5,none,0.0,0,MBPI without heterogeneity,0.6986022677925471
235,portable,portable_alpha_1.50,35,1.5,none,0.0,0,MBPI without heterogeneity,0.6976155749396667
236,portable,portable_alpha_1.50,36,1.5,none,0.0,0,MBPI without heterogeneity,0.7187855159482174
237,portable,portable_alpha_1.50,37,1.5,none,0.0,0,MBPI without heterogeneity,0.7094384898199397
238,portable,portable_alpha_1.50,38,1.5,none,0.0,0,MBPI without heterogeneity,0.6943151506711551
239,portable,portable_alpha_1.50,39,1.5,none,0.0,0,MBPI without heterogeneity,0.7168467429258631
240,portable,portable_alpha_1.50,40,1.5,none,0.0,0,MBPI without heterogeneity,0.6965486559602578
241,portable,portable_alpha_1.50,41,1.5,none,0.0,0,MBPI without heterogeneity,0.7338954881460216
242,portable,portable_alpha_1.50,42,1.5,none,0.0,0,MBPI without heterogeneity,0.6863882937687616
243,portable,portable_alpha_1.50,43,1.5,none,0.0,0,MBPI without heterogeneity,0.6686451000481443
244,portable,portable_alpha_1.50,44,1.5,none,0.0,0,MBPI without heterogeneity,0.6845076689034546
245,portable,portable_alpha_1.50,45,1.5,none,0.0,0,MBPI without heterogeneity,0.6747731666273296
246,portable,portable_alpha_1.50,46,1.5,none,0.0,0,MBPI without heterogeneity,0.6877796939389687
247,portable,portable_alpha_1.50,47,1.5,none,0.0,0,MBPI without heterogeneity,0.69657104578994
248,portable,portable_alpha_1.50,48,1.5,none,0.0,0,MBPI without heterogeneity,0.7269736160713559
249,portable,portable_alpha_1.50,49,1.5,none,0.0,0,MBPI without heterogeneity,0.696317578786989
250,portable,portable_alpha_1.50,50,1.5,none,0.0,0,MBPI without heterogeneity,0.6931871109122667
251,nonportable,nonportable_low,1,1.0,low,0.25,1,MBPI without heterogeneity,0.7224542813643953
252,nonportable,nonportable_low,2,1.0,low,0.25,1,MBPI without heterogeneity,0.6654758841885656
253,nonportable,nonportable_low,3,1.0,low,0.25,1,MBPI without heterogeneity,0.6926140098119259
254,nonportable,nonportable_low,4,1.0,low,0.25,1,MBPI without heterogeneity,0.695844700383103
255,nonportable,nonportable_low,5,1.0,low,0.25,1,MBPI without heterogeneity,0.7145584316192554
256,nonportable,nonportable_low,6,1.0,low,0.25,1,MBPI without heterogeneity,0.7516645569076374
257,nonportable,nonportable_low,7,1.0,low,0.25,1,MBPI without heterogeneity,0.6864507952311019
258,nonportable,nonportable_low,8,1.0,low,0.25,1,MBPI without heterogeneity,0.7652415644523061
259,nonportable,nonportable_low,9,1.0,low,0.25,1,MBPI without heterogeneity,0.7089446425041318
260,nonportable,nonportable_low,10,1.0,low,0.25,1,MBPI without heterogeneity,0.6839077261697305
261,nonportable,nonportable_low,11,1.0,low,0.25,1,MBPI without heterogeneity,0.7591430448844899
262,nonportable,nonportable_low,12,1.0,low,0.25,1,MBPI without heterogeneity,0.7932764568926325
263,nonportable,nonportable_low,13,1.0,low,0.25,1,MBPI without heterogeneity,0.6847062705738957
264,nonportable,nonportable_low,14,1.0,low,0.25,1,MBPI without heterogeneity,0.6678768744701464
265,nonportable,nonportable_low,15,1.0,low,0.25,1,MBPI without heterogeneity,0.7404775039918357
266,nonportable,nonportable_low,16,1.0,low,0.25,1,MBPI without heterogeneity,0.7247747447154149
267,nonportable,nonportable_low,17,1.0,low,0.25,1,MBPI without heterogeneity,0.7929310321796534
268,nonportable,nonportable_low,18,1.0,low,0.25,1,MBPI without heterogeneity,0.6952610330447773
269,nonportable,nonportable_low,19,1.0,low,0.25,1,MBPI without heterogeneity,0.7028739914150081
270,nonportable,nonportable_low,20,1.0,low,0.25,1,MBPI without heterogeneity,0.7193736072136018
271,nonportable,nonportable_low,21,1.0,low,0.25,1,MBPI without heterogeneity,0.7292205921984161
272,nonportable,nonportable_low,22,1.0,low,0.25,1,MBPI without heterogeneity,0.7741849903053003
273,nonportable,nonportable_low,23,1.0,low,0.25,1,MBPI without heterogeneity,0.7418588916207858
274,nonportable,nonportable_low,24,1.0,low,0.25,1,MBPI without heterogeneity,0.6635654840240892
275,nonportable,nonportable_low,25,1.0,low,0.25,1,MBPI without heterogeneity,0.7302222646461527
276,nonportable,nonportable_low,26,1.0,low,0.25,1,MBPI without heterogeneity,0.7644170528550622
277,nonportable,nonportable_low,27,1.0,low,0.25,1,MBPI without heterogeneity,0.7220104645723401
278,nonportable,nonportable_low,28,1.0,low,0.25,1,MBPI without heterogeneity,0.6935945991706135
279,nonportable,nonportable_low,29,1.0,low,0.25,1,MBPI without heterogeneity,0.7339604531531496
280,nonportable,nonportable_low,30,1.0,low,0.25,1,MBPI without heterogeneity,0.8347947151886741
281,nonportable,nonportable_low,31,1.0,low,0.25,1,MBPI without heterogeneity,0.7077781770831593
282,nonportable,nonportable_low,32,1.0,low,0.25,1,MBPI without heterogeneity,0.6890129798226512
283,nonportable,nonportable_low,33,1.0,low,0.25,1,MBPI without heterogeneity,0.7677196872537589
284,nonportable,nonportable_low,34,1.0,low,0.25,1,MBPI without heterogeneity,0.7005044163101656
285,nonportable,nonportable_low,35,1.0,low,0.25,1,MBPI without heterogeneity,0.7138959193310254
286,nonportable,nonportable_low,36,1.0,low,0.25,1,MBPI without heterogeneity,0.7147184773285866
287,nonportable,nonportable_low,37,1.0,low,0.25,1,MBPI without heterogeneity,0.7158337076119113
288,nonportable,nonportable_low,38,1.0,low,0.25,1,MBPI without heterogeneity,0.7209298874014813
289,nonportable,nonportable_low,39,1.0,low,0.25,1,MBPI without heterogeneity,0.7136880105613412
290,nonportable,nonportable_low,40,1.0,low,0.25,1,MBPI without heterogeneity,0.7771642840694689
291,nonportable,nonportable_low,41,1.0,low,0.25,1,MBPI without heterogeneity,0.7531906641050329
292,nonportable,nonportable_low,42,1.0,low,0.25,1,MBPI without heterogeneity,0.7151289422037544
293,nonportable,nonportable_low,43,1.0,low,0.25,1,MBPI without heterogeneity,0.7755396530167143
294,nonportable,nonportable_low,44,1.0,low,0.25,1,MBPI without heterogeneity,0.7619528274888647
295,nonportable,nonportable_low,45,1.0,low,0.25,1,MBPI without heterogeneity,0.772642124004356
296,nonportable,nonportable_low,46,1.0,low,0.25,1,MBPI without heterogeneity,0.7072803787834225
297,nonportable,nonportable_low,47,1.0,low,0.25,1,MBPI without heterogeneity,0.6609578671353471
298,nonportable,nonportable_low,48,1.0,low,0.25,1,MBPI without heterogeneity,0.6991974096580845
299,nonportable,nonportable_low,49,1.0,low,0.25,1,MBPI without heterogeneity,0.6951766485453061
300,nonportable,nonportable_low,50,1.0,low,0.25,1,MBPI without heterogeneity,0.7802722449077443
301,nonportable,nonportable_moderate,1,1.0,moderate,0.5,1,MBPI without heterogeneity,0.7356667861821004
302,nonportable,nonportable_moderate,2,1.0,moderate,0.5,1,MBPI without heterogeneity,0.7388030697713498
303,nonportable,nonportable_moderate,3,1.0,moderate,0.5,1,MBPI without heterogeneity,0.6971451201101369
304,nonportable,nonportable_moderate,4,1.0,moderate,0.5,1,MBPI without heterogeneity,0.7114412207634406
305,nonportable,nonportable_moderate,5,1.0,moderate,0.5,1,MBPI without heterogeneity,0.7643614369880372
306,nonportable,nonportable_moderate,6,1.0,moderate,0.5,1,MBPI without heterogeneity,0.6604043338404058
307,nonportable,nonportable_moderate,7,1.0,moderate,0.5,1,MBPI without heterogeneity,0.7522648316510772
308,nonportable,nonportable_moderate,8,1.0,moderate,0.5,1,MBPI without heterogeneity,0.7097706830835574
309,nonportable,nonportable_moderate,9,1.0,moderate,0.5,1,MBPI without heterogeneity,0.760427660547832
310,nonportable,nonportable_moderate,10,1.0,moderate,0.5,1,MBPI without heterogeneity,0.7841449788656882
311,nonportable,nonportable_moderate,11,1.0,moderate,0.5,1,MBPI without heterogeneity,0.6741896721007509
312,nonportable,nonportable_moderate,12,1.0,moderate,0.5,1,MBPI without heterogeneity,0.706509927440153
313,nonportable,nonportable_moderate,13,1.0,moderate,0.5,1,MBPI without heterogeneity,0.7028386910563592
314,nonportable,nonportable_moderate,14,1.0,moderate,0.5,1,MBPI without heterogeneity,0.7402563183734785
315,nonportable,nonportable_moderate,15,1.0,moderate,0.5,1,MBPI without heterogeneity,0.7811572129730284
316,nonportable,nonportable_moderate,16,1.0,moderate,0.5,1,MBPI without heterogeneity,0.7536791862060914
317,nonportable,nonportable_moderate,17,1.0,moderate,0.5,1,MBPI without heterogeneity,0.7308201002039272
318,nonportable,nonportable_moderate,18,1.0,moderate,0.5,1,MBPI without heterogeneity,0.7250952379778367
319,nonportable,nonportable_moderate,19,1.0,moderate,0.5,1,MBPI without heterogeneity,0.7206336621199809
320,nonportable,nonportable_moderate,20,1.0,moderate,0.5,1,MBPI without heterogeneity,0.7157130660932803
321,nonportable,nonportable_moderate,21,1.0,moderate,0.5,1,MBPI without heterogeneity,0.7098429914930078
322,nonportable,nonportable_moderate,22,1.0,moderate,0.5,1,MBPI without heterogeneity,0.7200269685676133
323,nonportable,nonportable_moderate,23,1.0,moderate,0.5,1,MBPI without heterogeneity,0.7615715791460883
324,nonportable,nonportable_moderate,24,1.0,moderate,0.5,1,MBPI without heterogeneity,0.7197247355362559
325,nonportable,nonportable_moderate,25,1.0,moderate,0.5,1,MBPI without heterogeneity,0.7234637634593366
326,nonportable,nonportable_moderate,26,1.0,moderate,0.5,1,MBPI without heterogeneity,0.719856101027126
327,nonportable,nonportable_moderate,27,1.0,moderate,0.5,1,MBPI without heterogeneity,0.7501958196560936
328,nonportable,nonportable_moderate,28,1.0,moderate,0.5,1,MBPI without heterogeneity,0.7663446847626021
329,nonportable,nonportable_moderate,29,1.0,moderate,0.5,1,MBPI without heterogeneity,0.7148086052296792
330,nonportable,nonportable_moderate,30,1.0,moderate,0.5,1,MBPI without heterogeneity,0.7028620295325132
331,nonportable,nonportable_moderate,31,1.0,moderate,0.5,1,MBPI without heterogeneity,0.7419645537264747
332,nonportable,nonportable_moderate,32,1.0,moderate,0.5,1,MBPI without heterogeneity,0.719877006553326
333,nonportable,nonportable_moderate,33,1.0,moderate,0.5,1,MBPI without heterogeneity,0.7275490098270985
334,nonportable,nonportable_moderate,34,1.0,moderate,0.5,1,MBPI without heterogeneity,0.6942915473263327
335,nonportable,nonportable_moderate,35,1.0,moderate,0.5,1,MBPI without heterogeneity,0.7911049149904057
336,nonportable,nonportable_moderate,36,1.0,moderate,0.5,1,MBPI without heterogeneity,0.7531966497427341
337,nonportable,nonportable_moderate,37,1.0,moderate,0.5,1,MBPI without heterogeneity,0.6656532778695908
338,nonportable,nonportable_moderate,38,1.0,moderate,0.5,1,MBPI without heterogeneity,0.7328931128266036
339,nonportable,nonportable_moderate,39,1.0,moderate,0.5,1,MBPI without heterogeneity,0.7648903350527219
340,nonportable,nonportable_moderate,40,1.0,moderate,0.5,1,MBPI without heterogeneity,0.7591320557054735
341,nonportable,nonportable_moderate,41,1.0,moderate,0.5,1,MBPI without heterogeneity,0.7453657494008809
342,nonportable,nonportable_moderate,42,1.0,moderate,0.5,1,MBPI without heterogeneity,0.725349786922399
343,nonportable,nonportable_moderate,43,1.0,moderate,0.5,1,MBPI without heterogeneity,0.6800200865063262
344,nonportable,nonportable_moderate,44,1.0,moderate,0.5,1,MBPI without heterogeneity,0.736029921206919
345,nonportable,nonportable_moderate,45,1.0,moderate,0.5,1,MBPI without heterogeneity,0.7281442839649734
346,nonportable,nonportable_moderate,46,1.0,moderate,0.5,1,MBPI without heterogeneity,0.7576384188805999
347,nonportable,nonportable_moderate,47,1.0,moderate,0.5,1,MBPI without heterogeneity,0.6735705711454345
348,nonportable,nonportable_moderate,48,1.0,moderate,0.5,1,MBPI without heterogeneity,0.6841832718800179
349,nonportable,nonportable_moderate,49,1.0,moderate,0.5,1,MBPI without heterogeneity,0.7373376544503968
350,nonportable,nonportable_moderate,50,1.0,moderate,0.5,1,MBPI without heterogeneity,0.7215099346838951
351,nonportable,nonportable_high,1,1.0,high,1.0,1,MBPI without heterogeneity,0.8442447038277189
352,nonportable,nonportable_high,2,1.0,high,1.0,1,MBPI without heterogeneity,0.8923494509572611
353,nonportable,nonportable_high,3,1.0,high,1.0,1,MBPI without heterogeneity,0.7855652055497077
354,nonportable,nonportable_high,4,1.0,high,1.0,1,MBPI without heterogeneity,0.8900833654740993
355,nonportable,nonportable_high,5,1.0,high,1.0,1,MBPI without heterogeneity,0.864022577926777
356,nonportable,nonportable_high,6,1.0,high,1.0,1,MBPI without heterogeneity,0.7859877846060882
357,nonportable,nonportable_high,7,1.0,high,1.0,1,MBPI without heterogeneity,0.8770797532019398
358,nonportable,nonportable_high,8,1.0,high,1.0,1,MBPI without heterogeneity,0.8670092742404997
359,nonportable,nonportable_high,9,1.0,high,1.0,1,MBPI without heterogeneity,0.7974691159913194
360,nonportable,nonportable_high,10,1.0,high,1.0,1,MBPI without heterogeneity,0.8676467594507059
361,nonportable,nonportable_high,11,1.0,high,1.0,1,MBPI without heterogeneity,0.8923688708187933
362,nonportable,nonportable_high,12,1.0,high,1.0,1,MBPI without heterogeneity,0.8702784508742175
363,nonportable,nonportable_high,13,1.0,high,1.0,1,MBPI without heterogeneity,0.7714755970910316
364,nonportable,nonportable_high,14,1.0,high,1.0,1,MBPI without heterogeneity,0.8431577324097705
365,nonportable,nonportable_high,15,1.0,high,1.0,1,MBPI without heterogeneity,0.8639213936146994
366,nonportable,nonportable_high,16,1.0,high,1.0,1,MBPI without heterogeneity,0.8355712868214654
367,nonportable,nonportable_high,17,1.0,high,1.0,1,MBPI without heterogeneity,0.7856036921251993
368,nonportable,nonportable_high,18,1.0,high,1.0,1,MBPI without heterogeneity,0.8696534823784774
369,nonportable,nonportable_high,19,1.0,high,1.0,1,MBPI without heterogeneity,0.7982155577692238
370,nonportable,nonportable_high,20,1.0,high,1.0,1,MBPI without heterogeneity,0.7876142818798518
371,nonportable,nonportable_high,21,1.0,high,1.0,1,MBPI without heterogeneity,0.8852539013805336
372,nonportable,nonportable_high,22,1.0,high,1.0,1,MBPI without heterogeneity,0.7802269186934643
373,nonportable,nonportable_high,23,1.0,high,1.0,1,MBPI without heterogeneity,0.8766021742480813
374,nonportable,nonportable_high,24,1.0,high,1.0,1,MBPI without heterogeneity,0.8167649955420643
375,nonportable,nonportable_high,25,1.0,high,1.0,1,MBPI without heterogeneity,0.7969786463900886
376,nonportable,nonportable_high,26,1.0,high,1.0,1,MBPI without heterogeneity,0.8793009226072185
377,nonportable,nonportable_high,27,1.0,high,1.0,1,MBPI without heterogeneity,0.8346422435942683
378,nonportable,nonportable_high,28,1.0,high,1.0,1,MBPI without heterogeneity,0.7457907319794932
379,nonportable,nonportable_high,29,1.0,high,1.0,1,MBPI without heterogeneity,0.7976626878707747
380,nonportable,nonportable_high,30,1.0,high,1.0,1,MBPI without heterogeneity,0.8908299503626648
381,nonportable,nonportable_high,31,1.0,high,1.0,1,MBPI without heterogeneity,0.8729511874311233
382,nonportable,nonportable_high,32,1.0,high,1.0,1,MBPI without heterogeneity,0.8326142204698048
383,nonportable,nonportable_high,33,1.0,high,1.0,1,MBPI without heterogeneity,0.8206502196938843
384,nonportable,nonportable_high,34,1.0,high,1.0,1,MBPI without heterogeneity,0.8610231039574705
385,nonportable,nonportable_high,35,1.0,high,1.0,1,MBPI without heterogeneity,0.8859806696715277
386,nonportable,nonportable_high,36,1.0,high,1.0,1,MBPI without heterogeneity,0.8626755040036491
387,nonportable,nonportable_high,37,1.0,high,1.0,1,MBPI without heterogeneity,0.8798914629276237
388,nonportable,nonportable_high,38,1.0,high,1.0,1,MBPI without heterogeneity,0.8691619361042818
389,nonportable,nonportable_high,39,1.0,high,1.0,1,MBPI without heterogeneity,0.8553433438736242
390,nonportable,nonportable_high,40,1.0,high,1.0,1,MBPI without heterogeneity,0.8253829637203527
391,nonportable,nonportable_high,41,1.0,high,1.0,1,MBPI without heterogeneity,0.8523496457043376
392,nonportable,nonportable_high,42,1.0,high,1.0,1,MBPI without heterogeneity,0.8800786854497143
393,nonportable,nonportable_high,43,1.0,high,1.0,1,MBPI without heterogeneity,0.829165861639751
394,nonportable,nonportable_high,44,1.0,high,1.0,1,MBPI without heterogeneity,0.8173542758262867
395,nonportable,nonportable_high,45,1.0,high,1.0,1,MBPI without heterogeneity,0.8685604619645504
396,nonportable,nonportable_high,46,1.0,high,1.0,1,MBPI without heterogeneity,0.83428517820526
397,nonportable,nonportable_high,47,1.0,high,1.0,1,MBPI without heterogeneity,0.8611099988460775
398,nonportable,nonportable_high,48,1.0,high,1.0,1,MBPI without heterogeneity,0.7285003443447373
399,nonportable,nonportable_high,49,1.0,high,1.0,1,MBPI without heterogeneity,0.7795745878157183
400,nonportable,nonportable_high,50,1.0,high,1.0,1,MBPI without heterogeneity,0.8705609829159549
51,portable,portable_alpha_0.25,1,0.25,none,0.0,0,MBPI without prediction metrics,0.6318752315043029
52,portable,portable_alpha_0.25,2,0.25,none,0.0,0,MBPI without prediction metrics,0.6106177591091125
53,portable,portable_alpha_0.25,3,0.25,none,0.0,0,MBPI without prediction metrics,0.6221315874581841
54,portable,portable_alpha_0.25,4,0.25,none,0.0,0,MBPI without prediction metrics,0.5780995502547008
55,portable,portable_alpha_0.25,5,0.25,none,0.0,0,MBPI without prediction metrics,0.590108621658442
56,portable,portable_alpha_0.25,6,0.25,none,0.0,0,MBPI without prediction metrics,0.5941347131163018
57,portable,portable_alpha_0.25,7,0.25,none,0.0,0,MBPI without prediction metrics,0.6041574729616169
58,portable,portable_alpha_0.25,8,0.25,none,0.0,0,MBPI without prediction metrics,0.640070679508177
59,portable,portable_alpha_0.25,9,0.25,none,0.0,0,MBPI without prediction metrics,0.6142764051110349
60,portable,portable_alpha_0.25,10,0.25,none,0.0,0,MBPI without prediction metrics,0.6393170206086084
61,portable,portable_alpha_0.25,11,0.25,none,0.0,0,MBPI without prediction metrics,0.582604974371495
62,portable,portable_alpha_0.25,12,0.25,none,0.0,0,MBPI without prediction metrics,0.6103688446508729
63,portable,portable_alpha_0.25,13,0.25,none,0.0,0,MBPI without prediction metrics,0.5929324900506622
64,portable,portable_alpha_0.25,14,0.25,none,0.0,0,MBPI without prediction metrics,0.6141736101020253
65,portable,portable_alpha_0.25,15,0.25,none,0.0,0,MBPI without prediction metrics,0.5616515681096864
66,portable,portable_alpha_0.25,16,0.25,none,0.0,0,MBPI without prediction metrics,0.6110055487321447
67,portable,portable_alpha_0.25,17,0.25,none,0.0,0,MBPI without prediction metrics,0.5977306464252758
68,portable,portable_alpha_0.25,18,0.25,none,0.0,0,MBPI without prediction metrics,0.6291113904826398
69,portable,portable_alpha_0.25,19,0.25,none,0.0,0,MBPI without prediction metrics,0.5584321980000502
70,portable,portable_alpha_0.25,20,0.25,none,0.0,0,MBPI without prediction metrics,0.5979838099366529
71,portable,portable_alpha_0.25,21,0.25,none,0.0,0,MBPI without prediction metrics,0.5945019896377111
72,portable,portable_alpha_0.25,22,0.25,none,0.0,0,MBPI without prediction metrics,0.622956770154015
73,portable,portable_alpha_0.25,23,0.25,none,0.0,0,MBPI without prediction metrics,0.6211169141741244
74,portable,portable_alpha_0.25,24,0.25,none,0.0,0,MBPI without prediction metrics,0.5991412601032995
75,portable,portable_alpha_0.25,25,0.25,none,0.0,0,MBPI without prediction metrics,0.6235141859641792
76,portable,portable_alpha_0.25,26,0.25,none,0.0,0,MBPI without prediction metrics,0.625095121082106
77,portable,portable_alpha_0.25,27,0.25,none,0.0,0,MBPI without prediction metrics,0.6234767793419677
78,portable,portable_alpha_0.25,28,0.25,none,0.0,0,MBPI without prediction metrics,0.6306040473639862
79,portable,portable_alpha_0.25,29,0.25,none,0.0,0,MBPI without prediction metrics,0.6478062771298195
80,portable,portable_alpha_0.25,30,0.25,none,0.0,0,MBPI without prediction metrics,0.6199692846879299
81,portable,portable_alpha_0.25,31,0.25,none,0.0,0,MBPI without prediction metrics,0.6437470584128517
82,portable,portable_alpha_0.25,32,0.25,none,0.0,0,MBPI without prediction metrics,0.612067573859328
83,portable,portable_alpha_0.25,33,0.25,none,0.0,0,MBPI without prediction metrics,0.6119533040850029
84,portable,portable_alpha_0.25,34,0.25,none,0.0,0,MBPI without prediction metrics,0.6362749221110995
85,portable,portable_alpha_0.25,35,0.25,none,0.0,0,MBPI without prediction metrics,0.5845500331580686
86,portable,portable_alpha_0.25,36,0.25,none,0.0,0,MBPI without prediction metrics,0.6468091150301818
87,portable,portable_alpha_0.25,37,0.25,none,0.0,0,MBPI without prediction metrics,0.6446558507243161
88,portable,portable_alpha_0.25,38,0.25,none,0.0,0,MBPI without prediction metrics,0.6201069275099341
89,portable,portable_alpha_0.25,39,0.25,none,0.0,0,MBPI without prediction metrics,0.6394402350364208
90,portable,portable_alpha_0.25,40,0.25,none,0.0,0,MBPI without prediction metrics,0.6184765692109392
91,portable,portable_alpha_0.25,41,0.25,none,0.0,0,MBPI without prediction metrics,0.5813961567197763
92,portable,portable_alpha_0.25,42,0.25,none,0.0,0,MBPI without prediction metrics,0.6160622859188539
93,portable,portable_alpha_0.25,43,0.25,none,0.0,0,MBPI without prediction metrics,0.6167526492791787
94,portable,portable_alpha_0.25,44,0.25,none,0.0,0,MBPI without prediction metrics,0.5957027398885646
95,portable,portable_alpha_0.25,45,0.25,none,0.0,0,MBPI without prediction metrics,0.6167221188911496
96,portable,portable_alpha_0.25,46,0.25,none,0.0,0,MBPI without prediction metrics,0.6216247071015383
97,portable,portable_alpha_0.25,47,0.25,none,0.0,0,MBPI without prediction metrics,0.6140983425309572
98,portable,portable_alpha_0.25,48,0.25,none,0.0,0,MBPI without prediction metrics,0.5674240462736746
99,portable,portable_alpha_0.25,49,0.25,none,0.0,0,MBPI without prediction metrics,0.6231845498047471
100,portable,portable_alpha_0.25,50,0.25,none,0.0,0,MBPI without prediction metrics,0.606475968682369
101,portable,portable_alpha_0.50,1,0.5,none,0.0,0,MBPI without prediction metrics,0.5816695014265252
102,portable,portable_alpha_0.50,2,0.5,none,0.0,0,MBPI without prediction metrics,0.5770732404607277
103,portable,portable_alpha_0.50,3,0.5,none,0.0,0,MBPI without prediction metrics,0.6297010164050454
104,portable,portable_alpha_0.50,4,0.5,none,0.0,0,MBPI without prediction metrics,0.5933919926290678
105,portable,portable_alpha_0.50,5,0.5,none,0.0,0,MBPI without prediction metrics,0.631308385240942
106,portable,portable_alpha_0.50,6,0.5,none,0.0,0,MBPI without prediction metrics,0.6008105493318416
107,portable,portable_alpha_0.50,7,0.5,none,0.0,0,MBPI without prediction metrics,0.6012695804990813
108,portable,portable_alpha_0.50,8,0.5,none,0.0,0,MBPI without prediction metrics,0.6418612283028906
109,portable,portable_alpha_0.50,9,0.5,none,0.0,0,MBPI without prediction metrics,0.5856383582390423
110,portable,portable_alpha_0.50,10,0.5,none,0.0,0,MBPI without prediction metrics,0.6071662745428112
111,portable,portable_alpha_0.50,11,0.5,none,0.0,0,MBPI without prediction metrics,0.6257930791289482
112,portable,portable_alpha_0.50,12,0.5,none,0.0,0,MBPI without prediction metrics,0.5677833311037265
113,portable,portable_alpha_0.50,13,0.5,none,0.0,0,MBPI without prediction metrics,0.5857571446334726
114,portable,portable_alpha_0.50,14,0.5,none,0.0,0,MBPI without prediction metrics,0.5612126801147976
115,portable,portable_alpha_0.50,15,0.5,none,0.0,0,MBPI without prediction metrics,0.5967881683476693
116,portable,portable_alpha_0.50,16,0.5,none,0.0,0,MBPI without prediction metrics,0.5808118007539875
117,portable,portable_alpha_0.50,17,0.5,none,0.0,0,MBPI without prediction metrics,0.5912692574320485
118,portable,portable_alpha_0.50,18,0.5,none,0.0,0,MBPI without prediction metrics,0.6181948297548576
119,portable,portable_alpha_0.50,19,0.5,none,0.0,0,MBPI without prediction metrics,0.6035096642922835
120,portable,portable_alpha_0.50,20,0.5,none,0.0,0,MBPI without prediction metrics,0.5947615110062325
121,portable,portable_alpha_0.50,21,0.5,none,0.0,0,MBPI without prediction metrics,0.6201790550091784
122,portable,portable_alpha_0.50,22,0.5,none,0.0,0,MBPI without prediction metrics,0.6137837561591433
123,portable,portable_alpha_0.50,23,0.5,none,0.0,0,MBPI without prediction metrics,0.5863187302141347
124,portable,portable_alpha_0.50,24,0.5,none,0.0,0,MBPI without prediction metrics,0.5813613092467845
125,portable,portable_alpha_0.50,25,0.5,none,0.0,0,MBPI without prediction metrics,0.596166968183702
126,portable,portable_alpha_0.50,26,0.5,none,0.0,0,MBPI without prediction metrics,0.5810724288401817
127,portable,portable_alpha_0.50,27,0.5,none,0.0,0,MBPI without prediction metrics,0.6172740229065328
128,portable,portable_alpha_0.50,28,0.5,none,0.0,0,MBPI without prediction metrics,0.6124290496500583
129,portable,portable_alpha_0.50,29,0.5,none,0.0,0,MBPI without prediction metrics,0.55072755848252
130,portable,portable_alpha_0.50,30,0.5,none,0.0,0,MBPI without prediction metrics,0.5880356288011117
131,portable,portable_alpha_0.50,31,0.5,none,0.0,0,MBPI without prediction metrics,0.5637677253084623
132,portable,portable_alpha_0.50,32,0.5,none,0.0,0,MBPI without prediction metrics,0.581806332402766
133,portable,portable_alpha_0.50,33,0.5,none,0.0,0,MBPI without prediction metrics,0.58322214052896
134,portable,portable_alpha_0.50,34,0.5,none,0.0,0,MBPI without prediction metrics,0.6249909573550284
135,portable,portable_alpha_0.50,35,0.5,none,0.0,0,MBPI without prediction metrics,0.6187683529930615
136,portable,portable_alpha_0.50,36,0.5,none,0.0,0,MBPI without prediction metrics,0.6287854876596458
137,portable,portable_alpha_0.50,37,0.5,none,0.0,0,MBPI without prediction metrics,0.6080767873567707
138,portable,portable_alpha_0.50,38,0.5,none,0.0,0,MBPI without prediction metrics,0.5882070714774381
139,portable,portable_alpha_0.50,39,0.5,none,0.0,0,MBPI without prediction metrics,0.5743838170581708
140,portable,portable_alpha_0.50,40,0.5,none,0.0,0,MBPI without prediction metrics,0.6138495823094321
141,portable,portable_alpha_0.50,41,0.5,none,0.0,0,MBPI without prediction metrics,0.6261367003001115
142,portable,portable_alpha_0.50,42,0.5,none,0.0,0,MBPI without prediction metrics,0.6092066388763859
143,portable,portable_alpha_0.50,43,0.5,none,0.0,0,MBPI without prediction metrics,0.5423501730962043
144,portable,portable_alpha_0.50,44,0.5,none,0.0,0,MBPI without prediction metrics,0.6206635273198118
145,portable,portable_alpha_0.50,45,0.5,none,0.0,0,MBPI without prediction metrics,0.6017617340394338
146,portable,portable_alpha_0.50,46,0.5,none,0.0,0,MBPI without prediction metrics,0.6121366189710625
147,portable,portable_alpha_0.50,47,0.5,none,0.0,0,MBPI without prediction metrics,0.575902904025546
148,portable,portable_alpha_0.50,48,0.5,none,0.0,0,MBPI without prediction metrics,0.5960672803306547
149,portable,portable_alpha_0.50,49,0.5,none,0.0,0,MBPI without prediction metrics,0.5901612974289371
150,portable,portable_alpha_0.50,50,0.5,none,0.0,0,MBPI without prediction metrics,0.6175769262752527
151,portable,portable_alpha_1.00,1,1.0,none,0.0,0,MBPI without prediction metrics,0.5770193012708975
152,portable,portable_alpha_1.00,2,1.0,none,0.0,0,MBPI without prediction metrics,0.6001094374258161
153,portable,portable_alpha_1.00,3,1.0,none,0.0,0,MBPI without prediction metrics,0.5704208504968318
154,portable,portable_alpha_1.00,4,1.0,none,0.0,0,MBPI without prediction metrics,0.5828755187083873
155,portable,portable_alpha_1.00,5,1.0,none,0.0,0,MBPI without prediction metrics,0.6054159482584985
156,portable,portable_alpha_1.00,6,1.0,none,0.0,0,MBPI without prediction metrics,0.5848105176957605
157,portable,portable_alpha_1.00,7,1.0,none,0.0,0,MBPI without prediction metrics,0.5732879524574828
158,portable,portable_alpha_1.00,8,1.0,none,0.0,0,MBPI without prediction metrics,0.5516893552503949
159,portable,portable_alpha_1.00,9,1.0,none,0.0,0,MBPI without prediction metrics,0.5818844292221984
160,portable,portable_alpha_1.00,10,1.0,none,0.0,0,MBPI without prediction metrics,0.5875764102308297
161,portable,portable_alpha_1.00,11,1.0,none,0.0,0,MBPI without prediction metrics,0.5764677218498903
162,portable,portable_alpha_1.00,12,1.0,none,0.0,0,MBPI without prediction metrics,0.5775122103182355
163,portable,portable_alpha_1.00,13,1.0,none,0.0,0,MBPI without prediction metrics,0.5848167142105914
164,portable,portable_alpha_1.00,14,1.0,none,0.0,0,MBPI without prediction metrics,0.616457771895964
165,portable,portable_alpha_1.00,15,1.0,none,0.0,0,MBPI without prediction metrics,0.5931343659996385
166,portable,portable_alpha_1.00,16,1.0,none,0.0,0,MBPI without prediction metrics,0.6091124391314752
167,portable,portable_alpha_1.00,17,1.0,none,0.0,0,MBPI without prediction metrics,0.606724018237566
168,portable,portable_alpha_1.00,18,1.0,none,0.0,0,MBPI without prediction metrics,0.5895111424371882
169,portable,portable_alpha_1.00,19,1.0,none,0.0,0,MBPI without prediction metrics,0.5547217860733384
170,portable,portable_alpha_1.00,20,1.0,none,0.0,0,MBPI without prediction metrics,0.5848707580880425
171,portable,portable_alpha_1.00,21,1.0,none,0.0,0,MBPI without prediction metrics,0.5801313030979656
172,portable,portable_alpha_1.00,22,1.0,none,0.0,0,MBPI without prediction metrics,0.6027487318534007
173,portable,portable_alpha_1.00,23,1.0,none,0.0,0,MBPI without prediction metrics,0.5713817261344272
174,portable,portable_alpha_1.00,24,1.0,none,0.0,0,MBPI without prediction metrics,0.5707899102636032
175,portable,portable_alpha_1.00,25,1.0,none,0.0,0,MBPI without prediction metrics,0.5921408873984035
176,portable,portable_alpha_1.00,26,1.0,none,0.0,0,MBPI without prediction metrics,0.5680660303122523
177,portable,portable_alpha_1.00,27,1.0,none,0.0,0,MBPI without prediction metrics,0.5544087217980452
178,portable,portable_alpha_1.00,28,1.0,none,0.0,0,MBPI without prediction metrics,0.5907107134349874
179,portable,portable_alpha_1.00,29,1.0,none,0.0,0,MBPI without prediction metrics,0.5993204040807691
180,portable,portable_alpha_1.00,30,1.0,none,0.0,0,MBPI without prediction metrics,0.6067658760716191
181,portable,portable_alpha_1.00,31,1.0,none,0.0,0,MBPI without prediction metrics,0.5762887006220779
182,portable,portable_alpha_1.00,32,1.0,none,0.0,0,MBPI without prediction metrics,0.6005266873824935
183,portable,portable_alpha_1.00,33,1.0,none,0.0,0,MBPI without prediction metrics,0.5711127743596659
184,portable,portable_alpha_1.00,34,1.0,none,0.0,0,MBPI without prediction metrics,0.5890112644506768
185,portable,portable_alpha_1.00,35,1.0,none,0.0,0,MBPI without prediction metrics,0.610869408885403
186,portable,portable_alpha_1.00,36,1.0,none,0.0,0,MBPI without prediction metrics,0.589480627963689
187,portable,portable_alpha_1.00,37,1.0,none,0.0,0,MBPI without prediction metrics,0.5785802107278677
188,portable,portable_alpha_1.00,38,1.0,none,0.0,0,MBPI without prediction metrics,0.6071152392710782
189,portable,portable_alpha_1.00,39,1.0,none,0.0,0,MBPI without prediction metrics,0.6061952613037815
190,portable,portable_alpha_1.00,40,1.0,none,0.0,0,MBPI without prediction metrics,0.6008339341105828
191,portable,portable_alpha_1.00,41,1.0,none,0.0,0,MBPI without prediction metrics,0.5591966004791069
192,portable,portable_alpha_1.00,42,1.0,none,0.0,0,MBPI without prediction metrics,0.5812449275250761
193,portable,portable_alpha_1.00,43,1.0,none,0.0,0,MBPI without prediction metrics,0.5828492988076758
194,portable,portable_alpha_1.00,44,1.0,none,0.0,0,MBPI without prediction metrics,0.5722780518704507
195,portable,portable_alpha_1.00,45,1.0,none,0.0,0,MBPI without prediction metrics,0.5804894803870759
196,portable,portable_alpha_1.00,46,1.0,none,0.0,0,MBPI without prediction metrics,0.5722484063805795
197,portable,portable_alpha_1.00,47,1.0,none,0.0,0,MBPI without prediction metrics,0.5887725651350149
198,portable,portable_alpha_1.00,48,1.0,none,0.0,0,MBPI without prediction metrics,0.5808908652947148
199,portable,portable_alpha_1.00,49,1.0,none,0.0,0,MBPI without prediction metrics,0.5714873508874838
200,portable,portable_alpha_1.00,50,1.0,none,0.0,0,MBPI without prediction metrics,0.5945248891272599
201,portable,portable_alpha_1.50,1,1.5,none,0.0,0,MBPI without prediction metrics,0.5673031256420602
202,portable,portable_alpha_1.50,2,1.5,none,0.0,0,MBPI without prediction metrics,0.5676876681358282
203,portable,portable_alpha_1.50,3,1.5,none,0.0,0,MBPI without prediction metrics,0.5744365743626851
204,portable,portable_alpha_1.50,4,1.5,none,0.0,0,MBPI without prediction metrics,0.5828977043557143
205,portable,portable_alpha_1.50,5,1.5,none,0.0,0,MBPI without prediction metrics,0.6050708189016673
206,portable,portable_alpha_1.50,6,1.5,none,0.0,0,MBPI without prediction metrics,0.5794999009425755
207,portable,portable_alpha_1.50,7,1.5,none,0.0,0,MBPI without prediction metrics,0.5938251072044781
208,portable,portable_alpha_1.50,8,1.5,none,0.0,0,MBPI without prediction metrics,0.5696836278425483
209,portable,portable_alpha_1.50,9,1.5,none,0.0,0,MBPI without prediction metrics,0.5740159825365674
210,portable,portable_alpha_1.50,10,1.5,none,0.0,0,MBPI without prediction metrics,0.5353379023476579
211,portable,portable_alpha_1.50,11,1.5,none,0.0,0,MBPI without prediction metrics,0.5620951968472183
212,portable,portable_alpha_1.50,12,1.5,none,0.0,0,MBPI without prediction metrics,0.5605780385854741
213,portable,portable_alpha_1.50,13,1.5,none,0.0,0,MBPI without prediction metrics,0.5914322665179971
214,portable,portable_alpha_1.50,14,1.5,none,0.0,0,MBPI without prediction metrics,0.5502117366450038
215,portable,portable_alpha_1.50,15,1.5,none,0.0,0,MBPI without prediction metrics,0.5830540502941299
216,portable,portable_alpha_1.50,16,1.5,none,0.0,0,MBPI without prediction metrics,0.5909214566965744
217,portable,portable_alpha_1.50,17,1.5,none,0.0,0,MBPI without prediction metrics,0.5476518922422076
218,portable,portable_alpha_1.50,18,1.5,none,0.0,0,MBPI without prediction metrics,0.5774710651168875
219,portable,portable_alpha_1.50,19,1.5,none,0.0,0,MBPI without prediction metrics,0.5401576125847123
220,portable,portable_alpha_1.50,20,1.5,none,0.0,0,MBPI without prediction metrics,0.5814325345654388
221,portable,portable_alpha_1.50,21,1.5,none,0.0,0,MBPI without prediction metrics,0.5681703338061707
222,portable,portable_alpha_1.50,22,1.5,none,0.0,0,MBPI without prediction metrics,0.56950801916109
223,portable,portable_alpha_1.50,23,1.5,none,0.0,0,MBPI without prediction metrics,0.5765559979010502
224,portable,portable_alpha_1.50,24,1.5,none,0.0,0,MBPI without prediction metrics,0.570936440397213
225,portable,portable_alpha_1.50,25,1.5,none,0.0,0,MBPI without prediction metrics,0.590778571973992
226,portable,portable_alpha_1.50,26,1.5,none,0.0,0,MBPI without prediction metrics,0.5784153379322121
227,portable,portable_alpha_1.50,27,1.5,none,0.0,0,MBPI without prediction metrics,0.5774794343847983
228,portable,portable_alpha_1.50,28,1.5,none,0.0,0,MBPI without prediction metrics,0.5783436316390892
229,portable,portable_alpha_1.50,29,1.5,none,0.0,0,MBPI without prediction metrics,0.5884307025248744
230,portable,portable_alpha_1.50,30,1.5,none,0.0,0,MBPI without prediction metrics,0.5909196199050715
231,portable,portable_alpha_1.50,31,1.5,none,0.0,0,MBPI without prediction metrics,0.5764760547638196
232,portable,portable_alpha_1.50,32,1.5,none,0.0,0,MBPI without prediction metrics,0.5574163251535642
233,portable,portable_alpha_1.50,33,1.5,none,0.0,0,MBPI without prediction metrics,0.5705209316856997
234,portable,portable_alpha_1.50,34,1.5,none,0.0,0,MBPI without prediction metrics,0.5785658964614673
235,portable,portable_alpha_1.50,35,1.5,none,0.0,0,MBPI without prediction metrics,0.5579182420845954
236,portable,portable_alpha_1.50,36,1.5,none,0.0,0,MBPI without prediction metrics,0.5901681789600483
237,portable,portable_alpha_1.50,37,1.5,none,0.0,0,MBPI without prediction metrics,0.5793067311033495
238,portable,portable_alpha_1.50,38,1.5,none,0.0,0,MBPI without prediction metrics,0.5691364899623064
239,portable,portable_alpha_1.50,39,1.5,none,0.0,0,MBPI without prediction metrics,0.5678856798083831
240,portable,portable_alpha_1.50,40,1.5,none,0.0,0,MBPI without prediction metrics,0.5701062488524163
241,portable,portable_alpha_1.50,41,1.5,none,0.0,0,MBPI without prediction metrics,0.5722153587779769
242,portable,portable_alpha_1.50,42,1.5,none,0.0,0,MBPI without prediction metrics,0.5619228058546032
243,portable,portable_alpha_1.50,43,1.5,none,0.0,0,MBPI without prediction metrics,0.5532622726973548
244,portable,portable_alpha_1.50,44,1.5,none,0.0,0,MBPI without prediction metrics,0.5814603738420618
245,portable,portable_alpha_1.50,45,1.5,none,0.0,0,MBPI without prediction metrics,0.5708387981567942
246,portable,portable_alpha_1.50,46,1.5,none,0.0,0,MBPI without prediction metrics,0.5677153391312928
247,portable,portable_alpha_1.50,47,1.5,none,0.0,0,MBPI without prediction metrics,0.582058485238287
248,portable,portable_alpha_1.50,48,1.5,none,0.0,0,MBPI without prediction metrics,0.5929881294995941
249,portable,portable_alpha_1.50,49,1.5,none,0.0,0,MBPI without prediction metrics,0.5818630805757482
250,portable,portable_alpha_1.50,50,1.5,none,0.0,0,MBPI without prediction metrics,0.5630105246449836
251,nonportable,nonportable_low,1,1.0,low,0.25,1,MBPI without prediction metrics,0.599059275291213
252,nonportable,nonportable_low,2,1.0,low,0.25,1,MBPI without prediction metrics,0.5770023341252652
253,nonportable,nonportable_low,3,1.0,low,0.25,1,MBPI without prediction metrics,0.5640864267736759
254,nonportable,nonportable_low,4,1.0,low,0.25,1,MBPI without prediction metrics,0.600936602525477
255,nonportable,nonportable_low,5,1.0,low,0.25,1,MBPI without prediction metrics,0.5989028725542839
256,nonportable,nonportable_low,6,1.0,low,0.25,1,MBPI without prediction metrics,0.5643421321689504
257,nonportable,nonportable_low,7,1.0,low,0.25,1,MBPI without prediction metrics,0.5716906666863147
258,nonportable,nonportable_low,8,1.0,low,0.25,1,MBPI without prediction metrics,0.6007561830176344
259,nonportable,nonportable_low,9,1.0,low,0.25,1,MBPI without prediction metrics,0.5996736497915558
260,nonportable,nonportable_low,10,1.0,low,0.25,1,MBPI without prediction metrics,0.5821923107620043
261,nonportable,nonportable_low,11,1.0,low,0.25,1,MBPI without prediction metrics,0.5916966546304414
262,nonportable,nonportable_low,12,1.0,low,0.25,1,MBPI without prediction metrics,0.5831400035125175
263,nonportable,nonportable_low,13,1.0,low,0.25,1,MBPI without prediction metrics,0.5862739501386439
264,nonportable,nonportable_low,14,1.0,low,0.25,1,MBPI without prediction metrics,0.5875867656318021
265,nonportable,nonportable_low,15,1.0,low,0.25,1,MBPI without prediction metrics,0.5916815663506546
266,nonportable,nonportable_low,16,1.0,low,0.25,1,MBPI without prediction metrics,0.6140744261611606
267,nonportable,nonportable_low,17,1.0,low,0.25,1,MBPI without prediction metrics,0.5932931801599468
268,nonportable,nonportable_low,18,1.0,low,0.25,1,MBPI without prediction metrics,0.5855118867587173
269,nonportable,nonportable_low,19,1.0,low,0.25,1,MBPI without prediction metrics,0.5788391902543402
270,nonportable,nonportable_low,20,1.0,low,0.25,1,MBPI without prediction metrics,0.5925574438638851
271,nonportable,nonportable_low,21,1.0,low,0.25,1,MBPI without prediction metrics,0.5763904642752837
272,nonportable,nonportable_low,22,1.0,low,0.25,1,MBPI without prediction metrics,0.5712430471321905
273,nonportable,nonportable_low,23,1.0,low,0.25,1,MBPI without prediction metrics,0.5962327911848874
274,nonportable,nonportable_low,24,1.0,low,0.25,1,MBPI without prediction metrics,0.5873602956287935
275,nonportable,nonportable_low,25,1.0,low,0.25,1,MBPI without prediction metrics,0.6012279036900077
276,nonportable,nonportable_low,26,1.0,low,0.25,1,MBPI without prediction metrics,0.6111781842911256
277,nonportable,nonportable_low,27,1.0,low,0.25,1,MBPI without prediction metrics,0.600564819831721
278,nonportable,nonportable_low,28,1.0,low,0.25,1,MBPI without prediction metrics,0.5537865402369108
279,nonportable,nonportable_low,29,1.0,low,0.25,1,MBPI without prediction metrics,0.6022779941022457
280,nonportable,nonportable_low,30,1.0,low,0.25,1,MBPI without prediction metrics,0.6129773887965734
281,nonportable,nonportable_low,31,1.0,low,0.25,1,MBPI without prediction metrics,0.5981362734806366
282,nonportable,nonportable_low,32,1.0,low,0.25,1,MBPI without prediction metrics,0.5863868140703105
283,nonportable,nonportable_low,33,1.0,low,0.25,1,MBPI without prediction metrics,0.5930468508322758
284,nonportable,nonportable_low,34,1.0,low,0.25,1,MBPI without prediction metrics,0.5848909283114077
285,nonportable,nonportable_low,35,1.0,low,0.25,1,MBPI without prediction metrics,0.5949067185498307
286,nonportable,nonportable_low,36,1.0,low,0.25,1,MBPI without prediction metrics,0.6137120556921581
287,nonportable,nonportable_low,37,1.0,low,0.25,1,MBPI without prediction metrics,0.5987569075716928
288,nonportable,nonportable_low,38,1.0,low,0.25,1,MBPI without prediction metrics,0.5874180137108431
289,nonportable,nonportable_low,39,1.0,low,0.25,1,MBPI without prediction metrics,0.5697247209443513
290,nonportable,nonportable_low,40,1.0,low,0.25,1,MBPI without prediction metrics,0.6069307277120843
291,nonportable,nonportable_low,41,1.0,low,0.25,1,MBPI without prediction metrics,0.6184744953038472
292,nonportable,nonportable_low,42,1.0,low,0.25,1,MBPI without prediction metrics,0.5919862897988909
293,nonportable,nonportable_low,43,1.0,low,0.25,1,MBPI without prediction metrics,0.5949009088294894
294,nonportable,nonportable_low,44,1.0,low,0.25,1,MBPI without prediction metrics,0.619959905158912
295,nonportable,nonportable_low,45,1.0,low,0.25,1,MBPI without prediction metrics,0.5902853381227188
296,nonportable,nonportable_low,46,1.0,low,0.25,1,MBPI without prediction metrics,0.5768781509320391
297,nonportable,nonportable_low,47,1.0,low,0.25,1,MBPI without prediction metrics,0.5647941468094393
298,nonportable,nonportable_low,48,1.0,low,0.25,1,MBPI without prediction metrics,0.5649510657810906
299,nonportable,nonportable_low,49,1.0,low,0.25,1,MBPI without prediction metrics,0.5906126038619005
300,nonportable,nonportable_low,50,1.0,low,0.25,1,MBPI without prediction metrics,0.6248314008452504
301,nonportable,nonportable_moderate,1,1.0,moderate,0.5,1,MBPI without prediction metrics,0.5991820935037806
302,nonportable,nonportable_moderate,2,1.0,moderate,0.5,1,MBPI without prediction metrics,0.6023395660218549
303,nonportable,nonportable_moderate,3,1.0,moderate,0.5,1,MBPI without prediction metrics,0.607536675579897
304,nonportable,nonportable_moderate,4,1.0,moderate,0.5,1,MBPI without prediction metrics,0.5931804644651678
305,nonportable,nonportable_moderate,5,1.0,moderate,0.5,1,MBPI without prediction metrics,0.6311229523073953
306,nonportable,nonportable_moderate,6,1.0,moderate,0.5,1,MBPI without prediction metrics,0.5965158111071767
307,nonportable,nonportable_moderate,7,1.0,moderate,0.5,1,MBPI without prediction metrics,0.6250961467950518
308,nonportable,nonportable_moderate,8,1.0,moderate,0.5,1,MBPI without prediction metrics,0.621759067273276
309,nonportable,nonportable_moderate,9,1.0,moderate,0.5,1,MBPI without prediction metrics,0.6046722063697029
310,nonportable,nonportable_moderate,10,1.0,moderate,0.5,1,MBPI without prediction metrics,0.6030164036836443
311,nonportable,nonportable_moderate,11,1.0,moderate,0.5,1,MBPI without prediction metrics,0.6090983321793774
312,nonportable,nonportable_moderate,12,1.0,moderate,0.5,1,MBPI without prediction metrics,0.5986438023178533
313,nonportable,nonportable_moderate,13,1.0,moderate,0.5,1,MBPI without prediction metrics,0.5909409409777499
314,nonportable,nonportable_moderate,14,1.0,moderate,0.5,1,MBPI without prediction metrics,0.6031350987690197
315,nonportable,nonportable_moderate,15,1.0,moderate,0.5,1,MBPI without prediction metrics,0.5964928584954013
316,nonportable,nonportable_moderate,16,1.0,moderate,0.5,1,MBPI without prediction metrics,0.6042427623178972
317,nonportable,nonportable_moderate,17,1.0,moderate,0.5,1,MBPI without prediction metrics,0.6046062499605512
318,nonportable,nonportable_moderate,18,1.0,moderate,0.5,1,MBPI without prediction metrics,0.5620699611163693
319,nonportable,nonportable_moderate,19,1.0,moderate,0.5,1,MBPI without prediction metrics,0.6167590083502735
320,nonportable,nonportable_moderate,20,1.0,moderate,0.5,1,MBPI without prediction metrics,0.5979891480013756
321,nonportable,nonportable_moderate,21,1.0,moderate,0.5,1,MBPI without prediction metrics,0.5850528284380853
322,nonportable,nonportable_moderate,22,1.0,moderate,0.5,1,MBPI without prediction metrics,0.6300798204506864
323,nonportable,nonportable_moderate,23,1.0,moderate,0.5,1,MBPI without prediction metrics,0.6061036003999587
324,nonportable,nonportable_moderate,24,1.0,moderate,0.5,1,MBPI without prediction metrics,0.5969587759452895
325,nonportable,nonportable_moderate,25,1.0,moderate,0.5,1,MBPI without prediction metrics,0.6286105940969557
326,nonportable,nonportable_moderate,26,1.0,moderate,0.5,1,MBPI without prediction metrics,0.581504523024419
327,nonportable,nonportable_moderate,27,1.0,moderate,0.5,1,MBPI without prediction metrics,0.6152592189834629
328,nonportable,nonportable_moderate,28,1.0,moderate,0.5,1,MBPI without prediction metrics,0.63937734503662
329,nonportable,nonportable_moderate,29,1.0,moderate,0.5,1,MBPI without prediction metrics,0.5942429352126897
330,nonportable,nonportable_moderate,30,1.0,moderate,0.5,1,MBPI without prediction metrics,0.5648920083774255
331,nonportable,nonportable_moderate,31,1.0,moderate,0.5,1,MBPI without prediction metrics,0.5782786664334045
332,nonportable,nonportable_moderate,32,1.0,moderate,0.5,1,MBPI without prediction metrics,0.5579058650560711
333,nonportable,nonportable_moderate,33,1.0,moderate,0.5,1,MBPI without prediction metrics,0.6055113601875591
334,nonportable,nonportable_moderate,34,1.0,moderate,0.5,1,MBPI without prediction metrics,0.6022100605168678
335,nonportable,nonportable_moderate,35,1.0,moderate,0.5,1,MBPI without prediction metrics,0.6163328972882388
336,nonportable,nonportable_moderate,36,1.0,moderate,0.5,1,MBPI without prediction metrics,0.5758923104695729
337,nonportable,nonportable_moderate,37,1.0,moderate,0.5,1,MBPI without prediction metrics,0.6071621870848642
338,nonportable,nonportable_moderate,38,1.0,moderate,0.5,1,MBPI without prediction metrics,0.6123300931214498
339,nonportable,nonportable_moderate,39,1.0,moderate,0.5,1,MBPI without prediction metrics,0.6157803757212656
340,nonportable,nonportable_moderate,40,1.0,moderate,0.5,1,MBPI without prediction metrics,0.6279863261794603
341,nonportable,nonportable_moderate,41,1.0,moderate,0.5,1,MBPI without prediction metrics,0.5851364042726473
342,nonportable,nonportable_moderate,42,1.0,moderate,0.5,1,MBPI without prediction metrics,0.6074550528399647
343,nonportable,nonportable_moderate,43,1.0,moderate,0.5,1,MBPI without prediction metrics,0.5983163170657846
344,nonportable,nonportable_moderate,44,1.0,moderate,0.5,1,MBPI without prediction metrics,0.5924170899862556
345,nonportable,nonportable_moderate,45,1.0,moderate,0.5,1,MBPI without prediction metrics,0.6143340876066657
346,nonportable,nonportable_moderate,46,1.0,moderate,0.5,1,MBPI without prediction metrics,0.5811542953041768
347,nonportable,nonportable_moderate,47,1.0,moderate,0.5,1,MBPI without prediction metrics,0.5893962029325439
348,nonportable,nonportable_moderate,48,1.0,moderate,0.5,1,MBPI without prediction metrics,0.6018381592621219
349,nonportable,nonportable_moderate,49,1.0,moderate,0.5,1,MBPI without prediction metrics,0.5698940964174173
350,nonportable,nonportable_moderate,50,1.0,moderate,0.5,1,MBPI without prediction metrics,0.6056079157410214
351,nonportable,nonportable_high,1,1.0,high,1.0,1,MBPI without prediction metrics,0.660640865578153
352,nonportable,nonportable_high,2,1.0,high,1.0,1,MBPI without prediction metrics,0.6799529427288343
353,nonportable,nonportable_high,3,1.0,high,1.0,1,MBPI without prediction metrics,0.6046574743837866
354,nonportable,nonportable_high,4,1.0,high,1.0,1,MBPI without prediction metrics,0.6287332391006886
355,nonportable,nonportable_high,5,1.0,high,1.0,1,MBPI without prediction metrics,0.6082540288600841
356,nonportable,nonportable_high,6,1.0,high,1.0,1,MBPI without prediction metrics,0.6146613777772993
357,nonportable,nonportable_high,7,1.0,high,1.0,1,MBPI without prediction metrics,0.6447367882766182
358,nonportable,nonportable_high,8,1.0,high,1.0,1,MBPI without prediction metrics,0.6321486895748181
359,nonportable,nonportable_high,9,1.0,high,1.0,1,MBPI without prediction metrics,0.631915840210129
360,nonportable,nonportable_high,10,1.0,high,1.0,1,MBPI without prediction metrics,0.637120608815317
361,nonportable,nonportable_high,11,1.0,high,1.0,1,MBPI without prediction metrics,0.6598159272331691
362,nonportable,nonportable_high,12,1.0,high,1.0,1,MBPI without prediction metrics,0.6201061281089009
363,nonportable,nonportable_high,13,1.0,high,1.0,1,MBPI without prediction metrics,0.6385169856871432
364,nonportable,nonportable_high,14,1.0,high,1.0,1,MBPI without prediction metrics,0.6535615596953727
365,nonportable,nonportable_high,15,1.0,high,1.0,1,MBPI without prediction metrics,0.648011519175188
366,nonportable,nonportable_high,16,1.0,high,1.0,1,MBPI without prediction metrics,0.6396255158104828
367,nonportable,nonportable_high,17,1.0,high,1.0,1,MBPI without prediction metrics,0.6356433596035223
368,nonportable,nonportable_high,18,1.0,high,1.0,1,MBPI without prediction metrics,0.6314216916827742
369,nonportable,nonportable_high,19,1.0,high,1.0,1,MBPI without prediction metrics,0.6546140763497178
370,nonportable,nonportable_high,20,1.0,high,1.0,1,MBPI without prediction metrics,0.6249840191445194
371,nonportable,nonportable_high,21,1.0,high,1.0,1,MBPI without prediction metrics,0.6509222154353443
372,nonportable,nonportable_high,22,1.0,high,1.0,1,MBPI without prediction metrics,0.6430245561998473
373,nonportable,nonportable_high,23,1.0,high,1.0,1,MBPI without prediction metrics,0.640107556519779
374,nonportable,nonportable_high,24,1.0,high,1.0,1,MBPI without prediction metrics,0.6113120684798146
375,nonportable,nonportable_high,25,1.0,high,1.0,1,MBPI without prediction metrics,0.6182540400981498
376,nonportable,nonportable_high,26,1.0,high,1.0,1,MBPI without prediction metrics,0.6394487339041843
377,nonportable,nonportable_high,27,1.0,high,1.0,1,MBPI without prediction metrics,0.6216328450612939
378,nonportable,nonportable_high,28,1.0,high,1.0,1,MBPI without prediction metrics,0.6331035204424229
379,nonportable,nonportable_high,29,1.0,high,1.0,1,MBPI without prediction metrics,0.6274583876382976
380,nonportable,nonportable_high,30,1.0,high,1.0,1,MBPI without prediction metrics,0.6588454942345381
381,nonportable,nonportable_high,31,1.0,high,1.0,1,MBPI without prediction metrics,0.6441551547025374
382,nonportable,nonportable_high,32,1.0,high,1.0,1,MBPI without prediction metrics,0.6504021719876113
383,nonportable,nonportable_high,33,1.0,high,1.0,1,MBPI without prediction metrics,0.664588471261121
384,nonportable,nonportable_high,34,1.0,high,1.0,1,MBPI without prediction metrics,0.6206337186565155
385,nonportable,nonportable_high,35,1.0,high,1.0,1,MBPI without prediction metrics,0.6534749693650395
386,nonportable,nonportable_high,36,1.0,high,1.0,1,MBPI without prediction metrics,0.675107244944751
387,nonportable,nonportable_high,37,1.0,high,1.0,1,MBPI without prediction metrics,0.648251425433723
388,nonportable,nonportable_high,38,1.0,high,1.0,1,MBPI without prediction metrics,0.6504840841921435
389,nonportable,nonportable_high,39,1.0,high,1.0,1,MBPI without prediction metrics,0.6336953088742883
390,nonportable,nonportable_high,40,1.0,high,1.0,1,MBPI without prediction metrics,0.6363205106693782
391,nonportable,nonportable_high,41,1.0,high,1.0,1,MBPI without prediction metrics,0.6325313729607845
392,nonportable,nonportable_high,42,1.0,high,1.0,1,MBPI without prediction metrics,0.6670559926541185
393,nonportable,nonportable_high,43,1.0,high,1.0,1,MBPI without prediction metrics,0.6547404823298014
394,nonportable,nonportable_high,44,1.0,high,1.0,1,MBPI without prediction metrics,0.6370485090798537
395,nonportable,nonportable_high,45,1.0,high,1.0,1,MBPI without prediction metrics,0.6395894065308877
396,nonportable,nonportable_high,46,1.0,high,1.0,1,MBPI without prediction metrics,0.6463522584711958
397,nonportable,nonportable_high,47,1.0,high,1.0,1,MBPI without prediction metrics,0.6300811871517282
398,nonportable,nonportable_high,48,1.0,high,1.0,1,MBPI without prediction metrics,0.6533565311792152
399,nonportable,nonportable_high,49,1.0,high,1.0,1,MBPI without prediction metrics,0.641833720551089
400,nonportable,nonportable_high,50,1.0,high,1.0,1,MBPI without prediction metrics,0.6239757232731515
51,portable,portable_alpha_0.25,1,0.25,none,0.0,0,full MBPI,0.5738103467544843
52,portable,portable_alpha_0.25,2,0.25,none,0.0,0,full MBPI,0.6930375302047073
53,portable,portable_alpha_0.25,3,0.25,none,0.0,0,full MBPI,0.6347408986448961
54,portable,portable_alpha_0.25,4,0.25,none,0.0,0,full MBPI,0.7187330335031339
55,portable,portable_alpha_0.25,5,0.25,none,0.0,0,full MBPI,0.7267390811056279
56,portable,portable_alpha_0.25,6,0.25,none,0.0,0,full MBPI,0.562726185019088
57,portable,portable_alpha_0.25,7,0.25,none,0.0,0,full MBPI,0.6447918374357587
58,portable,portable_alpha_0.25,8,0.25,none,0.0,0,full MBPI,0.6302483486197747
59,portable,portable_alpha_0.25,9,0.25,none,0.0,0,full MBPI,0.7071112328554622
60,portable,portable_alpha_0.25,10,0.25,none,0.0,0,full MBPI,0.7375873508424912
61,portable,portable_alpha_0.25,11,0.25,none,0.0,0,full MBPI,0.6517085355101883
62,portable,portable_alpha_0.25,12,0.25,none,0.0,0,full MBPI,0.5528442135655631
63,portable,portable_alpha_0.25,13,0.25,none,0.0,0,full MBPI,0.7286216600337747
64,portable,portable_alpha_0.25,14,0.25,none,0.0,0,full MBPI,0.551160800718483
65,portable,portable_alpha_0.25,15,0.25,none,0.0,0,full MBPI,0.7077677120731242
66,portable,portable_alpha_0.25,16,0.25,none,0.0,0,full MBPI,0.5941002975813131
67,portable,portable_alpha_0.25,17,0.25,none,0.0,0,full MBPI,0.7314780114561955
68,portable,portable_alpha_0.25,18,0.25,none,0.0,0,full MBPI,0.6635828735041835
69,portable,portable_alpha_0.25,19,0.25,none,0.0,0,full MBPI,0.6137070590546984
70,portable,portable_alpha_0.25,20,0.25,none,0.0,0,full MBPI,0.6761230052945276
71,portable,portable_alpha_0.25,21,0.25,none,0.0,0,full MBPI,0.5844777935681593
72,portable,portable_alpha_0.25,22,0.25,none,0.0,0,full MBPI,0.5613933757323597
73,portable,portable_alpha_0.25,23,0.25,none,0.0,0,full MBPI,0.5618559095254994
74,portable,portable_alpha_0.25,24,0.25,none,0.0,0,full MBPI,0.7327608400688663
75,portable,portable_alpha_0.25,25,0.25,none,0.0,0,full MBPI,0.59707292269516
76,portable,portable_alpha_0.25,26,0.25,none,0.0,0,full MBPI,0.7192865360772811
77,portable,portable_alpha_0.25,27,0.25,none,0.0,0,full MBPI,0.6877417544545515
78,portable,portable_alpha_0.25,28,0.25,none,0.0,0,full MBPI,0.6864406150357604
79,portable,portable_alpha_0.25,29,0.25,none,0.0,0,full MBPI,0.6622460867780109
80,portable,portable_alpha_0.25,30,0.25,none,0.0,0,full MBPI,0.5572254958676958
81,portable,portable_alpha_0.25,31,0.25,none,0.0,0,full MBPI,0.5883841256735449
82,portable,portable_alpha_0.25,32,0.25,none,0.0,0,full MBPI,0.6546532858096198
83,portable,portable_alpha_0.25,33,0.25,none,0.0,0,full MBPI,0.7413022027233352
84,portable,portable_alpha_0.25,34,0.25,none,0.0,0,full MBPI,0.5764273699901971
85,portable,portable_alpha_0.25,35,0.25,none,0.0,0,full MBPI,0.5996292293082313
86,portable,portable_alpha_0.25,36,0.25,none,0.0,0,full MBPI,0.7645394100201212
87,portable,portable_alpha_0.25,37,0.25,none,0.0,0,full MBPI,0.6417151462170786
88,portable,portable_alpha_0.25,38,0.25,none,0.0,0,full MBPI,0.6778069346416967
89,portable,portable_alpha_0.25,39,0.25,none,0.0,0,full MBPI,0.6417271813998806
90,portable,portable_alpha_0.25,40,0.25,none,0.0,0,full MBPI,0.6194956179060259
91,portable,portable_alpha_0.25,41,0.25,none,0.0,0,full MBPI,0.5616274112468257
92,portable,portable_alpha_0.25,42,0.25,none,0.0,0,full MBPI,0.5554750813050962
93,portable,portable_alpha_0.25,43,0.25,none,0.0,0,full MBPI,0.7250136766327048
94,portable,portable_alpha_0.25,44,0.25,none,0.0,0,full MBPI,0.7237213157357676
95,portable,portable_alpha_0.25,45,0.25,none,0.0,0,full MBPI,0.6808173148861397
96,portable,portable_alpha_0.25,46,0.25,none,0.0,0,full MBPI,0.6885134685140866
97,portable,portable_alpha_0.25,47,0.25,none,0.0,0,full MBPI,0.6947527199133979
98,portable,portable_alpha_0.25,48,0.25,none,0.0,0,full MBPI,0.6288094048210412
99,portable,portable_alpha_0.25,49,0.25,none,0.0,0,full MBPI,0.7101804390082824
100,portable,portable_alpha_0.25,50,0.25,none,0.0,0,full MBPI,0.6542792310230646
101,portable,portable_alpha_0.50,1,0.5,none,0.0,0,full MBPI,0.5791339547853375
102,portable,portable_alpha_0.50,2,0.5,none,0.0,0,full MBPI,0.5886253160309898
103,portable,portable_alpha_0.50,3,0.5,none,0.0,0,full MBPI,0.618973823668204
104,portable,portable_alpha_0.50,4,0.5,none,0.0,0,full MBPI,0.7289279950860452
105,portable,portable_alpha_0.50,5,0.5,none,0.0,0,full MBPI,0.6481910084289186
106,portable,portable_alpha_0.50,6,0.5,none,0.0,0,full MBPI,0.6258203824678307
107,portable,portable_alpha_0.50,7,0.5,none,0.0,0,full MBPI,0.6856559652929818
108,portable,portable_alpha_0.50,8,0.5,none,0.0,0,full MBPI,0.691315110966606
109,portable,portable_alpha_0.50,9,0.5,none,0.0,0,full MBPI,0.6107456464641015
110,portable,portable_alpha_0.50,10,0.5,none,0.0,0,full MBPI,0.6375298338974684
111,portable,portable_alpha_0.50,11,0.5,none,0.0,0,full MBPI,0.5892929185296424
112,portable,portable_alpha_0.50,12,0.5,none,0.0,0,full MBPI,0.648295668344962
113,portable,portable_alpha_0.50,13,0.5,none,0.0,0,full MBPI,0.6140311584532229
114,portable,portable_alpha_0.50,14,0.5,none,0.0,0,full MBPI,0.6181733800310836
115,portable,portable_alpha_0.50,15,0.5,none,0.0,0,full MBPI,0.6227062255644179
116,portable,portable_alpha_0.50,16,0.5,none,0.0,0,full MBPI,0.6397167254964548
117,portable,portable_alpha_0.50,17,0.5,none,0.0,0,full MBPI,0.6891498619384085
118,portable,portable_alpha_0.50,18,0.5,none,0.0,0,full MBPI,0.6840210677659221
119,portable,portable_alpha_0.50,19,0.5,none,0.0,0,full MBPI,0.6546644940096041
120,portable,portable_alpha_0.50,20,0.5,none,0.0,0,full MBPI,0.6499014498870472
121,portable,portable_alpha_0.50,21,0.5,none,0.0,0,full MBPI,0.6017821739381009
122,portable,portable_alpha_0.50,22,0.5,none,0.0,0,full MBPI,0.661535346873623
123,portable,portable_alpha_0.50,23,0.5,none,0.0,0,full MBPI,0.7242124868094232
124,portable,portable_alpha_0.50,24,0.5,none,0.0,0,full MBPI,0.5992333456512007
125,portable,portable_alpha_0.50,25,0.5,none,0.0,0,full MBPI,0.6461061889099501
126,portable,portable_alpha_0.50,26,0.5,none,0.0,0,full MBPI,0.5977526969014074
127,portable,portable_alpha_0.50,27,0.5,none,0.0,0,full MBPI,0.6362127552214779
128,portable,portable_alpha_0.50,28,0.5,none,0.0,0,full MBPI,0.6028704717192236
129,portable,portable_alpha_0.50,29,0.5,none,0.0,0,full MBPI,0.5858444045678994
130,portable,portable_alpha_0.50,30,0.5,none,0.0,0,full MBPI,0.658138016168251
131,portable,portable_alpha_0.50,31,0.5,none,0.0,0,full MBPI,0.5846613825108338
132,portable,portable_alpha_0.50,32,0.5,none,0.0,0,full MBPI,0.6014911215937981
133,portable,portable_alpha_0.50,33,0.5,none,0.0,0,full MBPI,0.5795071850291579
134,portable,portable_alpha_0.50,34,0.5,none,0.0,0,full MBPI,0.6616674873431906
135,portable,portable_alpha_0.50,35,0.5,none,0.0,0,full MBPI,0.7423436503149125
136,portable,portable_alpha_0.50,36,0.5,none,0.0,0,full MBPI,0.6782587879180516
137,portable,portable_alpha_0.50,37,0.5,none,0.0,0,full MBPI,0.6145752773955712
138,portable,portable_alpha_0.50,38,0.5,none,0.0,0,full MBPI,0.6525467160325312
139,portable,portable_alpha_0.50,39,0.5,none,0.0,0,full MBPI,0.6513384730378995
140,portable,portable_alpha_0.50,40,0.5,none,0.0,0,full MBPI,0.6285582472317189
141,portable,portable_alpha_0.50,41,0.5,none,0.0,0,full MBPI,0.6557500332359895
142,portable,portable_alpha_0.50,42,0.5,none,0.0,0,full MBPI,0.7113487485843745
143,portable,portable_alpha_0.50,43,0.5,none,0.0,0,full MBPI,0.5617836866422491
144,portable,portable_alpha_0.50,44,0.5,none,0.0,0,full MBPI,0.6833833397180037
145,portable,portable_alpha_0.50,45,0.5,none,0.0,0,full MBPI,0.652508066093969
146,portable,portable_alpha_0.50,46,0.5,none,0.0,0,full MBPI,0.6364882548897847
147,portable,portable_alpha_0.50,47,0.5,none,0.0,0,full MBPI,0.5510069464852766
148,portable,portable_alpha_0.50,48,0.5,none,0.0,0,full MBPI,0.7261497968172087
149,portable,portable_alpha_0.50,49,0.5,none,0.0,0,full MBPI,0.6611063671414328
150,portable,portable_alpha_0.50,50,0.5,none,0.0,0,full MBPI,0.6197527905082334
151,portable,portable_alpha_1.00,1,1.0,none,0.0,0,full MBPI,0.5859409654300393
152,portable,portable_alpha_1.00,2,1.0,none,0.0,0,full MBPI,0.6055785805801355
153,portable,portable_alpha_1.00,3,1.0,none,0.0,0,full MBPI,0.6340449589811554
154,portable,portable_alpha_1.00,4,1.0,none,0.0,0,full MBPI,0.5960056811186533
155,portable,portable_alpha_1.00,5,1.0,none,0.0,0,full MBPI,0.6161040268490275
156,portable,portable_alpha_1.00,6,1.0,none,0.0,0,full MBPI,0.619427492772696
157,portable,portable_alpha_1.00,7,1.0,none,0.0,0,full MBPI,0.5847473202800832
158,portable,portable_alpha_1.00,8,1.0,none,0.0,0,full MBPI,0.5644154885923881
159,portable,portable_alpha_1.00,9,1.0,none,0.0,0,full MBPI,0.6280021617567134
160,portable,portable_alpha_1.00,10,1.0,none,0.0,0,full MBPI,0.594016058294192
161,portable,portable_alpha_1.00,11,1.0,none,0.0,0,full MBPI,0.5909957595006278
162,portable,portable_alpha_1.00,12,1.0,none,0.0,0,full MBPI,0.6406062721227876
163,portable,portable_alpha_1.00,13,1.0,none,0.0,0,full MBPI,0.6129393304422079
164,portable,portable_alpha_1.00,14,1.0,none,0.0,0,full MBPI,0.6472627823143683
165,portable,portable_alpha_1.00,15,1.0,none,0.0,0,full MBPI,0.6311437257284837
166,portable,portable_alpha_1.00,16,1.0,none,0.0,0,full MBPI,0.6524271389910837
167,portable,portable_alpha_1.00,17,1.0,none,0.0,0,full MBPI,0.6194907674192052
168,portable,portable_alpha_1.00,18,1.0,none,0.0,0,full MBPI,0.6116730044413817
169,portable,portable_alpha_1.00,19,1.0,none,0.0,0,full MBPI,0.5757162735836238
170,portable,portable_alpha_1.00,20,1.0,none,0.0,0,full MBPI,0.58907991557622
171,portable,portable_alpha_1.00,21,1.0,none,0.0,0,full MBPI,0.6183514773858168
172,portable,portable_alpha_1.00,22,1.0,none,0.0,0,full MBPI,0.6369623502205513
173,portable,portable_alpha_1.00,23,1.0,none,0.0,0,full MBPI,0.5833629949698179
174,portable,portable_alpha_1.00,24,1.0,none,0.0,0,full MBPI,0.6266553743093507
175,portable,portable_alpha_1.00,25,1.0,none,0.0,0,full MBPI,0.6239372386293159
176,portable,portable_alpha_1.00,26,1.0,none,0.0,0,full MBPI,0.587114087434632
177,portable,portable_alpha_1.00,27,1.0,none,0.0,0,full MBPI,0.630844225351254
178,portable,portable_alpha_1.00,28,1.0,none,0.0,0,full MBPI,0.5806358255018917
179,portable,portable_alpha_1.00,29,1.0,none,0.0,0,full MBPI,0.6311468369075822
180,portable,portable_alpha_1.00,30,1.0,none,0.0,0,full MBPI,0.6222135840060632
181,portable,portable_alpha_1.00,31,1.0,none,0.0,0,full MBPI,0.6095764063724122
182,portable,portable_alpha_1.00,32,1.0,none,0.0,0,full MBPI,0.6289108796707638
183,portable,portable_alpha_1.00,33,1.0,none,0.0,0,full MBPI,0.593496071905916
184,portable,portable_alpha_1.00,34,1.0,none,0.0,0,full MBPI,0.6308433328123056
185,portable,portable_alpha_1.00,35,1.0,none,0.0,0,full MBPI,0.6362148172623995
186,portable,portable_alpha_1.00,36,1.0,none,0.0,0,full MBPI,0.6174380225007722
187,portable,portable_alpha_1.00,37,1.0,none,0.0,0,full MBPI,0.6355917823554874
188,portable,portable_alpha_1.00,38,1.0,none,0.0,0,full MBPI,0.6072157489158417
189,portable,portable_alpha_1.00,39,1.0,none,0.0,0,full MBPI,0.6144285027983992
190,portable,portable_alpha_1.00,40,1.0,none,0.0,0,full MBPI,0.6305498357741799
191,portable,portable_alpha_1.00,41,1.0,none,0.0,0,full MBPI,0.5824744400737151
192,portable,portable_alpha_1.00,42,1.0,none,0.0,0,full MBPI,0.6022972402944023
193,portable,portable_alpha_1.00,43,1.0,none,0.0,0,full MBPI,0.6395051624757767
194,portable,portable_alpha_1.00,44,1.0,none,0.0,0,full MBPI,0.6415808846136062
195,portable,portable_alpha_1.00,45,1.0,none,0.0,0,full MBPI,0.6337181550496863
196,portable,portable_alpha_1.00,46,1.0,none,0.0,0,full MBPI,0.5712476626521279
197,portable,portable_alpha_1.00,47,1.0,none,0.0,0,full MBPI,0.6300484191427341
198,portable,portable_alpha_1.00,48,1.0,none,0.0,0,full MBPI,0.63658460280002
199,portable,portable_alpha_1.00,49,1.0,none,0.0,0,full MBPI,0.6116133333200052
200,portable,portable_alpha_1.00,50,1.0,none,0.0,0,full MBPI,0.6120543783038254
201,portable,portable_alpha_1.50,1,1.5,none,0.0,0,full MBPI,0.5674922759441472
202,portable,portable_alpha_1.50,2,1.5,none,0.0,0,full MBPI,0.5941690833681099
203,portable,portable_alpha_1.50,3,1.5,none,0.0,0,full MBPI,0.5945424900831353
204,portable,portable_alpha_1.50,4,1.5,none,0.0,0,full MBPI,0.6151165433409742
205,portable,portable_alpha_1.50,5,1.5,none,0.0,0,full MBPI,0.6051307153458721
206,portable,portable_alpha_1.50,6,1.5,none,0.0,0,full MBPI,0.5756971895597103
207,portable,portable_alpha_1.50,7,1.5,none,0.0,0,full MBPI,0.62401882553439
208,portable,portable_alpha_1.50,8,1.5,none,0.0,0,full MBPI,0.5945987422877042
209,portable,portable_alpha_1.50,9,1.5,none,0.0,0,full MBPI,0.5917576897852607
210,portable,portable_alpha_1.50,10,1.5,none,0.0,0,full MBPI,0.512998575757984
211,portable,portable_alpha_1.50,11,1.5,none,0.0,0,full MBPI,0.5680382341211535
212,portable,portable_alpha_1.50,12,1.5,none,0.0,0,full MBPI,0.538198990940464
213,portable,portable_alpha_1.50,13,1.5,none,0.0,0,full MBPI,0.5819846683985047
214,portable,portable_alpha_1.50,14,1.5,none,0.0,0,full MBPI,0.5872181463916969
215,portable,portable_alpha_1.50,15,1.5,none,0.0,0,full MBPI,0.6094143785859439
216,portable,portable_alpha_1.50,16,1.5,none,0.0,0,full MBPI,0.6101045892783796
217,portable,portable_alpha_1.50,17,1.5,none,0.0,0,full MBPI,0.6019396354032654
218,portable,portable_alpha_1.50,18,1.5,none,0.0,0,full MBPI,0.5816917775454343
219,portable,portable_alpha_1.50,19,1.5,none,0.0,0,full MBPI,0.5500187648950297
220,portable,portable_alpha_1.50,20,1.5,none,0.0,0,full MBPI,0.5997919788267942
221,portable,portable_alpha_1.50,21,1.5,none,0.0,0,full MBPI,0.57319165452265
222,portable,portable_alpha_1.50,22,1.5,none,0.0,0,full MBPI,0.5802782932286482
223,portable,portable_alpha_1.50,23,1.5,none,0.0,0,full MBPI,0.5756128220490015
224,portable,portable_alpha_1.50,24,1.5,none,0.0,0,full MBPI,0.5883051786192262
225,portable,portable_alpha_1.50,25,1.5,none,0.0,0,full MBPI,0.5676696485736372
226,portable,portable_alpha_1.50,26,1.5,none,0.0,0,full MBPI,0.5749756110759683
227,portable,portable_alpha_1.50,27,1.5,none,0.0,0,full MBPI,0.6109531516562924
228,portable,portable_alpha_1.50,28,1.5,none,0.0,0,full MBPI,0.5550843437655596
229,portable,portable_alpha_1.50,29,1.5,none,0.0,0,full MBPI,0.5781895445127085
230,portable,portable_alpha_1.50,30,1.5,none,0.0,0,full MBPI,0.6237534036287896
231,portable,portable_alpha_1.50,31,1.5,none,0.0,0,full MBPI,0.5702689669655193
232,portable,portable_alpha_1.50,32,1.5,none,0.0,0,full MBPI,0.568549419901748
233,portable,portable_alpha_1.50,33,1.5,none,0.0,0,full MBPI,0.5711630174005808
234,portable,portable_alpha_1.50,34,1.5,none,0.0,0,full MBPI,0.5902330726228214
235,portable,portable_alpha_1.50,35,1.5,none,0.0,0,full MBPI,0.5813463124497223
236,portable,portable_alpha_1.50,36,1.5,none,0.0,0,full MBPI,0.6016761019998585
237,portable,portable_alpha_1.50,37,1.5,none,0.0,0,full MBPI,0.6019514296886594
238,portable,portable_alpha_1.50,38,1.5,none,0.0,0,full MBPI,0.5785959588926293
239,portable,portable_alpha_1.50,39,1.5,none,0.0,0,full MBPI,0.6054368019005849
240,portable,portable_alpha_1.50,40,1.5,none,0.0,0,full MBPI,0.5804572133002149
241,portable,portable_alpha_1.50,41,1.5,none,0.0,0,full MBPI,0.6115795734550179
242,portable,portable_alpha_1.50,42,1.5,none,0.0,0,full MBPI,0.5746784168503122
243,portable,portable_alpha_1.50,43,1.5,none,0.0,0,full MBPI,0.5572042500401202
244,portable,portable_alpha_1.50,44,1.5,none,0.0,0,full MBPI,0.5704230574195455
245,portable,portable_alpha_1.50,45,1.5,none,0.0,0,full MBPI,0.5623109721894414
246,portable,portable_alpha_1.50,46,1.5,none,0.0,0,full MBPI,0.5758379169921514
247,portable,portable_alpha_1.50,47,1.5,none,0.0,0,full MBPI,0.5804758714916166
248,portable,portable_alpha_1.50,48,1.5,none,0.0,0,full MBPI,0.6058113467261299
249,portable,portable_alpha_1.50,49,1.5,none,0.0,0,full MBPI,0.5802646489891575
250,portable,portable_alpha_1.50,50,1.5,none,0.0,0,full MBPI,0.5803440978032329
251,nonportable,nonportable_low,1,1.0,low,0.25,1,full MBPI,0.6047334065133402
252,nonportable,nonportable_low,2,1.0,low,0.25,1,full MBPI,0.5545632368238047
253,nonportable,nonportable_low,3,1.0,low,0.25,1,full MBPI,0.5798665135529489
254,nonportable,nonportable_low,4,1.0,low,0.25,1,full MBPI,0.5852469277386073
255,nonportable,nonportable_low,5,1.0,low,0.25,1,full MBPI,0.6008417037687342
256,nonportable,nonportable_low,6,1.0,low,0.25,1,full MBPI,0.6263871307563645
257,nonportable,nonportable_low,7,1.0,low,0.25,1,full MBPI,0.5801068454882838
258,nonportable,nonportable_low,8,1.0,low,0.25,1,full MBPI,0.6430776477962765
259,nonportable,nonportable_low,9,1.0,low,0.25,1,full MBPI,0.5907872020867765
260,nonportable,nonportable_low,10,1.0,low,0.25,1,full MBPI,0.5699231051414421
261,nonportable,nonportable_low,11,1.0,low,0.25,1,full MBPI,0.6326192040704083
262,nonportable,nonportable_low,12,1.0,low,0.25,1,full MBPI,0.6610637140771938
263,nonportable,nonportable_low,13,1.0,low,0.25,1,full MBPI,0.5705885588115797
264,nonportable,nonportable_low,14,1.0,low,0.25,1,full MBPI,0.5646285781874877
265,nonportable,nonportable_low,15,1.0,low,0.25,1,full MBPI,0.6197527587028738
266,nonportable,nonportable_low,16,1.0,low,0.25,1,full MBPI,0.6120434700585446
267,nonportable,nonportable_low,17,1.0,low,0.25,1,full MBPI,0.663464032192722
268,nonportable,nonportable_low,18,1.0,low,0.25,1,full MBPI,0.5793841942039811
269,nonportable,nonportable_low,19,1.0,low,0.25,1,full MBPI,0.5857283261791734
270,nonportable,nonportable_low,20,1.0,low,0.25,1,full MBPI,0.6129188662263886
271,nonportable,nonportable_low,21,1.0,low,0.25,1,full MBPI,0.6076838268320134
272,nonportable,nonportable_low,22,1.0,low,0.25,1,full MBPI,0.6451541585877503
273,nonportable,nonportable_low,23,1.0,low,0.25,1,full MBPI,0.6262802591463538
274,nonportable,nonportable_low,24,1.0,low,0.25,1,full MBPI,0.5664120969017948
275,nonportable,nonportable_low,25,1.0,low,0.25,1,full MBPI,0.6112067259148046
276,nonportable,nonportable_low,26,1.0,low,0.25,1,full MBPI,0.6370142107125519
277,nonportable,nonportable_low,27,1.0,low,0.25,1,full MBPI,0.6016753871436168
278,nonportable,nonportable_low,28,1.0,low,0.25,1,full MBPI,0.5887481874808876
279,nonportable,nonportable_low,29,1.0,low,0.25,1,full MBPI,0.6196982270899903
280,nonportable,nonportable_low,30,1.0,low,0.25,1,full MBPI,0.7010386067432499
281,nonportable,nonportable_low,31,1.0,low,0.25,1,full MBPI,0.5898151475692993
282,nonportable,nonportable_low,32,1.0,low,0.25,1,full MBPI,0.5768656552285534
283,nonportable,nonportable_low,33,1.0,low,0.25,1,full MBPI,0.6424545780878098
284,nonportable,nonportable_low,34,1.0,low,0.25,1,full MBPI,0.586441852301482
285,nonportable,nonportable_low,35,1.0,low,0.25,1,full MBPI,0.5949132661091878
286,nonportable,nonportable_low,36,1.0,low,0.25,1,full MBPI,0.6036632472361878
287,nonportable,nonportable_low,37,1.0,low,0.25,1,full MBPI,0.5965280896765928
288,nonportable,nonportable_low,38,1.0,low,0.25,1,full MBPI,0.6061512502539227
289,nonportable,nonportable_low,39,1.0,low,0.25,1,full MBPI,0.5947400088011177
290,nonportable,nonportable_low,40,1.0,low,0.25,1,full MBPI,0.647636903391224
291,nonportable,nonportable_low,41,1.0,low,0.25,1,full MBPI,0.6357234028832263
292,nonportable,nonportable_low,42,1.0,low,0.25,1,full MBPI,0.5986289572128062
293,nonportable,nonportable_low,43,1.0,low,0.25,1,full MBPI,0.6462830441805952
294,nonportable,nonportable_low,44,1.0,low,0.25,1,full MBPI,0.6349606895740539
295,nonportable,nonportable_low,45,1.0,low,0.25,1,full MBPI,0.6438684366702966
296,nonportable,nonportable_low,46,1.0,low,0.25,1,full MBPI,0.5894003156528521
297,nonportable,nonportable_low,47,1.0,low,0.25,1,full MBPI,0.5507982226127893
298,nonportable,nonportable_low,48,1.0,low,0.25,1,full MBPI,0.5826645080484038
299,nonportable,nonportable_low,49,1.0,low,0.25,1,full MBPI,0.5820020458307659
300,nonportable,nonportable_low,50,1.0,low,0.25,1,full MBPI,0.6582913868854858
301,nonportable,nonportable_moderate,1,1.0,moderate,0.5,1,full MBPI,0.6291846874098148
302,nonportable,nonportable_moderate,2,1.0,moderate,0.5,1,full MBPI,0.6237337409384904
303,nonportable,nonportable_moderate,3,1.0,moderate,0.5,1,full MBPI,0.5917069549304904
304,nonportable,nonportable_moderate,4,1.0,moderate,0.5,1,full MBPI,0.5955558560125446
305,nonportable,nonportable_moderate,5,1.0,moderate,0.5,1,full MBPI,0.6584732405007836
306,nonportable,nonportable_moderate,6,1.0,moderate,0.5,1,full MBPI,0.5772186652971123
307,nonportable,nonportable_moderate,7,1.0,moderate,0.5,1,full MBPI,0.6376400478812739
308,nonportable,nonportable_moderate,8,1.0,moderate,0.5,1,full MBPI,0.6022282574083409
309,nonportable,nonportable_moderate,9,1.0,moderate,0.5,1,full MBPI,0.6390660612092148
310,nonportable,nonportable_moderate,10,1.0,moderate,0.5,1,full MBPI,0.6588304931407617
311,nonportable,nonportable_moderate,11,1.0,moderate,0.5,1,full MBPI,0.5698892428796579
312,nonportable,nonportable_moderate,12,1.0,moderate,0.5,1,full MBPI,0.6048873051248586
313,nonportable,nonportable_moderate,13,1.0,moderate,0.5,1,full MBPI,0.5937634253426649
314,nonportable,nonportable_moderate,14,1.0,moderate,0.5,1,full MBPI,0.6195684373542428
315,nonportable,nonportable_moderate,15,1.0,moderate,0.5,1,full MBPI,0.6644052043592441
316,nonportable,nonportable_moderate,16,1.0,moderate,0.5,1,full MBPI,0.6334423325910977
317,nonportable,nonportable_moderate,17,1.0,moderate,0.5,1,full MBPI,0.6170812662989715
318,nonportable,nonportable_moderate,18,1.0,moderate,0.5,1,full MBPI,0.6042460316481972
319,nonportable,nonportable_moderate,19,1.0,moderate,0.5,1,full MBPI,0.6085925678956831
320,nonportable,nonportable_moderate,20,1.0,moderate,0.5,1,full MBPI,0.6044920712067658
321,nonportable,nonportable_moderate,21,1.0,moderate,0.5,1,full MBPI,0.5942239982871839
322,nonportable,nonportable_moderate,22,1.0,moderate,0.5,1,full MBPI,0.6053988178923659
323,nonportable,nonportable_moderate,23,1.0,moderate,0.5,1,full MBPI,0.6346429826217402
324,nonportable,nonportable_moderate,24,1.0,moderate,0.5,1,full MBPI,0.6051469570329014
325,nonportable,nonportable_moderate,25,1.0,moderate,0.5,1,full MBPI,0.6190155018075117
326,nonportable,nonportable_moderate,26,1.0,moderate,0.5,1,full MBPI,0.6052564282752932
327,nonportable,nonportable_moderate,27,1.0,moderate,0.5,1,full MBPI,0.6305395271327662
328,nonportable,nonportable_moderate,28,1.0,moderate,0.5,1,full MBPI,0.6547496028935663
329,nonportable,nonportable_moderate,29,1.0,moderate,0.5,1,full MBPI,0.6010501817774209
330,nonportable,nonportable_moderate,30,1.0,moderate,0.5,1,full MBPI,0.5884065299867717
331,nonportable,nonportable_moderate,31,1.0,moderate,0.5,1,full MBPI,0.6236801388580838
332,nonportable,nonportable_moderate,32,1.0,moderate,0.5,1,full MBPI,0.599897505461105
333,nonportable,nonportable_moderate,33,1.0,moderate,0.5,1,full MBPI,0.6089790135655928
334,nonportable,nonportable_moderate,34,1.0,moderate,0.5,1,full MBPI,0.5812644614816213
335,nonportable,nonportable_moderate,35,1.0,moderate,0.5,1,full MBPI,0.6673186119543703
336,nonportable,nonportable_moderate,36,1.0,moderate,0.5,1,full MBPI,0.6303520468286226
337,nonportable,nonportable_moderate,37,1.0,moderate,0.5,1,full MBPI,0.5654637530633687
338,nonportable,nonportable_moderate,38,1.0,moderate,0.5,1,full MBPI,0.6107442606888364
339,nonportable,nonportable_moderate,39,1.0,moderate,0.5,1,full MBPI,0.6374086125439349
340,nonportable,nonportable_moderate,40,1.0,moderate,0.5,1,full MBPI,0.6379863905072494
341,nonportable,nonportable_moderate,41,1.0,moderate,0.5,1,full MBPI,0.6265144685867555
342,nonportable,nonportable_moderate,42,1.0,moderate,0.5,1,full MBPI,0.6098344998546873
343,nonportable,nonportable_moderate,43,1.0,moderate,0.5,1,full MBPI,0.5801242656369923
344,nonportable,nonportable_moderate,44,1.0,moderate,0.5,1,full MBPI,0.6160464397154433
345,nonportable,nonportable_moderate,45,1.0,moderate,0.5,1,full MBPI,0.612163247390166
346,nonportable,nonportable_moderate,46,1.0,moderate,0.5,1,full MBPI,0.6367416931531881
347,nonportable,nonportable_moderate,47,1.0,moderate,0.5,1,full MBPI,0.5720614974599051
348,nonportable,nonportable_moderate,48,1.0,moderate,0.5,1,full MBPI,0.5809054147387246
349,nonportable,nonportable_moderate,49,1.0,moderate,0.5,1,full MBPI,0.6198243894613521
350,nonportable,nonportable_moderate,50,1.0,moderate,0.5,1,full MBPI,0.6066346229892675
351,nonportable,nonportable_high,1,1.0,high,1.0,1,full MBPI,0.7384834897489055
352,nonportable,nonportable_high,2,1.0,high,1.0,1,full MBPI,0.7866352951525563
353,nonportable,nonportable_high,3,1.0,high,1.0,1,full MBPI,0.6680785315064767
354,nonportable,nonportable_high,4,1.0,high,1.0,1,full MBPI,0.7524888260671257
355,nonportable,nonportable_high,5,1.0,high,1.0,1,full MBPI,0.7388360192400562
356,nonportable,nonportable_high,6,1.0,high,1.0,1,full MBPI,0.6684306807201272
357,nonportable,nonportable_high,7,1.0,high,1.0,1,full MBPI,0.7631578588510788
358,nonportable,nonportable_high,8,1.0,high,1.0,1,full MBPI,0.7547657930498787
359,nonportable,nonportable_high,9,1.0,high,1.0,1,full MBPI,0.6833748009605082
360,nonportable,nonportable_high,10,1.0,high,1.0,1,full MBPI,0.75260885868204
361,nonportable,nonportable_high,11,1.0,high,1.0,1,full MBPI,0.7732106181554461
362,nonportable,nonportable_high,12,1.0,high,1.0,1,full MBPI,0.7467374187392672
363,nonportable,nonportable_high,13,1.0,high,1.0,1,full MBPI,0.6724662233823113
364,nonportable,nonportable_high,14,1.0,high,1.0,1,full MBPI,0.7322013361479272
365,nonportable,nonportable_high,15,1.0,high,1.0,1,full MBPI,0.7468162151090237
366,nonportable,nonportable_high,16,1.0,high,1.0,1,full MBPI,0.7205029540716513
367,nonportable,nonportable_high,17,1.0,high,1.0,1,full MBPI,0.6761751197817522
368,nonportable,nonportable_high,18,1.0,high,1.0,1,full MBPI,0.7542811277885161
369,nonportable,nonportable_high,19,1.0,high,1.0,1,full MBPI,0.6866850078184393
370,nonportable,nonportable_high,20,1.0,high,1.0,1,full MBPI,0.6886032994160055
371,nonportable,nonportable_high,21,1.0,high,1.0,1,full MBPI,0.7672814769568963
372,nonportable,nonportable_high,22,1.0,high,1.0,1,full MBPI,0.6716944752553062
373,nonportable,nonportable_high,23,1.0,high,1.0,1,full MBPI,0.7600717043465194
374,nonportable,nonportable_high,24,1.0,high,1.0,1,full MBPI,0.6994547005861289
375,nonportable,nonportable_high,25,1.0,high,1.0,1,full MBPI,0.680277904249805
376,nonportable,nonportable_high,26,1.0,high,1.0,1,full MBPI,0.7596324892694563
377,nonportable,nonportable_high,27,1.0,high,1.0,1,full MBPI,0.7143524072962989
378,nonportable,nonportable_high,28,1.0,high,1.0,1,full MBPI,0.6429976529936637
379,nonportable,nonportable_high,29,1.0,high,1.0,1,full MBPI,0.6889124549460757
380,nonportable,nonportable_high,30,1.0,high,1.0,1,full MBPI,0.7692400123989948
381,nonportable,nonportable_high,31,1.0,high,1.0,1,full MBPI,0.7489646992033555
382,nonportable,nonportable_high,32,1.0,high,1.0,1,full MBPI,0.7234150761979556
383,nonportable,nonportable_high,33,1.0,high,1.0,1,full MBPI,0.7053805594223229
384,nonportable,nonportable_high,34,1.0,high,1.0,1,full MBPI,0.7470891457710104
385,nonportable,nonportable_high,35,1.0,high,1.0,1,full MBPI,0.7625107731133699
386,nonportable,nonportable_high,36,1.0,high,1.0,1,full MBPI,0.7538424898955141
387,nonportable,nonportable_high,37,1.0,high,1.0,1,full MBPI,0.7655009502891487
388,nonportable,nonportable_high,38,1.0,high,1.0,1,full MBPI,0.7484951618073317
389,nonportable,nonportable_high,39,1.0,high,1.0,1,full MBPI,0.7557968725828589
390,nonportable,nonportable_high,40,1.0,high,1.0,1,full MBPI,0.7120126848207241
391,nonportable,nonportable_high,41,1.0,high,1.0,1,full MBPI,0.723732231635335
392,nonportable,nonportable_high,42,1.0,high,1.0,1,full MBPI,0.7710333131435791
393,nonportable,nonportable_high,43,1.0,high,1.0,1,full MBPI,0.7205414438395775
394,nonportable,nonportable_high,44,1.0,high,1.0,1,full MBPI,0.7080102836186798
395,nonportable,nonportable_high,45,1.0,high,1.0,1,full MBPI,0.7587466215295985
396,nonportable,nonportable_high,46,1.0,high,1.0,1,full MBPI,0.7248075409775017
397,nonportable,nonportable_high,47,1.0,high,1.0,1,full MBPI,0.7498497302211936
398,nonportable,nonportable_high,48,1.0,high,1.0,1,full MBPI,0.63934168480341
399,nonportable,nonportable_high,49,1.0,high,1.0,1,full MBPI,0.671150866190518
400,nonportable,nonportable_high,50,1.0,high,1.0,1,full MBPI,0.7469728621073818
