R2_cohort,R2_disease,CDDR,angle_degrees,pc1_variance_pct,MBPI,MBPI_plus,S_CDDR,S_angle,S_BPG,S_LOCO,S_feature,S_heterogeneity,replicate,bootstrap_mode,n_samples
0.7451799409685592,0.0033012501524167163,225.7265904018337,81.66761364783358,60.81563406143735,0.7612544124683359,0.7953609249728594,0.7019820391083246,0.907417929420373,0.8870369060213331,0.9054116865286785,0.6656779137313065,0.5,1,fast,683
0.7528464419157064,0.002799328992967187,268.93817904472763,89.21981219980806,61.43572380010895,0.7763366647918476,0.8082885698215837,0.708562235805234,0.991331246664534,0.8870369060213331,0.9054116865286785,0.6656779137313065,0.5,2,fast,683
0.7516802278484059,0.0035637465630417014,210.92415371053704,83.56702651309458,61.457968511398334,0.7643339799805289,0.7980005542690247,0.6993548567896932,0.9285225168121619,0.8870369060213331,0.9054116865286785,0.6656779137313065,0.5,3,fast,683
0.7480713435128027,0.0033424051177197802,223.81229000245904,86.99869354124839,60.80406009031609,0.77107221410047,0.8037761835146886,0.7016546278631866,0.9666521504583154,0.8870369060213331,0.9054116865286785,0.6656779137313065,0.5,4,fast,683
0.7501895277903697,0.003366011918563125,222.87191665994126,85.7678869624405,61.15116787676955,0.7687659218853594,0.8017993616160224,0.7014925032259443,0.9529765218048944,0.8870369060213331,0.9054116865286785,0.6656779137313065,0.5,5,fast,683
0.7563995160334547,0.0035851553624237265,210.98095886201554,85.94881403563284,61.623277638121685,0.7687464509918961,0.8017826722787681,0.6993653770519159,0.9549868226181426,0.8870369060213331,0.9054116865286785,0.6656779137313065,0.5,6,fast,683
0.7531251602760349,0.0027747423713992128,271.4216527050972,80.17032575609085,61.30521454251614,0.7596345941487107,0.7939725092703235,0.7088996613210478,0.8907813972898982,0.8870369060213331,0.9054116865286785,0.6656779137313065,0.5,7,fast,683
0.7531402760881222,0.003552745674649076,211.98823249922438,84.87223200148138,61.522648598632934,0.7667837735260736,0.8001003773080632,0.699551334858664,0.9430248000164597,0.8870369060213331,0.9054116865286785,0.6656779137313065,0.5,8,fast,683
0.7479468161330627,0.003497116751312744,213.87527764187433,82.97100683458883,60.621121838581914,0.7633205545452245,0.7971319038959067,0.6998967450501534,0.9219000759398759,0.8870369060213331,0.9054116865286785,0.6656779137313065,0.5,9,fast,683
0.7513154895160681,0.00340407235496099,220.7107873077739,81.00803883523277,61.28779257355308,0.7598887448365376,0.7941903527170322,0.7011166423464325,0.9000893203914752,0.8870369060213331,0.9054116865286785,0.6656779137313065,0.5,10,fast,683
0.7502198766148448,0.002981730945315881,251.60549035901275,87.38037480187695,61.27015196823172,0.772518845750619,0.8050161535005306,0.7060935148682077,0.9708930533541884,0.8870369060213331,0.9054116865286785,0.6656779137313065,0.5,11,fast,683
0.7550387523384737,0.003063696472877332,246.44698292496446,77.49344135589764,61.46764213352104,0.7540803644723565,0.7892117409763056,0.7053174432650695,0.8610382372877516,0.8870369060213331,0.9054116865286785,0.6656779137313065,0.5,12,fast,683
0.7488563245614906,0.0031550785063970224,237.3495058976062,81.9212934304963,60.923323786885476,0.7620435115077083,0.7960372955780357,0.7038979690927504,0.9102365936721811,0.8870369060213331,0.9054116865286785,0.6656779137313065,0.5,13,fast,683
0.751641278013538,0.0032748836151299974,229.5169436070788,84.75603683194421,61.340619111075355,0.7670800699423374,0.8003543456648606,0.7026201707955483,0.9417337425771579,0.8870369060213331,0.9054116865286785,0.6656779137313065,0.5,14,fast,683
0.7509737765400045,0.004213799578242406,178.21772549828745,87.62662992024211,61.23355915651657,0.7707305297149499,0.8034833111842428,0.6926274506723579,0.9736292213360235,0.8870369060213331,0.9054116865286785,0.6656779137313065,0.5,15,fast,683
0.7497715225776047,0.0033626522544065803,222.97028234039612,85.58017830996174,61.20398318183305,0.768421146405534,0.8015038397761721,0.7015095020412003,0.950890870110686,0.8870369060213331,0.9054116865286785,0.6656779137313065,0.5,16,fast,683
0.7519761222737149,0.0030530529569011687,246.3030064951662,84.54681242252872,61.0727485544153,0.7671385041864053,0.800404432159776,0.7052954919201285,0.9394090269169857,0.8870369060213331,0.9054116865286785,0.6656779137313065,0.5,17,fast,683
0.7523714117129551,0.0029640243261131673,253.8344254075563,84.06289823990437,61.45183260863234,0.7664302375144704,0.7997973464409746,0.7064227161399003,0.9340322026656042,0.8870369060213331,0.9054116865286785,0.6656779137313065,0.5,18,fast,683
0.7517582352748441,0.0031857121400658867,235.97808032313185,80.55864370036947,61.54831090350083,0.7594834382191483,0.7938429470449843,0.7036780819183551,0.8950960411152163,0.8870369060213331,0.9054116865286785,0.6656779137313065,0.5,19,fast,683
0.7514111092126894,0.0033464061195222425,224.54271310021582,89.80956192875077,61.47160437235183,0.7762984159590863,0.8082557851077883,0.7017799680426356,0.9978840214305641,0.8870369060213331,0.9054116865286785,0.6656779137313065,0.5,20,fast,683
0.7489321528870844,0.0031212854422373484,239.94349980059727,88.32672087968747,61.06284646660135,0.7739740125662645,0.8062634393425124,0.7043095593419638,0.9814080097743052,0.8870369060213331,0.9054116865286785,0.6656779137313065,0.5,21,fast,683
0.7532662879893254,0.0032046759532566374,235.05224833226757,84.43408200909687,61.23837916423317,0.7666352842060685,0.7999731007480587,0.7035287321873508,0.938156466767743,0.8870369060213331,0.9054116865286785,0.6656779137313065,0.5,22,fast,683
0.7520204410523297,0.003197226965367977,235.21021472611585,86.70520280554261,61.33521759767125,0.7708453191700978,0.803581702145798,0.7035542664554615,0.9633911422838068,0.8870369060213331,0.9054116865286785,0.6656779137313065,0.5,23,fast,683
0.7512877487342076,0.0036616582844838127,205.17691449193143,82.54574185658271,60.77312048180884,0.7622621865621776,0.7962247313390094,0.6982717035741621,0.9171749095175856,0.8870369060213331,0.9054116865286785,0.6656779137313065,0.5,24,fast,683
0.7476736048140017,0.00369756205047155,202.20718262690167,85.43596416520928,61.05418378798725,0.7675186611303548,0.8007302809688756,0.6976969697762637,0.9492884907245476,0.8870369060213331,0.9054116865286785,0.6656779137313065,0.5,25,fast,683
0.7480096895123293,0.0037655097826878904,198.64765534572217,84.9398122810824,61.05300525608064,0.7664826925694027,0.7998423079166309,0.6969939571230718,0.9437756920120266,0.8870369060213331,0.9054116865286785,0.6656779137313065,0.5,26,fast,683
0.7505011483097366,0.003241457115506773,231.5320306782471,88.68833426898657,61.124047706368145,0.7744177525700802,0.8066437879172116,0.7029540728170899,0.985425936322073,0.8870369060213331,0.9054116865286785,0.6656779137313065,0.5,27,fast,683
0.7573191464653841,0.003993114106963378,189.65627482188293,86.5909380577949,61.84542328964573,0.7692322216483717,0.8021990471271757,0.6951452896334133,0.9621215339754989,0.8870369060213331,0.9054116865286785,0.6656779137313065,0.5,28,fast,683
0.7513969926451319,0.003465261148271483,216.8370464719343,84.9293066741986,61.36028729322754,0.7670361175260664,0.8003166721651997,0.7004312358284298,0.9436589630466511,0.8870369060213331,0.9054116865286785,0.6656779137313065,0.5,29,fast,683
0.7464937476090242,0.0030770272918671845,242.6022510694213,88.11511495151751,60.715408174222304,0.7736515040200883,0.80598700344579,0.7047256850445722,0.9790568327946391,0.8870369060213331,0.9054116865286785,0.6656779137313065,0.5,30,fast,683
0.7446864130990896,0.0032100147052595697,231.98847403375754,86.86624489990663,60.47458206511801,0.7710560342746279,0.8037623150925383,0.7030292004785984,0.9651804988878515,0.8870369060213331,0.9054116865286785,0.6656779137313065,0.5,31,fast,683
0.7468384635219933,0.00270954184012657,275.6327481132775,86.46088353796394,60.65253332413171,0.7713776816466411,0.8040380128399781,0.7094630998433735,0.9606764837551549,0.8870369060213331,0.9054116865286785,0.6656779137313065,0.5,32,fast,683
0.7543980563732,0.0030056866216353366,250.99025658328495,83.46281938752054,61.682732686240605,0.765248861972542,0.7987847388336075,0.7060020056925956,0.9273646598613393,0.8870369060213331,0.9054116865286785,0.6656779137313065,0.5,33,fast,683
0.7546100341031964,0.003183094017147395,237.0680947650607,89.85300595193935,62.062318643275106,0.7767243696852897,0.8086208883016769,0.7038529790310941,0.9983667327993261,0.8870369060213331,0.9054116865286785,0.6656779137313065,0.5,34,fast,683
0.7544744223825726,0.00303458906059454,248.62490680525787,88.70549129017724,61.50577090222677,0.774898438742932,0.8070558046367988,0.7056475562854154,0.9856165698908582,0.8870369060213331,0.9054116865286785,0.6656779137313065,0.5,35,fast,683
0.7518371296689049,0.003063014423127367,245.45660771041096,79.47737423287161,61.16503246254725,0.7577290937827285,0.7923392232423386,0.7051661204942573,0.8830819359207956,0.8870369060213331,0.9054116865286785,0.6656779137313065,0.5,36,fast,683
0.755629768160113,0.002760886621826814,273.69098107336634,89.3618350060742,61.54923489899865,0.7767067371323589,0.808605774684879,0.7092046386675666,0.992909277845269,0.8870369060213331,0.9054116865286785,0.6656779137313065,0.5,37,fast,683
0.7466809882947217,0.0033535733594580574,222.6523496761635,87.6725936043847,60.90561483790828,0.7722868267636439,0.8048172800831234,0.7014545253629376,0.9741399289376078,0.8870369060213331,0.9054116865286785,0.6656779137313065,0.5,38,fast,683
0.7476157617035681,0.0029353037345623023,254.69792202443023,83.51010370468187,60.74647283396241,0.7654276379080263,0.7989379753497368,0.7065492800037074,0.9278900411631319,0.8870369060213331,0.9054116865286785,0.6656779137313065,0.5,39,fast,683
0.7515458091352534,0.0034350693975299285,218.7862084171199,87.43996600707763,61.143431053577515,0.7717432834200314,0.8043513857885983,0.7007780163824527,0.9715551778564181,0.8870369060213331,0.9054116865286785,0.6656779137313065,0.5,40,fast,683
0.7550377647486605,0.002606130795153111,289.7159905223797,84.90861796805855,61.40871198428375,0.7688046210036227,0.8018325322888195,0.7112721312064347,0.9434290885339839,0.8870369060213331,0.9054116865286785,0.6656779137313065,0.5,41,fast,683
0.7584772892940381,0.0032589785886551963,232.73466476102888,87.50948502203045,61.72202972357255,0.7722676230779043,0.8048008197810609,0.703151620830214,0.9723276113558939,0.8870369060213331,0.9054116865286785,0.6656779137313065,0.5,42,fast,683
0.7547692384757863,0.0028945201696379606,260.7579820631172,83.74508121243727,61.67753607288672,0.7660083482388312,0.7994357270618553,0.7074226807912554,0.9305009023604142,0.8870369060213331,0.9054116865286785,0.6656779137313065,0.5,43,fast,683
0.7464116436924114,0.0033134056883981308,225.27022462295128,78.3794236347488,60.487825352310686,0.7551522154547264,0.7901304703897656,0.701904301616499,0.8708824848305423,0.8870369060213331,0.9054116865286785,0.6656779137313065,0.5,44,fast,683
0.7545316884583649,0.0030050783379418156,251.085530427518,87.27003978525866,61.50527371654546,0.7723016349942137,0.8048299728521832,0.7060161949588672,0.9696671087250962,0.8870369060213331,0.9054116865286785,0.6656779137313065,0.5,45,fast,683
0.7556011994829936,0.0028499492173184524,265.12795206714134,88.66652747424826,61.51639261288741,0.7752245093206099,0.80733529370338,0.7080369110395834,0.9851836386027584,0.8870369060213331,0.9054116865286785,0.6656779137313065,0.5,46,fast,683
0.7536188723959972,0.0033548685543149004,224.63439630942386,83.52040904794568,61.31963605799039,0.7646544526636583,0.7982752451402785,0.7017956647234577,0.9280045449771742,0.8870369060213331,0.9054116865286785,0.6656779137313065,0.5,47,fast,683
0.7447472969414881,0.0033207826868737874,224.26860387019164,80.7104919082361,60.94315403921154,0.7594404567921335,0.7938061058218286,0.7017329910466372,0.8967832434248455,0.8870369060213331,0.9054116865286785,0.6656779137313065,0.5,48,fast,683
0.7549574761876839,0.0031510363045757265,239.59021833273854,85.59770249309547,61.32639272029229,0.7689109869952891,0.8019237031388193,0.7042538324338005,0.9510855832566163,0.8870369060213331,0.9054116865286785,0.6656779137313065,0.5,49,fast,683
0.7467592122666902,0.0035440078265906397,210.71037334166323,85.8499184480805,60.92687216376162,0.7685549536664746,0.8016185317141211,0.6993152329610801,0.95388798275645,0.8870369060213331,0.9054116865286785,0.6656779137313065,0.5,50,fast,683
0.7522989739666189,0.0026892897108262617,279.73891058969673,83.62715933958872,61.35193593469411,0.7662199025197372,0.7996170593026318,0.7100022495083413,0.9291906593287635,0.8870369060213331,0.9054116865286785,0.6656779137313065,0.5,51,fast,683
0.757611667714071,0.0041041552608130204,184.59624930563433,88.80852830941754,61.68821678496702,0.7731572778274901,0.8055633809949915,0.6940557350234275,0.9867614256601949,0.8870369060213331,0.9054116865286785,0.6656779137313065,0.5,52,fast,683
0.7537957202002696,0.002372576460544214,317.7118768291946,88.80570818873052,61.31306243805151,0.7765699084091371,0.8084884929221176,0.7145628531876097,0.9867300909858947,0.8870369060213331,0.9054116865286785,0.6656779137313065,0.5,53,fast,683
0.7551177382233007,0.003428386704448807,220.25454049376367,77.57555754267061,61.930764047118736,0.7535189746640198,0.7887305497120171,0.7010367023397948,0.8619506393630068,0.8870369060213331,0.9054116865286785,0.6656779137313065,0.5,54,fast,683
0.7572552413374665,0.003424472455178127,221.1304810445839,88.547622793544,61.55100059340859,0.7738631628021566,0.8061684252589914,0.7011899950477992,0.9838624754838221,0.8870369060213331,0.9054116865286785,0.6656779137313065,0.5,55,fast,683
0.7508747858285773,0.0028825928002137857,260.4859020576507,89.61704205630919,61.329719302183875,0.7768759052267634,0.8087507759086544,0.7073840133424941,0.9957449117367687,0.8870369060213331,0.9054116865286785,0.6656779137313065,0.5,56,fast,683
0.7427317546391531,0.0031709295590273607,234.23155286583406,88.04675859686859,60.20734336297133,0.7733032582128532,0.8056885070395884,0.7033957252528167,0.9782973177429842,0.8870369060213331,0.9054116865286785,0.6656779137313065,0.5,57,fast,683
0.7497911460171798,0.003009985364068308,249.10125974956875,87.46851091174848,61.00930564861575,0.772619687682283,0.8051025894419569,0.7057192763485084,0.971872343463872,0.8870369060213331,0.9054116865286785,0.6656779137313065,0.5,58,fast,683
0.7532686166251725,0.003106569787827502,242.47600024203902,89.39338608387831,61.20698037133909,0.7760154010437913,0.8080132008946783,0.7047060546050048,0.9932598453764256,0.8870369060213331,0.9054116865286785,0.6656779137313065,0.5,59,fast,683
0.750999594452161,0.0035819498814112444,209.66222848329647,84.01697696799016,60.84296165893688,0.7651281168009031,0.7986812429722027,0.6991202282130993,0.9335219663110018,0.8870369060213331,0.9054116865286785,0.6656779137313065,0.5,60,fast,683
0.7470742190529129,0.003316620022293699,225.25167611339853,83.9136538803675,60.95919389085057,0.7654002626949072,0.798914510881349,0.7019011378840422,0.9323739320040834,0.8870369060213331,0.9054116865286785,0.6656779137313065,0.5,61,fast,683
0.7510996851508995,0.003395523135685965,221.20293549381515,84.73579882718408,61.203386655609826,0.7668063371449197,0.8001197175527883,0.701202640730599,0.9415088758576009,0.8870369060213331,0.9054116865286785,0.6656779137313065,0.5,62,fast,683
0.7499663980552939,0.0027266197568252127,275.0535332908063,86.5354491618658,61.02161665100261,0.7715029563554311,0.8041453911617981,0.7093862411638705,0.9615049906873978,0.8870369060213331,0.9054116865286785,0.6656779137313065,0.5,63,fast,683
0.7490729130846079,0.0034233517984840183,218.81271840548902,88.5045513252229,61.09806628908251,0.7737155193337854,0.8060418737146732,0.7007827061078065,0.9833839036135879,0.8870369060213331,0.9054116865286785,0.6656779137313065,0.5,64,fast,683
0.750655098503473,0.00324401775820727,231.39672913452387,87.10631953120064,61.058963547565156,0.7714843780776687,0.804129466923716,0.7029317673935755,0.9678479947911183,0.8870369060213331,0.9054116865286785,0.6656779137313065,0.5,65,fast,683
0.7539856297976473,0.003382900749611689,222.88139251031666,85.93146273798706,61.91674966655383,0.7690691129806186,0.8020592396976731,0.7014941411803156,0.9547940304220784,0.8870369060213331,0.9054116865286785,0.6656779137313065,0.5,66,fast,683
0.7566364092529951,0.002874660509684513,263.20896213794447,88.30716462588116,61.5693007078732,0.7745143294733375,0.8067265681200037,0.7077687524933609,0.9811907180653462,0.8870369060213331,0.9054116865286785,0.6656779137313065,0.5,67,fast,683
0.753325579363062,0.0029298760065380857,257.1185871627327,82.55486012577312,61.548269720774094,0.7637173283218934,0.7974719957044801,0.7069012400303409,0.9172762236197013,0.8870369060213331,0.9054116865286785,0.6656779137313065,0.5,68,fast,683
0.7488995372558467,0.003349779661598506,223.5668052562221,88.89649651211772,60.77655527830833,0.7745796240111636,0.8067825348667117,0.7016123876510227,0.9877388501346414,0.8870369060213331,0.9054116865286785,0.6656779137313065,0.5,69,fast,683
0.7512421131290722,0.003226123195399387,232.86219019793822,84.33244704733693,61.15363277861707,0.7663876982024035,0.7997608841734888,0.7031724935182486,0.9370271894148547,0.8870369060213331,0.9054116865286785,0.6656779137313065,0.5,70,fast,683
0.7499665767731641,0.003209520254660387,233.66937026933368,86.6806153036802,60.74569120260954,0.7707581218888833,0.8035069616190428,0.7033042772333129,0.9631179478186689,0.8870369060213331,0.9054116865286785,0.6656779137313065,0.5,71,fast,683
0.7529458798836766,0.0029348154805082624,256.55646322039934,86.07568533936941,61.50115889709189,0.7702238147638175,0.8030489840832722,0.7068198785308157,0.9563965037707712,0.8870369060213331,0.9054116865286785,0.6656779137313065,0.5,72,fast,683
0.7513848922245963,0.003034090058880081,247.64752451083848,76.50175298868277,61.274497746600595,0.7522743075461803,0.7876636921824403,0.7054998613437324,0.8500194776520308,0.8870369060213331,0.9054116865286785,0.6656779137313065,0.5,73,fast,683
0.7513325894232801,0.0030162110858880497,249.09814599466884,86.37547563349352,61.194567652508965,0.770595470236064,0.8033675459166263,0.7057188080962494,0.9597275070388169,0.8870369060213331,0.9054116865286785,0.6656779137313065,0.5,74,fast,683
0.7551689055509347,0.0036727579318511588,205.61357964866238,87.04771826615834,61.67062651339547,0.7706131176984136,0.8033826723129259,0.6983553302851815,0.9671968696239815,0.8870369060213331,0.9054116865286785,0.6656779137313065,0.5,75,fast,683
0.7521746923128704,0.0028338279544960895,265.4270846328149,85.57437772958768,61.19229870289984,0.7695052364585145,0.8024330598215839,0.7080784932521282,0.9508264192176409,0.8870369060213331,0.9054116865286785,0.6656779137313065,0.5,76,fast,683
0.7473176522170615,0.0032151926196965115,232.43324447777636,88.3376707984427,61.26756285860282,0.7737930684635178,0.806108344397301,0.7031022289615367,0.9815296755382522,0.8870369060213331,0.9054116865286785,0.6656779137313065,0.5,77,fast,683
0.7499533918113981,0.00284507251027652,263.59728586970465,85.86153848192743,61.192471395133765,0.7699944689714678,0.8028524019755439,0.7078232133038509,0.954017094243638,0.8870369060213331,0.9054116865286785,0.6656779137313065,0.5,78,fast,683
0.7494925086382609,0.003634725938463661,206.2033070243142,79.94460070478516,60.90261963923137,0.757477960728702,0.7921239663388874,0.6984679169266145,0.8882733411642796,0.8870369060213331,0.9054116865286785,0.6656779137313065,0.5,79,fast,683
0.7536439377456368,0.003777238644032592,199.52245774469893,84.26337905457004,61.2132447279221,0.7652590774587589,0.7987934949646505,0.6971681911982353,0.9362597672730004,0.8870369060213331,0.9054116865286785,0.6656779137313065,0.5,80,fast,683
0.7497730248189378,0.0033241047567970344,225.5563767314563,79.49426241932271,60.83128191034503,0.7572248594380443,0.7919070223754666,0.7019530679100293,0.883269582436919,0.8870369060213331,0.9054116865286785,0.6656779137313065,0.5,81,fast,683
0.7515298066571399,0.003261655136325221,230.41363211190347,86.1349568139053,61.34227809960574,0.7696584644472434,0.8025643980976371,0.7027692046920833,0.957055075710059,0.8870369060213331,0.9054116865286785,0.6656779137313065,0.5,82,fast,683
0.7531408547992476,0.003093461643606433,243.4621603781121,86.51384510355805,61.32260062811341,0.7707084171678108,0.8034643575724092,0.7048590511304574,0.9612649455950895,0.8870369060213331,0.9054116865286785,0.6656779137313065,0.5,83,fast,683
0.7544955652570315,0.002600369729837333,290.1493416877412,89.32587520044143,61.79260934758668,0.776993713207006,0.8088517541774338,0.7113260485113697,0.9925097244493493,0.8870369060213331,0.9054116865286785,0.6656779137313065,0.5,84,fast,683
0.7507282860585403,0.003551017436921944,211.41216549735637,86.60979468038468,61.256890064071435,0.7699837797767963,0.8028432398086826,0.699445120375186,0.9623310520042743,0.8870369060213331,0.9054116865286785,0.6656779137313065,0.5,85,fast,683
0.7581056056581555,0.0033158122451016985,228.63345377232113,82.7567901791092,62.211002626132164,0.7633531687626657,0.7971598589394278,0.7024726154156851,0.9195198908789911,0.8870369060213331,0.9054116865286785,0.6656779137313065,0.5,86,fast,683
0.7529878709766005,0.0032949358651708986,228.52883994983168,85.48784173418028,61.384327480643854,0.7684077517598982,0.8014923586513413,0.7024550961205125,0.9498649081575586,0.8870369060213331,0.9054116865286785,0.6656779137313065,0.5,87,fast,683
0.7584899029585449,0.0038071977364564635,199.225245301944,83.21922211092378,61.945275722097925,0.7633156055173195,0.7971276618719881,0.69710910336789,0.9246580234547087,0.8870369060213331,0.9054116865286785,0.6656779137313065,0.5,88,fast,683
0.7567439253308668,0.00370280978124198,204.3701864363778,86.20903710846251,61.57222318362504,0.7690202186860771,0.8020173303023518,0.6981166157411162,0.9578781900940279,0.8870369060213331,0.9054116865286785,0.6656779137313065,0.5,89,fast,683
0.7495587108740672,0.00283871869859186,264.048252208253,83.81284695440779,60.862677542025445,0.7662111158647357,0.7996095278840591,0.7078863338581207,0.9312538550489754,0.8870369060213331,0.9054116865286785,0.6656779137313065,0.5,90,fast,683
0.744088300873549,0.003148257751674743,236.34923172275992,82.99132668771736,60.32015907537587,0.7639983510598913,0.7977128723370497,0.7037377479922816,0.9221258520857485,0.8870369060213331,0.9054116865286785,0.6656779137313065,0.5,91,fast,683
0.7538811455031813,0.003308891203273822,227.8349752803266,85.30485127262145,61.45294145078915,0.7680494715503435,0.8011852613288658,0.7023386422138382,0.9478316808069049,0.8870369060213331,0.9054116865286785,0.6656779137313065,0.5,92,fast,683
0.7502111831918497,0.0030371029084775452,247.0153978311915,87.23523157914866,61.24638361133498,0.7721351345499877,0.8046872581857037,0.7054039501391792,0.9692803508794295,0.8870369060213331,0.9054116865286785,0.6656779137313065,0.5,93,fast,683
0.759111983859581,0.002597254341906262,292.2747963537636,85.17456860901461,62.15315224416628,0.7693499420962437,0.8022999503682089,0.711589050640427,0.9463840956557179,0.8870369060213331,0.9054116865286785,0.6656779137313065,0.5,94,fast,683
0.7515453016587259,0.0034078967203785946,220.53053931025065,84.0434369967944,61.268301446199814,0.7655045930656343,0.7990039369134009,0.7010850854814397,0.9338159666310488,0.8870369060213331,0.9054116865286785,0.6656779137313065,0.5,95,fast,683
0.7569337713435667,0.0033354330753865764,226.93717854190137,84.32571919282277,61.681919906308345,0.7662110403591403,0.7996094631649775,0.702187300397716,0.9369524354758086,0.8870369060213331,0.9054116865286785,0.6656779137313065,0.5,96,fast,683
0.7522072466530731,0.002652428718197508,283.5918799598299,88.18568601380265,61.4491233547875,0.7747444522748514,0.806923816235587,0.7104992516588725,0.9798409557089184,0.8870369060213331,0.9054116865286785,0.6656779137313065,0.5,97,fast,683
0.7577732060208375,0.0034264598770083594,221.15338665002812,85.3301688825841,61.63664067485708,0.7679055812093202,0.8010619267508459,0.7011939933903352,0.9481129875842679,0.8870369060213331,0.9054116865286785,0.6656779137313065,0.5,98,fast,683
0.7530690026479956,0.003186592931820469,236.32419287950114,82.53980661308405,61.51981605056105,0.763161532517186,0.7969955993004451,0.703733726454197,0.9171089623676006,0.8870369060213331,0.9054116865286785,0.6656779137313065,0.5,99,fast,683
0.7570877809080659,0.0028295557698904982,267.5641840900576,89.23559281277043,61.911250818870386,0.7763344950802528,0.8082867100687882,0.7083738773916385,0.9915065868085604,0.8870369060213331,0.9054116865286785,0.6656779137313065,0.5,100,fast,683
0.7543477559174605,0.003877594460387429,194.54013657789525,83.28597471461259,61.63755570033982,0.7632814993964714,0.7970984280541183,0.6961627710462595,0.9253997190512511,0.8870369060213331,0.9054116865286785,0.6656779137313065,0.5,101,fast,683
0.7536862549063695,0.0030101273741864887,250.38350913972846,86.51909343646453,61.63228966910304,0.7708935417233147,0.8036230357628412,0.7059114836534086,0.9613232604051615,0.8870369060213331,0.9054116865286785,0.6656779137313065,0.5,102,fast,683
0.7521959658434724,0.0033732514064580385,222.98840946257508,80.58832669474651,61.59867189823075,0.7591774986755112,0.7935807131504381,0.7015126336078992,0.8954258521638502,0.8870369060213331,0.9054116865286785,0.6656779137313065,0.5,103,fast,683
0.7485686797014467,0.002806175493462486,266.7576142138574,87.59036276420308,60.899195572290566,0.7732692503257138,0.8056593574220404,0.708262742737375,0.9732262529355897,0.8870369060213331,0.9054116865286785,0.6656779137313065,0.5,104,fast,683
0.7578152686971973,0.00382905672266023,197.91173742934438,88.59860552180358,62.03953604947547,0.773233682099206,0.805628870370748,0.6968466360716561,0.984428950242262,0.8870369060213331,0.9054116865286785,0.6656779137313065,0.5,105,fast,683
0.7516625295758498,0.0032455604453092263,231.5971439269355,85.0149368780623,61.34458903711057,0.767616952903171,0.8008145310598609,0.7029648013814607,0.9446104097562478,0.8870369060213331,0.9054116865286785,0.6656779137313065,0.5,106,fast,683
0.7478956409678253,0.003471848264629954,215.4171449792722,84.55413157561875,61.30934986116341,0.7662988338908262,0.7996847147635654,0.7001761462234308,0.9394903508402084,0.8870369060213331,0.9054116865286785,0.6656779137313065,0.5,107,fast,683
0.748803111537891,0.0026781899734453843,279.5929784527517,87.07827415114555,61.110094949568484,0.7726076905955028,0.8050923062247167,0.7099832578345266,0.9675363794571727,0.8870369060213331,0.9054116865286785,0.6656779137313065,0.5,108,fast,683
0.7543991509915794,0.0031988712211158286,235.8329231923348,82.15907313289819,61.38961385061664,0.7624433018702007,0.7963799730316007,0.7036547145743508,0.9128785903655354,0.8870369060213331,0.9054116865286785,0.6656779137313065,0.5,109,fast,683
0.749884620169817,0.0022021791146674004,340.5193588365648,89.89381187690532,61.46041768791795,0.7789890562988439,0.8105620482561519,0.7169876995461302,0.9988201319656146,0.8870369060213331,0.9054116865286785,0.6656779137313065,0.5,110,fast,683
0.7537373021715954,0.0025775154786064135,292.42784705957183,86.39157723851075,61.75651160526634,0.7716068028349562,0.8042344024299625,0.7116078969671885,0.9599064137612305,0.8870369060213331,0.9054116865286785,0.6656779137313065,0.5,111,fast,683
0.7529113214425989,0.002837695021802845,265.324961159589,83.16249820736694,61.21381242609986,0.7650364279769309,0.7986026525516551,0.7080643037206344,0.9240277578596326,0.8870369060213331,0.9054116865286785,0.6656779137313065,0.5,112,fast,683
0.7498989533770072,0.003178433512265591,235.93350324401732,80.41465768740375,61.28715264423953,0.759215601773175,0.7936133729484357,0.7036709078310239,0.8934961965267083,0.8870369060213331,0.9054116865286785,0.6656779137313065,0.5,113,fast,683
0.7438047855209838,0.003231878268876734,230.1462875888266,87.23449250882724,60.195277954761806,0.7716872486922995,0.804303356021971,0.7027248468855098,0.9692721389869694,0.8870369060213331,0.9054116865286785,0.6656779137313065,0.5,114,fast,683
0.7503329772020656,0.002767713885260521,271.10207496445673,84.71971177032536,61.12521813719223,0.7680521823975334,0.8011875849121715,0.708856457322489,0.9413301307813929,0.8870369060213331,0.9054116865286785,0.6656779137313065,0.5,115,fast,683
0.7522094441515522,0.0034205833907326173,219.90676976024395,89.14920036136135,61.26391514645119,0.7749414676727059,0.807092686576605,0.7009756290731245,0.9905466706817928,0.8870369060213331,0.9054116865286785,0.6656779137313065,0.5,116,fast,683
0.753858680869274,0.0038108671146991446,197.81814956536175,87.73278286920257,61.26987657930074,0.7716271760833598,0.8042518652143084,0.6968278516721457,0.9748086985466952,0.8870369060213331,0.9054116865286785,0.6656779137313065,0.5,117,fast,683
0.7522301361296281,0.0038817725015703815,193.78521946489943,79.39693286477963,61.49415035485427,0.7560537093728935,0.7909031794624802,0.6960076070140471,0.8821881429419959,0.8870369060213331,0.9054116865286785,0.6656779137313065,0.5,118,fast,683
0.7500334525323243,0.0026813883687358286,279.7183210300626,89.94296519729768,61.464771419529875,0.7779153928290062,0.8096417652820053,0.7099995707227446,0.9993662799699743,0.8870369060213331,0.9054116865286785,0.6656779137313065,0.5,119,fast,683
0.7490195913242053,0.003404914312068465,219.981921033772,88.17483356186285,61.28500376910354,0.7731392860171223,0.8055479594432476,0.7009888369118286,0.9797203729095872,0.8870369060213331,0.9054116865286785,0.6656779137313065,0.5,120,fast,683
0.750299642965146,0.0023493547045341256,319.3641392324066,87.11425348672832,61.36409071620116,0.7734680591504537,0.8058297649861031,0.714745698768867,0.9679361498525368,0.8870369060213331,0.9054116865286785,0.6656779137313065,0.5,121,fast,683
0.7458036312202798,0.0036597131328184747,203.78745659934006,84.22876733856879,60.859977860083326,0.7653343016353803,0.7988579728303259,0.6980041108801993,0.9358751926507642,0.8870369060213331,0.9054116865286785,0.6656779137313065,0.5,122,fast,683
0.7528658576068691,0.0033785865284325068,222.8345644757427,84.48614978008827,61.16288025865919,0.7663912582794815,0.7997639356681271,0.701486045839035,0.9387349975565363,0.8870369060213331,0.9054116865286785,0.6656779137313065,0.5,123,fast,683
0.7509027714687957,0.0036394680964824577,206.3221194862355,89.2707714195019,61.17412666853422,0.7747524195558536,0.8069306453335888,0.6984905508371161,0.9918974602166878,0.8870369060213331,0.9054116865286785,0.6656779137313065,0.5,124,fast,683
0.7566955228039836,0.0034898241208770136,216.82912851603004,89.66674422324404,61.69648033225743,0.7758089139126564,0.8078362119251341,0.7004298191585757,0.9962971580360449,0.8870369060213331,0.9054116865286785,0.6656779137313065,0.5,125,fast,683
0.754884911441515,0.0034147064403190317,221.0687579254945,88.4163750783413,61.42923897569737,0.7736183153424169,0.8059585560077859,0.7011792182360571,0.9824041675371256,0.8870369060213331,0.9054116865286785,0.6656779137313065,0.5,126,fast,683
0.7523170150912131,0.0029388894219572175,255.98683961038287,84.44333085596001,61.522049634569385,0.7671871569932059,0.8004461345656051,0.7067372039450293,0.938259231732889,0.8870369060213331,0.9054116865286785,0.6656779137313065,0.5,127,fast,683
0.7493423252890384,0.0035628798131837913,210.31928231657798,87.27269756486038,60.74635429082606,0.7711776266717932,0.8038665371472513,0.6992426141398814,0.9696966396095598,0.8870369060213331,0.9054116865286785,0.6656779137313065,0.5,128,fast,683
0.7555970248248214,0.00332445464106269,227.28450419864606,88.38298919206423,61.49088805789672,0.7737342762552942,0.8060579510759665,0.7022459380052892,0.9820332132451581,0.8870369060213331,0.9054116865286785,0.6656779137313065,0.5,129,fast,683
0.7478959726234328,0.0030223472573934203,247.45534147139824,87.72762799359053,60.78992852681474,0.7730581104479022,0.8054783803839162,0.7054707342550891,0.9747514221510059,0.8870369060213331,0.9054116865286785,0.6656779137313065,0.5,130,fast,683
0.758201358835514,0.002965236629511352,255.69674652253966,88.51311398926593,61.979726401320626,0.774716760387158,0.8069000803318497,0.7066950117164527,0.9834790443251771,0.8870369060213331,0.9054116865286785,0.6656779137313065,0.5,131,fast,683
0.7491229056453949,0.0028943930584381093,258.818650584258,87.0608050416613,60.924213212658486,0.772102457386938,0.8046592491888039,0.7071459597996285,0.9673422782406811,0.8870369060213331,0.9054116865286785,0.6656779137313065,0.5,132,fast,683
0.7569609171428938,0.0034599905413770548,218.77542961190525,85.76682093959187,61.63522538615336,0.7686445487919711,0.8016953275359752,0.700776109363932,0.9529646771065763,0.8870369060213331,0.9054116865286785,0.6656779137313065,0.5,133,fast,683
0.7516600900001189,0.0027176336653254546,276.58624471378215,88.46266053987031,61.147961160220454,0.7751056904132158,0.8072334489256134,0.7095891857549729,0.9829184504430035,0.8870369060213331,0.9054116865286785,0.6656779137313065,0.5,134,fast,683
0.7556906876363493,0.0031226201509337672,242.0053196064762,86.72224915807199,61.30834462092316,0.7710566348660693,0.8037628298852023,0.7046327567142986,0.9635805462007999,0.8870369060213331,0.9054116865286785,0.6656779137313065,0.5,135,fast,683
0.7501852779869443,0.0035311792996459914,212.4461020889401,86.16568334166753,61.2308782288244,0.7691930810099993,0.8021654980085708,0.6996354982045941,0.9573964815740836,0.8870369060213331,0.9054116865286785,0.6656779137313065,0.5,136,fast,683
0.7541548304250019,0.0029089683504273317,259.25164511130396,82.0100114471978,61.220391662638505,0.7627594705232549,0.7966509747342184,0.7072079674449019,0.9112223494133088,0.8870369060213331,0.9054116865286785,0.6656779137313065,0.5,137,fast,683
0.7496878490202169,0.0031374962410255056,238.94462062372952,85.51138541961605,61.19520637090209,0.7687341233442462,0.8017721057236395,0.7041517291217587,0.9501265046624006,0.8870369060213331,0.9054116865286785,0.6656779137313065,0.5,138,fast,683
0.7526979456977474,0.003602825850863018,208.91877011414434,83.07056133883151,61.223573008737155,0.7633523182678319,0.797159129943856,0.6989811662275459,0.9230062370981279,0.8870369060213331,0.9054116865286785,0.6656779137313065,0.5,139,fast,683
0.7444335001301585,0.0032896906431478775,226.29285877708438,85.98974662602694,60.52050636479475,0.7692743932509661,0.8022351942151138,0.7020782240464013,0.9554416291780772,0.8870369060213331,0.9054116865286785,0.6656779137313065,0.5,140,fast,683
0.7508729336578455,0.003732769239409525,201.15707280544984,73.28540388689937,60.95081958933387,0.7449833283405153,0.7814142814347275,0.6974911983517813,0.814282265409993,0.8870369060213331,0.9054116865286785,0.6656779137313065,0.5,141,fast,683
0.7509390845299393,0.003397485437722315,221.0279038115234,85.34078757260467,61.377074173320956,0.7679215937287402,0.8010756517674916,0.7011720830621824,0.9482309730289408,0.8870369060213331,0.9054116865286785,0.6656779137313065,0.5,142,fast,683
0.750432577005872,0.003542036948468663,211.8646947853856,84.84235173399563,61.26933294001291,0.7667246484997231,0.8000496987140483,0.6995285876726247,0.9426927970443959,0.8870369060213331,0.9054116865286785,0.6656779137313065,0.5,143,fast,683
0.7490351561859852,0.0036335313959338154,206.1452274842622,86.13177486605731,61.27081430863268,0.7689338456270328,0.8019432962517424,0.6984568467469086,0.9570197207339701,0.8870369060213331,0.9054116865286785,0.6656779137313065,0.5,144,fast,683
0.7496885421669922,0.00320917925369911,233.60756221480997,86.3749681518068,60.58939459159296,0.770190430164412,0.8030203687123532,0.7032942063517453,0.9597218683534089,0.8870369060213331,0.9054116865286785,0.6656779137313065,0.5,145,fast,683
0.7523589504554965,0.003306521573102434,227.53789256229626,86.75641923472008,61.82301062030947,0.770729227626473,0.8034821951084055,0.7022886457584084,0.963960213719112,0.8870369060213331,0.9054116865286785,0.6656779137313065,0.5,146,fast,683
0.7508468035470707,0.0033407362597202175,224.7548878970629,83.16670059955598,61.52026692290698,0.7640028731235065,0.7977167483915769,0.7018162813535431,0.9240744511061776,0.8870369060213331,0.9054116865286785,0.6656779137313065,0.5,147,fast,683
0.7548358698519811,0.003614195918330127,208.853058027009,86.79092679169635,61.46682490564438,0.7702398303955665,0.8030627117676284,0.6989688450732323,0.9643436310188483,0.8870369060213331,0.9054116865286785,0.6656779137313065,0.5,148,fast,683
0.7528069021359162,0.0032441216260965184,232.05261358888362,88.44819428018833,61.26376867808746,0.773987327184725,0.8062748518726214,0.7030397426027164,0.9827577142243148,0.8870369060213331,0.9054116865286785,0.6656779137313065,0.5,149,fast,683
0.75079765617833,0.002790561039626635,269.04899965161974,89.84511833839284,61.63472674801449,0.7774971624245494,0.8092832820781852,0.7085773756171688,0.9982790926488093,0.8870369060213331,0.9054116865286785,0.6656779137313065,0.5,150,fast,683
0.7457477306246019,0.003773400554580552,197.63280357801784,88.02375984020935,60.6239353122302,0.7721598165703178,0.8047084142031296,0.6967906171382632,0.9780417760023261,0.8870369060213331,0.9054116865286785,0.6656779137313065,0.5,151,fast,683
0.7520152985631446,0.003486316749069513,215.7048118946321,89.75916568995454,61.066184910877794,0.7759464276723843,0.8079540808620437,0.7002279965312704,0.9973240632217172,0.8870369060213331,0.9054116865286785,0.6656779137313065,0.5,152,fast,683
0.7502337333475638,0.0030926941013460912,242.58258617333848,86.8537925504742,61.11938106651624,0.7713152123280796,0.8039844677097826,0.7047226282374471,0.9650421394497133,0.8870369060213331,0.9054116865286785,0.6656779137313065,0.5,153,fast,683
0.7502330134007614,0.0035008561951729187,214.29986596856057,81.8686084546826,60.987243570833236,0.7612919412367618,0.795393092488653,0.6999739360872242,0.9096512050520289,0.8870369060213331,0.9054116865286785,0.6656779137313065,0.5,154,fast,683
0.7443226654558005,0.003491353988815891,213.19026023718695,86.15417849102542,60.266674118620934,0.7691944928993258,0.8021667081994222,0.699771801214354,0.9572686499002825,0.8870369060213331,0.9054116865286785,0.6656779137313065,0.5,155,fast,683
0.7579797790687616,0.002774139609411883,273.23058165391075,87.75558428991386,61.99604980664457,0.773721929143794,0.8060473678375377,0.7091430209157369,0.9750620476657095,0.8870369060213331,0.9054116865286785,0.6656779137313065,0.5,156,fast,683
0.7560372883290459,0.002913325759795528,259.5100413288861,84.96765067842499,61.735677452506444,0.768242737278415,0.8013509176672128,0.7072449098511161,0.9440850075380555,0.8870369060213331,0.9054116865286785,0.6656779137313065,0.5,157,fast,683
0.7481139814528581,0.0028162306436546806,265.64371889726164,89.25288074685417,60.766713340972025,0.7763222920260935,0.8082762503080801,0.708108570910197,0.9916986749650464,0.8870369060213331,0.9054116865286785,0.6656779137313065,0.5,158,fast,683
0.7501801097700506,0.0030402838962962234,246.74673002871387,88.12634082407294,60.974294626873494,0.7737785272892793,0.806095880533668,0.7053630927424362,0.9791815647119215,0.8870369060213331,0.9054116865286785,0.6656779137313065,0.5,159,fast,683
0.7549194800115459,0.002824664088039725,267.25991356212865,85.94276142135352,61.16269246560936,0.7702296799614068,0.8030540113954915,0.7083320021387501,0.9549195713483725,0.8870369060213331,0.9054116865286785,0.6656779137313065,0.5,160,fast,683
0.7578817287944155,0.0035137506688559697,215.69024106117686,85.67022097882159,61.99202165845098,0.7683738704664963,0.8014633175427112,0.7002253723085313,0.9518913442091288,0.8870369060213331,0.9054116865286785,0.6656779137313065,0.5,161,fast,683
0.7528414113262691,0.0036811029413096304,204.5151747531488,89.5298150012707,61.47961705167899,0.7751744623117948,0.8072923962672526,0.6981445453531091,0.9947757222363411,0.8870369060213331,0.9054116865286785,0.6656779137313065,0.5,162,fast,683
0.7447647372128916,0.00300160231190892,248.12238925124154,86.31014413796731,60.75498853600213,0.7704499696938488,0.8032428311661561,0.7055717103488048,0.9590016015329701,0.8870369060213331,0.9054116865286785,0.6656779137313065,0.5,163,fast,683
0.7566085392482492,0.0036515007874431305,207.20481338798913,87.55225628368675,61.589216702206286,0.7715979246704912,0.8042267925747068,0.69865819414511,0.9728028475965194,0.8870369060213331,0.9054116865286785,0.6656779137313065,0.5,164,fast,683
0.754023537376184,0.0028438613834542445,265.1407490404202,86.1558981010258,61.32918974994773,0.7705754923494809,0.8033504220138408,0.7080386911375033,0.9572877566780644,0.8870369060213331,0.9054116865286785,0.6656779137313065,0.5,165,fast,683
0.7515324021505466,0.0030909005970732057,243.14350414962476,89.00852235210458,61.36038356343816,0.7753199644207741,0.8074171123606636,0.7048096985532759,0.9889835816900509,0.8870369060213331,0.9054116865286785,0.6656779137313065,0.5,166,fast,683
0.7508743262346407,0.003251954274717675,230.89941087804175,86.2924106047243,61.5142026973323,0.7699634514816367,0.8028258155556885,0.7028496403337879,0.9588045622747144,0.8870369060213331,0.9054116865286785,0.6656779137313065,0.5,167,fast,683
0.7510547061482423,0.003616243532042099,207.6891944620003,84.93789139020478,61.276352260656765,0.7667717772323098,0.8000900947705513,0.6987498083324873,0.9437543487800532,0.8870369060213331,0.9054116865286785,0.6656779137313065,0.5,168,fast,683
0.7529085688862196,0.0032369982684784062,232.5946776734404,87.16656303563646,61.47020634443572,0.7716287608883913,0.8042532236186212,0.7031286919864026,0.9685173670626273,0.8870369060213331,0.9054116865286785,0.6656779137313065,0.5,169,fast,683
0.7485643853413675,0.003468692523493512,215.8059211853828,82.51053576324814,60.597765596533705,0.7625260728805564,0.7964509196119055,0.7002462002992631,0.9167837307027571,0.8870369060213331,0.9054116865286785,0.6656779137313065,0.5,170,fast,683
0.7490272988122637,0.0029363833628635976,255.08498252823603,86.41576451323255,60.83016259251164,0.7708179175921847,0.8035582150790155,0.7066058380136504,0.9601751612581394,0.8870369060213331,0.9054116865286785,0.6656779137313065,0.5,171,fast,683
0.7514474732834576,0.003196893879930124,235.0554949605904,87.17969453250096,60.8639946278822,0.7717198393441992,0.8043312908664565,0.7035292572005337,0.968663272583344,0.8870369060213331,0.9054116865286785,0.6656779137313065,0.5,172,fast,683
0.7492540599922634,0.0032099162103119403,233.41857260487515,82.88057169816652,61.315387011356606,0.7637141899032059,0.7974693056313195,0.703263392047179,0.9208952410907391,0.8870369060213331,0.9054116865286785,0.6656779137313065,0.5,173,fast,683
0.7557925242462978,0.0024504906726062663,308.42497492245514,81.48653360305634,61.44424442634244,0.7628408454512551,0.7967207246725044,0.7135126375033642,0.9054059289228482,0.8870369060213331,0.9054116865286785,0.6656779137313065,0.5,174,fast,683
0.7551608980524129,0.003510311627146581,215.12645550111995,88.39020263616622,61.627618218246596,0.7733939219505462,0.805766218814754,0.7001236627978906,0.9821133626240691,0.8870369060213331,0.9054116865286785,0.6656779137313065,0.5,175,fast,683
0.7505275235984086,0.0028773793475092846,260.8371830596754,83.54438114045553,61.27293719683754,0.7656385558406832,0.799118762149157,0.707433927202164,0.928270901560617,0.8870369060213331,0.9054116865286785,0.6656779137313065,0.5,176,fast,683
0.7519741742791967,0.002719560771814176,276.5057438953889,84.38824314890039,61.352255850329676,0.7675587023434672,0.8007646020086863,0.7095785616805925,0.9376471460988932,0.8870369060213331,0.9054116865286785,0.6656779137313065,0.5,177,fast,683
0.750423165409298,0.002510072473530738,298.9647403900382,86.88075945641722,60.68281823758345,0.7726449714526091,0.8051242612450935,0.7124015506963677,0.9653417717379692,0.8870369060213331,0.9054116865286785,0.6656779137313065,0.5,178,fast,683
0.751656103941034,0.0032733425874675376,229.6295251278792,87.3432652214341,60.9763957038298,0.7718743588920831,0.8044637361932141,0.7026389223885795,0.970480724682601,0.8870369060213331,0.9054116865286785,0.6656779137313065,0.5,179,fast,683
0.7538552733495038,0.003156501874613126,238.826176348113,88.27074826641308,61.65941199008871,0.77384092623798,0.80614936534684,0.7041329592975273,0.9807860918490342,0.8870369060213331,0.9054116865286785,0.6656779137313065,0.5,180,fast,683
0.7538435115442308,0.0036566598819038837,206.1563109204822,87.9431636218606,61.40605062397877,0.7722886213900892,0.8048188183343622,0.6984589595941,0.9771462624651178,0.8870369060213331,0.9054116865286785,0.6656779137313065,0.5,181,fast,683
0.7503889744522052,0.0032902281723926523,228.0659380247549,85.18065142383325,61.022310504697586,0.7678259406017055,0.8009936633728904,0.7023774548418787,0.9464516824870361,0.8870369060213331,0.9054116865286785,0.6656779137313065,0.5,182,fast,683
0.7526341710405702,0.002969332518614781,253.4691437628819,86.5247478162213,61.48642646091337,0.7709802678907501,0.8036973724777858,0.7063690142162792,0.9613860868469034,0.8870369060213331,0.9054116865286785,0.6656779137313065,0.5,183,fast,683
0.7540005531776032,0.0031643554881917333,238.27934503290456,79.83567746432446,61.556069009662274,0.7582059568350598,0.7927479630014798,0.7040461517921023,0.8870630829369385,0.8870369060213331,0.9054116865286785,0.6656779137313065,0.5,184,fast,683
0.7525237842082554,0.0031775733499889015,236.82341879248318,89.71196201373405,61.44042793291875,0.7764566486285632,0.808391413110197,0.7038138075596828,0.9967995779303783,0.8870369060213331,0.9054116865286785,0.6656779137313065,0.5,185,fast,683
0.754999374406869,0.002810073041093386,268.67606762032864,83.2946291273918,61.49297975631299,0.7653581302966423,0.798878397397122,0.7085263963052935,0.9254958791932423,0.8870369060213331,0.9054116865286785,0.6656779137313065,0.5,186,fast,683
0.75031210954499,0.003659055713177309,205.05621350418386,84.45040964804407,61.154831138074414,0.765785489946725,0.7992447056686214,0.6982485484207649,0.9383378849782674,0.8870369060213331,0.9054116865286785,0.6656779137313065,0.5,187,fast,683
0.7463009437783247,0.003875989810038626,192.5446093396431,87.54570066525703,60.79815344060244,0.7711012450136905,0.8038010671545919,0.6957509564090802,0.9727300073917448,0.8870369060213331,0.9054116865286785,0.6656779137313065,0.5,188,fast,683
0.7544763938285527,0.00331657253735315,227.4867759806864,85.34470181308225,61.6579248692409,0.7681135009837332,0.8012401437003428,0.7022800350312784,0.9482744645898028,0.8870369060213331,0.9054116865286785,0.6656779137313065,0.5,189,fast,683
0.747586095218233,0.0030507316679118032,245.05140949677445,84.222693637472,60.75943378960918,0.7665063669865755,0.7998626002742075,0.7051039885551124,0.9358077070830223,0.8870369060213331,0.9054116865286785,0.6656779137313065,0.5,190,fast,683
0.7611509181042846,0.003310156283439827,229.94410321718001,83.92382632302433,62.169372158136014,0.7655507871644907,0.7990435318552777,0.7026912575609109,0.9324869591447148,0.8870369060213331,0.9054116865286785,0.6656779137313065,0.5,191,fast,683
0.7549357550113871,0.0034953134349362865,215.98513811827814,84.79922961654637,61.64511907936371,0.7667697681696786,0.8000883727168674,0.700278440330683,0.9422136624060707,0.8870369060213331,0.9054116865286785,0.6656779137313065,0.5,192,fast,683
0.7512452240375184,0.003033018190462336,247.68899388730762,85.59782542580433,61.1034450968752,0.7691199330256261,0.802102799736251,0.705506142696835,0.9510869491756037,0.8870369060213331,0.9054116865286785,0.6656779137313065,0.5,193,fast,683
0.7593954167984227,0.0026342979471614234,288.2724095870424,87.5223657637063,61.74891557813087,0.7736148384788817,0.8059555758390414,0.7110917938841241,0.9724707307078478,0.8870369060213331,0.9054116865286785,0.6656779137313065,0.5,194,fast,683
0.7518686265558687,0.003338840314803796,225.1885552064959,81.99243234916894,61.363470564287134,0.7618406502638068,0.7958634145118344,0.7018903691996459,0.911027026101877,0.8870369060213331,0.9054116865286785,0.6656779137313065,0.5,195,fast,683
0.7520289180806721,0.003148786575310585,238.8313402938383,83.63033092301,61.37957923526083,0.7652476972158406,0.7987837404707205,0.7041337778691701,0.9292258991445557,0.8870369060213331,0.9054116865286785,0.6656779137313065,0.5,196,fast,683
0.7534650806173733,0.0032461073371439254,232.1134215112882,89.92137438799897,61.49930281208697,0.7767171036887542,0.8086146603046466,0.7030497337623307,0.9991263820888774,0.8870369060213331,0.9054116865286785,0.6656779137313065,0.5,197,fast,683
0.7518779304417943,0.0032109617485091674,234.15972824680557,83.26937467477046,61.06312154537338,0.764454306265785,0.7981036910849586,0.7033840571492767,0.9252152741641162,0.8870369060213331,0.9054116865286785,0.6656779137313065,0.5,198,fast,683
0.7510245784666189,0.00363841520753745,206.41530326466693,89.84809353886791,61.296709181413014,0.7758244912862374,0.807849563959632,0.6985082910042405,0.9983121504318657,0.8870369060213331,0.9054116865286785,0.6656779137313065,0.5,199,fast,683
0.7475976543884935,0.003188217311526336,234.48767174235888,84.37280929772164,60.92128441216278,0.7665065768592454,0.7998627801650675,0.7034372960105804,0.9374756588635739,0.8870369060213331,0.9054116865286785,0.6656779137313065,0.5,200,fast,683
0.7532373316713883,0.0034441870110014554,218.69815119370415,82.86813204226681,61.14789477923262,0.7632743270926564,0.797092280365134,0.700762433582767,0.9207570226918534,0.8870369060213331,0.9054116865286785,0.6656779137313065,0.5,201,fast,683
0.7465458677898542,0.003012877123744089,247.78503640471237,85.72679105519663,60.97251257791696,0.769361182011866,0.8023095845815994,0.7055206851765823,0.9525199006132958,0.8870369060213331,0.9054116865286785,0.6656779137313065,0.5,202,fast,683
0.7480208843422684,0.0027465289315295976,272.3513580196224,80.32495610446767,60.956734420585754,0.7599418345629928,0.7942358581968509,0.7090249888247753,0.8924995122718631,0.8870369060213331,0.9054116865286785,0.6656779137313065,0.5,203,fast,683
0.7557622774937803,0.003311880004832032,228.1973611335928,86.37888948382908,61.758886031661696,0.7700485771884291,0.802898780447225,0.7023995181400449,0.959765438709212,0.8870369060213331,0.9054116865286785,0.6656779137313065,0.5,204,fast,683
0.7533661830143347,0.0035663567746350975,211.24251739828176,88.91233009445907,61.487019638193516,0.7742425094551075,0.8064935795329493,0.6994137716220039,0.9879147788273229,0.8870369060213331,0.9054116865286785,0.6656779137313065,0.5,205,fast,683
0.7571602424226049,0.00323330322598435,234.1754513890649,87.38594172255618,61.71351042157034,0.7720780043515183,0.8046382894441585,0.7033866117993895,0.970954908028402,0.8870369060213331,0.9054116865286785,0.6656779137313065,0.5,206,fast,683
0.7400061304990248,0.002781993287705803,265.99853197678914,86.68932859473102,60.13656221471177,0.7715831726247816,0.8042141479640985,0.7081577673036935,0.9632147621636781,0.8870369060213331,0.9054116865286785,0.6656779137313065,0.5,207,fast,683
0.7495089621341812,0.002829367410577712,264.9033700367473,88.80932839869784,61.20865766086564,0.7754837458902063,0.8075574964773197,0.7080056535188324,0.9867703155410872,0.8870369060213331,0.9054116865286785,0.6656779137313065,0.5,208,fast,683
0.7465576887139096,0.0033222301135472326,224.71582738041894,84.57007582886565,60.702256793211205,0.7666006024899273,0.7999433735627949,0.7018095994486275,0.9396675092096184,0.8870369060213331,0.9054116865286785,0.6656779137313065,0.5,209,fast,683
0.7531330679848659,0.0025977614780361698,289.9161737336301,83.56388342694368,61.14503683432573,0.7663185250475891,0.7997015928979335,0.7112970503715093,0.9284875936327075,0.8870369060213331,0.9054116865286785,0.6656779137313065,0.5,210,fast,683
0.7517781417267092,0.003256689777980979,230.84118936031496,85.26870535639704,61.259188822552844,0.7680660961584365,0.8011995109929455,0.702840011153778,0.9474300595155226,0.8870369060213331,0.9054116865286785,0.6656779137313065,0.5,211,fast,683
0.7532233082502349,0.0031569562079918206,238.5916239013558,84.76893504650091,61.4246135671535,0.7673498862994301,0.8005856168280829,0.70409575544303,0.9418770560722324,0.8870369060213331,0.9054116865286785,0.6656779137313065,0.5,212,fast,683
0.7498157584369464,0.0030699405175049813,244.24439306281437,88.61445855036588,61.50617582194972,0.7746185767433679,0.8068159229228867,0.7049798591748236,0.9846050950040653,0.8870369060213331,0.9054116865286785,0.6656779137313065,0.5,213,fast,683
0.7532151070940323,0.002521294846812991,298.7413820506252,89.19499308483437,61.387610646813584,0.7769261292275992,0.8087938250522279,0.7123747903638947,0.9910554787203818,0.8870369060213331,0.9054116865286785,0.6656779137313065,0.5,214,fast,683
0.7494870230806231,0.0034091465803230353,219.8459366360261,83.90400613939535,61.123269759113064,0.7652263624445091,0.798765453523865,0.7009649335035665,0.9322667348821706,0.8870369060213331,0.9054116865286785,0.6656779137313065,0.5,215,fast,683
0.7562458618995995,0.002756281304797522,274.3717996357247,88.0863784184785,61.87369490640642,0.774359927313612,0.8065942234116674,0.7092955196172593,0.9787375379830945,0.8870369060213331,0.9054116865286785,0.6656779137313065,0.5,216,fast,683
0.7553913456049042,0.0035900185489511744,210.41432942612292,88.96910301257616,61.80600836254438,0.7743220622720544,0.8065617676617609,0.6992602783223844,0.988545589028624,0.8870369060213331,0.9054116865286785,0.6656779137313065,0.5,217,fast,683
0.749577723242495,0.003804007702920556,197.04947565353274,87.37915790551386,60.87638643012645,0.7709465304492826,0.8036684546708137,0.6966731441308909,0.9708795322834873,0.8870369060213331,0.9054116865286785,0.6656779137313065,0.5,218,fast,683
0.7446026767683916,0.0028906159831800773,257.59308088694155,80.69670264618306,60.58537953160812,0.7602877134734795,0.794532325834411,0.7069697451575246,0.896630029402034,0.8870369060213331,0.9054116865286785,0.6656779137313065,0.5,219,fast,683
0.7495700116357139,0.003053502819097698,245.47873574821517,86.74960111453402,61.01141966667696,0.7711967454930909,0.8038829247083636,0.7051695098490717,0.9638844568281557,0.8870369060213331,0.9054116865286785,0.6656779137313065,0.5,220,fast,683
0.7536433931921432,0.0029450595948453456,255.90089739142255,87.08964626425495,61.30102867180069,0.7720856588281265,0.8046448504241085,0.7067247104179423,0.9676627362694995,0.8870369060213331,0.9054116865286785,0.6656779137313065,0.5,221,fast,683
0.7568579545369433,0.003098273429463776,244.2837831352845,87.06356966876001,61.21470395117969,0.7717475720623996,0.8043550617677712,0.7049859297735244,0.9673729963195556,0.8870369060213331,0.9054116865286785,0.6656779137313065,0.5,222,fast,683
0.7498437726807597,0.0033691672895938642,222.56056414792914,86.33019184612091,61.352803218109244,0.7697982492825441,0.8026842136707522,0.701438635568159,0.9592243538457879,0.8870369060213331,0.9054116865286785,0.6656779137313065,0.5,223,fast,683
0.7517530871474859,0.003004306769251806,250.2251417336795,88.73541023592621,61.00880701004665,0.774993886702099,0.8071376171732277,0.7058878113098732,0.9859490026214023,0.8870369060213331,0.9054116865286785,0.6656779137313065,0.5,224,fast,683
0.7549777894019764,0.003118288067554845,242.11290716126172,86.41475737983167,61.398201665271344,0.7704900006560146,0.8032771434194411,0.7046495267677508,0.9601639708870185,0.8870369060213331,0.9054116865286785,0.6656779137313065,0.5,225,fast,683
0.7542519353522151,0.0036279736464835764,207.8989565106891,87.141858926616,61.51365845051189,0.7708597970079999,0.8035941117211428,0.6987893988042817,0.9682428769624,0.8870369060213331,0.9054116865286785,0.6656779137313065,0.5,226,fast,683
0.7557559727441978,0.003526341008476904,214.3173252182504,84.37466932020313,61.47851260101819,0.7659333230279713,0.7993714197382611,0.699977106106475,0.9374963257800347,0.8870369060213331,0.9054116865286785,0.6656779137313065,0.5,227,fast,683
0.7503238071494063,0.003047216613542542,246.23251389966572,84.05790683166389,61.14843389486333,0.7662313312130499,0.7996268553254714,0.7052847384229386,0.9339767425740432,0.8870369060213331,0.9054116865286785,0.6656779137313065,0.5,228,fast,683
0.7535775793099262,0.0029203475122202044,258.0438034023616,83.47325738787062,61.41834642426708,0.7654403027253239,0.7989488309074205,0.7070346724276191,0.9274806376430068,0.8870369060213331,0.9054116865286785,0.6656779137313065,0.5,229,fast,683
0.7462414087089797,0.0036846258074585865,202.5284106729112,80.2774797606795,60.92845425860618,0.7579763584579834,0.7925511643925571,0.6977596471256988,0.8919719973408833,0.8870369060213331,0.9054116865286785,0.6656779137313065,0.5,230,fast,683
0.7567630501137707,0.004214612948175471,179.5569508800037,83.98363926594558,61.83242247136038,0.7640351119613209,0.7977443816811322,0.692932618087212,0.9331515473993954,0.8870369060213331,0.9054116865286785,0.6656779137313065,0.5,231,fast,683
0.7529656739471211,0.0034624925534508287,217.46347820927207,84.30600047838207,61.46791226239241,0.765900492644041,0.799343279409178,0.7005431109342386,0.9367333386486897,0.8870369060213331,0.9054116865286785,0.6656779137313065,0.5,232,fast,683
0.75250276643252,0.003276729404290559,229.65056725379603,83.42102662421189,61.2721656305372,0.7646115379993689,0.7982384611423161,0.7026424258903181,0.9269002958245766,0.8870369060213331,0.9054116865286785,0.6656779137313065,0.5,233,fast,683
0.7444948711025114,0.0038005145441778296,195.89317773906035,84.39598612440057,60.55498201391914,0.7653831120088598,0.7988998102933084,0.6964389866118341,0.9377331791600063,0.8870369060213331,0.9054116865286785,0.6656779137313065,0.5,234,fast,683
0.7534891760321868,0.0030296716645298303,248.70324558721433,88.22216860424139,61.597446052700136,0.774005364489971,0.8062903124199752,0.7056593628336043,0.9802463178249043,0.8870369060213331,0.9054116865286785,0.6656779137313065,0.5,235,fast,683
0.7452235268555583,0.0035804049000075933,208.13945563921493,85.0575180767632,60.85231578234578,0.7670074615643747,0.8002921099123211,0.6988347289186726,0.9450835341862578,0.8870369060213331,0.9054116865286785,0.6656779137313065,0.5,236,fast,683
0.7542843856375868,0.0029631183413070207,254.55763110185964,86.62795278856825,61.617228304668906,0.7711980114899993,0.8038840098485709,0.7065287538968085,0.9625328087618694,0.8870369060213331,0.9054116865286785,0.6656779137313065,0.5,237,fast,683
0.7471744728487755,0.0034085591785493223,219.20536910459973,89.59377224695088,60.854165178429184,0.775744158145763,0.8077807069820826,0.7008520842938056,0.9954863582994542,0.8870369060213331,0.9054116865286785,0.6656779137313065,0.5,238,fast,683
0.7547888634985924,0.003470781419471047,217.46943188765357,86.42603640320715,61.11521317740155,0.7698266619863885,0.8027085674169044,0.700544172268045,0.9602892933689683,0.8870369060213331,0.9054116865286785,0.6656779137313065,0.5,239,fast,683
0.7532053709375665,0.0028631560006961115,263.0682263748261,89.22749989997226,61.57636302883617,0.7762153603222689,0.8081845945619447,0.7077489900970477,0.9914166655552473,0.8870369060213331,0.9054116865286785,0.6656779137313065,0.5,240,fast,683
0.7579543084237039,0.003792336751579384,199.86471615634892,88.33070779277824,61.593449431043034,0.7728024854461997,0.8052592732395997,0.6972360975872332,0.9814523088086471,0.8870369060213331,0.9054116865286785,0.6656779137313065,0.5,241,fast,683
0.7474757994624036,0.0033348344324251517,224.1418021220399,84.05820458031685,60.76589109581128,0.7656362987517498,0.7991168275014998,0.7017112353367707,0.9339800508924095,0.8870369060213331,0.9054116865286785,0.6656779137313065,0.5,242,fast,683
0.7507064394923244,0.002834700286976027,264.827446817369,85.30479909862031,61.331381334905174,0.7689921143917494,0.8019932409072138,0.7079950789733973,0.9478311010957812,0.8870369060213331,0.9054116865286785,0.6656779137313065,0.5,243,fast,683
0.7444939393389044,0.003190305046223643,233.361364682089,88.12800598159221,60.14383908297242,0.7734301051690572,0.805797233002049,0.7032540582708896,0.9792000664621356,0.8870369060213331,0.9054116865286785,0.6656779137313065,0.5,244,fast,683
0.7464088688385753,0.003341602382919226,223.36854697431474,86.29830206982741,61.325569330818794,0.7697624600744293,0.8026535372066537,0.7015782311671753,0.9588700229980824,0.8870369060213331,0.9054116865286785,0.6656779137313065,0.5,245,fast,683
0.7496435753403339,0.0038619163756499586,194.11180937706587,85.63126244325399,61.2488675735583,0.7676099674329321,0.8008085435139417,0.6960748267245631,0.9514584715917109,0.8870369060213331,0.9054116865286785,0.6656779137313065,0.5,246,fast,683
0.74977662995634,0.0030335956010243514,247.15773905498926,87.27793468293136,61.31058577234071,0.7722178183526655,0.8047581300165704,0.705425574024326,0.9697548298103484,0.8870369060213331,0.9054116865286785,0.6656779137313065,0.5,247,fast,683
0.7497656282864291,0.0030965861449109306,242.12652036780173,85.10502173287448,61.24998563680295,0.7680649178184461,0.8011985009872395,0.7046516480418646,0.9456113525874942,0.8870369060213331,0.9054116865286785,0.6656779137313065,0.5,248,fast,683
0.7499649026493821,0.003430526376793852,218.61511041646457,82.45670084366067,61.27945605097395,0.7625099670840271,0.7964371146434518,0.7007477312932809,0.916185564929563,0.8870369060213331,0.9054116865286785,0.6656779137313065,0.5,249,fast,683
0.754908930272273,0.0030139539092280286,250.47129219890084,83.33467847289896,61.727400199268644,0.7649986625621636,0.7985702821961402,0.7059245971705645,0.9259408719210995,0.8870369060213331,0.9054116865286785,0.6656779137313065,0.5,250,fast,683
0.7496345270350682,0.0034155886416504444,219.47447590551704,85.60367869020241,61.194489092047974,0.7683630058428115,0.8014540050081241,0.7008995433288576,0.9511519854466935,0.8870369060213331,0.9054116865286785,0.6656779137313065,0.5,251,fast,683
0.7531769405038368,0.0034202063392761877,220.21388939453,87.2659749925197,61.462716286279594,0.7714630033900796,0.8041111457629253,0.7010295696978294,0.96962194436133,0.8870369060213331,0.9054116865286785,0.6656779137313065,0.5,252,fast,683
0.7551081622769652,0.0030363801004013313,248.68696846523244,83.6597245964521,61.934481634966986,0.7655559853109836,0.7990479874094145,0.705656910068449,0.9295524955161344,0.8870369060213331,0.9054116865286785,0.6656779137313065,0.5,253,fast,683
0.7501121361692535,0.0030944502484160303,242.4056216619468,84.38082732952661,61.26032077504181,0.7667310600736554,0.8000551943488475,0.7046951060547633,0.9375647481058512,0.8870369060213331,0.9054116865286785,0.6656779137313065,0.5,254,fast,683
0.7540362034357929,0.0029816936275491863,252.88855852557046,85.1819718815532,61.463837340194715,0.7684793867552453,0.8015537600759245,0.7062834600106735,0.94646635423948,0.8870369060213331,0.9054116865286785,0.6656779137313065,0.5,255,fast,683
0.7538653122815071,0.0036417403393331524,207.00688188536506,86.21491613875286,61.898168348410344,0.7691151165932193,0.8020986713656165,0.6986206806251882,0.9579435126528095,0.8870369060213331,0.9054116865286785,0.6656779137313065,0.5,256,fast,683
0.755456226279897,0.0032848453456496914,229.98228129077395,87.48912931823888,61.15574934572731,0.7721542576916772,0.804703649450009,0.7026976029994245,0.9721014368693209,0.8870369060213331,0.9054116865286785,0.6656779137313065,0.5,257,fast,683
0.7516220942601177,0.0031349916549197935,239.7525023968038,88.00555221453261,61.236318935781675,0.7733742365581544,0.8057493456212752,0.7042794440172461,0.9778394690503623,0.8870369060213331,0.9054116865286785,0.6656779137313065,0.5,258,fast,683
0.7441131312174964,0.002833824601524021,262.58263507816076,83.15906543875123,60.21936464732427,0.7649661371899793,0.7985424033056966,0.7076807008724331,0.9239896159861247,0.8870369060213331,0.9054116865286785,0.6656779137313065,0.5,259,fast,683
0.7474608199027672,0.00342766879493639,218.0668158507533,89.57225565476168,60.90232354147863,0.7756707119127421,0.8077177530680647,0.7006504801422271,0.9952472850529075,0.8870369060213331,0.9054116865286785,0.6656779137313065,0.5,260,fast,683
0.7473524008736738,0.0033060649466758203,226.0549665320765,81.7466768126846,61.190538454386356,0.7614101280593784,0.7954943954794672,0.7020378530451233,0.9082964090298289,0.8870369060213331,0.9054116865286785,0.6656779137313065,0.5,261,fast,683
0.7566651457558089,0.0032662087952015275,231.66465869158316,88.73297280968984,61.96037362638081,0.7745040580063574,0.8067177640054491,0.7029759216491615,0.9859219201076649,0.8870369060213331,0.9054116865286785,0.6656779137313065,0.5,262,fast,683
0.7615671232693897,0.0035357523004976754,215.3904059292262,82.40849202358946,62.00990248801396,0.7623246233176131,0.796278248557954,0.7001713222511441,0.9156499113732163,0.8870369060213331,0.9054116865286785,0.6656779137313065,0.5,263,fast,683
0.7468237456121731,0.002989622837600752,249.80533872678,89.92100014467438,61.07143523065414,0.7771789499348571,0.8090105285155919,0.7058249694981099,0.9991222238297154,0.8870369060213331,0.9054116865286785,0.6656779137313065,0.5,264,fast,683
0.7532204514867411,0.003309134422885618,227.61857187714992,87.51830593476949,61.41949955644598,0.772142393209348,0.8046934798937269,0.7023022314773311,0.9724256214974387,0.8870369060213331,0.9054116865286785,0.6656779137313065,0.5,265,fast,683
0.7489509836599341,0.0028246747552608605,265.14591892926376,88.8685700546659,60.97287703144024,0.7755990787831024,0.8076563532426592,0.7080394102543417,0.9874285561629544,0.8870369060213331,0.9054116865286785,0.6656779137313065,0.5,266,fast,683
0.7545256709269921,0.002824548441298227,267.1314323716094,88.72538062263159,61.502291355642356,0.7753797284635828,0.807468338683071,0.708314302026495,0.9858375624736844,0.8870369060213331,0.9054116865286785,0.6656779137313065,0.5,267,fast,683
0.7453030586882449,0.00343370935661676,217.05478865066007,84.34388942250486,60.67206613387279,0.7659585002916255,0.7993930002499647,0.7004701685517143,0.9371543269167206,0.8870369060213331,0.9054116865286785,0.6656779137313065,0.5,268,fast,683
0.7512804588047576,0.00332564771358328,225.90500362868463,88.78130717242779,61.19338222907237,0.7744329752332466,0.8066568359142113,0.7020123765356308,0.986458968582531,0.8870369060213331,0.9054116865286785,0.6656779137313065,0.5,269,fast,683
0.7613092326299915,0.002970380976443761,256.300198078112,83.87382490628212,62.06089354103369,0.7661401011696785,0.7995486581454386,0.7067827128891739,0.9319313878475791,0.8870369060213331,0.9054116865286785,0.6656779137313065,0.5,270,fast,683
0.7544977036908711,0.0031901734075210847,236.50679988494775,82.41804744456657,61.7677266470687,0.7629409386817433,0.7968065188700656,0.7037630430917351,0.9157560827174063,0.8870369060213331,0.9054116865286785,0.6656779137313065,0.5,271,fast,683
0.756451122872493,0.0031159882949084432,242.76443018368906,87.98203193351839,61.742973882395994,0.7734092536690701,0.8057793602877743,0.7047508831384537,0.9775781325946488,0.8870369060213331,0.9054116865286785,0.6656779137313065,0.5,272,fast,683
0.7511822667564994,0.003336876019379845,225.11542604334034,82.45457214438477,61.26976458598412,0.7626943845551594,0.7965951867615652,0.7018778883342515,0.9161619127153864,0.8870369060213331,0.9054116865286785,0.6656779137313065,0.5,273,fast,683
0.7499044899349239,0.0030708338838630936,244.20223245405504,84.77394161232462,60.97266844624131,0.7675054251834156,0.8007189358714991,0.7049733602377908,0.9419326845813847,0.8870369060213331,0.9054116865286785,0.6656779137313065,0.5,274,fast,683
0.7505214977305558,0.002948481980713034,254.54505153497885,85.42299324805263,61.412925651679316,0.7689662980634973,0.8019711126258547,0.7065269126768582,0.949144369422807,0.8870369060213331,0.9054116865286785,0.6656779137313065,0.5,275,fast,683
0.7556560131090788,0.0031793097799438894,237.67926544182654,84.67843602407899,62.10899772816282,0.767158103587379,0.800421231646325,0.7039506038643011,0.9408715113786554,0.8870369060213331,0.9054116865286785,0.6656779137313065,0.5,276,fast,683
0.7484620433798964,0.00351032498828411,213.21730776436,89.04763686353728,60.85989654393358,0.7745535729589682,0.8067602053934013,0.6997767440998544,0.9894181873726364,0.8870369060213331,0.9054116865286785,0.6656779137313065,0.5,277,fast,683
0.7585618424818993,0.0029294113750439952,258.9468481430017,85.21270785592537,62.00378527322389,0.7686831172290572,0.8017283861963348,0.7071643320271875,0.9468078650658375,0.8870369060213331,0.9054116865286785,0.6656779137313065,0.5,278,fast,683
0.748500477162463,0.0030889692215568384,242.31399650697048,87.44892701947431,61.33047625090803,0.7724103495382474,0.8049231567470692,0.7046808462873401,0.9716547446608257,0.8870369060213331,0.9054116865286785,0.6656779137313065,0.5,279,fast,683
0.7449819896692064,0.0030279021992460644,246.03898694439468,80.56485060178687,60.740404560113134,0.7597577849085289,0.7940781013501675,0.7052551964833343,0.8951650066865208,0.8870369060213331,0.9054116865286785,0.6656779137313065,0.5,280,fast,683
0.7504781815573054,0.002623259165198374,286.086175362911,85.44433812382057,61.377901460156615,0.7697207613643057,0.8026177954551191,0.710816527195398,0.9493815347091175,0.8870369060213331,0.9054116865286785,0.6656779137313065,0.5,281,fast,683
0.7539056791832962,0.003438608322376912,219.2473258082981,89.37955145370948,61.61387815217203,0.7753486870049194,0.8074417317185024,0.7008594884847604,0.9931061272634387,0.8870369060213331,0.9054116865286785,0.6656779137313065,0.5,282,fast,683
0.7509301810986709,0.0031158826645842157,241.0007891612553,86.72214071052106,60.80943390105027,0.77103026214871,0.8037402246988943,0.7044757253829302,0.9635793412280118,0.8870369060213331,0.9054116865286785,0.6656779137313065,0.5,283,fast,683
0.7506655009854144,0.0032362084379327746,231.95832882288772,85.11658702713443,61.09881519836821,0.7678151011033146,0.8009843723742697,0.70302424448152,0.9457398558570492,0.8870369060213331,0.9054116865286785,0.6656779137313065,0.5,284,fast,683
0.758702634092143,0.003511354146212473,216.07123704981984,89.79438364007291,61.78894166138266,0.7760226328550397,0.808019399590034,0.7002939170703324,0.9977153737785879,0.8870369060213331,0.9054116865286785,0.6656779137313065,0.5,285,fast,683
0.7594742890496421,0.0032486043150440416,233.78479352889298,85.22774746333528,61.49904145770289,0.7680707588728354,0.8012035076052875,0.7033230751408578,0.9469749718148364,0.8870369060213331,0.9054116865286785,0.6656779137313065,0.5,286,fast,683
0.7505224456348776,0.003175026864817653,236.3830221253833,89.72822845128309,61.16835229479567,0.7764749994494519,0.8084071423852445,0.7037431742900255,0.9969803161253676,0.8870369060213331,0.9054116865286785,0.6656779137313065,0.5,287,fast,683
0.7510929337651372,0.0033241623863469205,225.949531481989,88.87885602626642,61.1025164165388,0.7746148823996318,0.8068127563425416,0.7020199433801798,0.9875428447362935,0.8870369060213331,0.9054116865286785,0.6656779137313065,0.5,288,fast,683
0.7527161645710417,0.0032358599978799013,232.61703691266396,82.91245094141568,61.458269623905274,0.7637513861015166,0.7975011880870142,0.7031323554231631,0.9212494549046187,0.8870369060213331,0.9054116865286785,0.6656779137313065,0.5,289,fast,683
0.7508244658328047,0.0035224737996481007,213.15260482783802,89.27951946633982,60.9522848225746,0.7749810142443132,0.8071265836379827,0.6997649184474523,0.9919946607371091,0.8870369060213331,0.9054116865286785,0.6656779137313065,0.5,290,fast,683
0.7591630239935051,0.0033776830955535484,224.75851123892676,83.60119066268359,61.7583027711847,0.7648075876439937,0.7984065036948518,0.7018169011083818,0.9289021184742622,0.8870369060213331,0.9054116865286785,0.6656779137313065,0.5,291,fast,683
0.7546888237210465,0.00267762507092869,281.8500737518473,79.0817913866231,61.788168273963386,0.7578481165928964,0.7924412427939113,0.7102756223135817,0.8786865709624788,0.8870369060213331,0.9054116865286785,0.6656779137313065,0.5,292,fast,683
0.7606543516183877,0.0031586338576879264,240.8175134851418,77.68842568415381,62.03940426616017,0.7542963704834778,0.789396888985838,0.7044469867956177,0.8632047298239313,0.8870369060213331,0.9054116865286785,0.6656779137313065,0.5,293,fast,683
0.7508445948444741,0.0035230054942449276,213.12614926971602,86.21999260108755,61.3569008812343,0.7693144176634935,0.802269500854423,0.699760081909781,0.9579999177898617,0.8870369060213331,0.9054116865286785,0.6656779137313065,0.5,294,fast,683
0.7588797155645156,0.0027606428502882506,274.8923916345346,89.49169423027838,62.16654263849198,0.7769739145024289,0.8088347838592248,0.7093648226190512,0.9943521581142043,0.8870369060213331,0.9054116865286785,0.6656779137313065,0.5,295,fast,683
0.7533554149284869,0.0035653158713821968,211.30116996798577,83.58045626198553,60.7979515604022,0.7643704759915518,0.7980318365641873,0.6994246134237094,0.9286717362442837,0.8870369060213331,0.9054116865286785,0.6656779137313065,0.5,296,fast,683
0.7474982343329715,0.003598192548107111,207.74269979693148,84.29168869153109,60.965113237129785,0.7655767894615795,0.7990658195384966,0.6987599116933688,0.9365743187947899,0.8870369060213331,0.9054116865286785,0.6656779137313065,0.5,297,fast,683
0.7477196084271264,0.0027452492990607,272.368563643004,82.37744048608707,60.90624059693944,0.7637431172898501,0.7974941005341573,0.7090273031679268,0.9153048942898563,0.8870369060213331,0.9054116865286785,0.6656779137313065,0.5,298,fast,683
0.7485310973652923,0.002550300600015188,293.50700751152027,87.5070812687501,60.948504490463606,0.7736946406186807,0.8060239776731548,0.7117404344446538,0.9723009029861122,0.8870369060213331,0.9054116865286785,0.6656779137313065,0.5,299,fast,683
0.7502399081842133,0.00440915383440999,170.15507654307245,86.62838515504143,60.93259732439101,0.7685651947145126,0.8016273097552965,0.6907270491719633,0.9625376128337937,0.8870369060213331,0.9054116865286785,0.6656779137313065,0.5,300,fast,683
0.7560482248233487,0.003989769470182607,189.4967191647655,85.87599392851077,61.75019629144439,0.7679026184255582,0.8010593872219071,0.6951114939552445,0.9541777103167863,0.8870369060213331,0.9054116865286785,0.6656779137313065,0.5,301,fast,683
0.7535989965925474,0.0032778127973706814,229.9091019465943,87.34778452210827,61.20524271632547,0.7718904807305491,0.8044775549118992,0.7026854389674407,0.9705309391345364,0.8870369060213331,0.9054116865286785,0.6656779137313065,0.5,302,fast,683
0.7500858835894779,0.003095282841951364,242.33193601028074,80.21593893559944,61.3531463361083,0.7590163925747594,0.7934426222069366,0.7046836387716892,0.8912882103955493,0.8870369060213331,0.9054116865286785,0.6656779137313065,0.5,303,fast,683
0.7550161579491282,0.0031337827585551144,240.92804642822202,86.09663615166818,61.44552392761054,0.7698700198451526,0.802745731295845,0.7044643222155066,0.9566292905740909,0.8870369060213331,0.9054116865286785,0.6656779137313065,0.5,304,fast,683
0.7543782502361756,0.0035701721590963324,211.30024453137878,85.97138430391443,61.84917904559386,0.7687980920077022,0.8018269360066019,0.6994244423880679,0.9552376033768271,0.8870369060213331,0.9054116865286785,0.6656779137313065,0.5,305,fast,683
0.7563188895367993,0.0030293549813850563,249.66334225743378,82.42763730957589,61.75797921062798,0.7632988044496763,0.7971132609568654,0.705803683643675,0.9158626367730653,0.8870369060213331,0.9054116865286785,0.6656779137313065,0.5,306,fast,683
0.7501180746228744,0.0031335535577561354,239.38256066062468,85.4067945661187,60.89968493106866,0.7685519864457945,0.8016159883821096,0.7042210283254638,0.9489643840679857,0.8870369060213331,0.9054116865286785,0.6656779137313065,0.5,307,fast,683
0.7493074823348564,0.002807042303675843,266.9384360020626,89.76551779283399,61.091043458193575,0.7773014737445739,0.8091155489239206,0.7082876940435262,0.9973946421425999,0.8870369060213331,0.9054116865286785,0.6656779137313065,0.5,308,fast,683
0.7543110843833447,0.0025723950036685285,293.2329923311199,83.70236177493071,61.37847887073685,0.766643264497624,0.7999799409979634,0.7117068387607515,0.9300262419436746,0.8870369060213331,0.9054116865286785,0.6656779137313065,0.5,309,fast,683
0.7489943895632892,0.0029828062706507156,251.10393421557745,86.86032709573665,61.37959244658246,0.7715433644790571,0.8041800266963347,0.70601893508484,0.965114745508185,0.8870369060213331,0.9054116865286785,0.6656779137313065,0.5,310,fast,683
0.7510946910307067,0.0033346905250934062,225.2367004910203,88.02215119492945,61.370170053602656,0.7730081652951969,0.8054355702530259,0.70189858332398,0.9780239021658828,0.8870369060213331,0.9054116865286785,0.6656779137313065,0.5,311,fast,683
0.7553799706671048,0.004053828625673563,186.33742084782747,88.56062808571478,61.727997508481366,0.7727613895499176,0.8052240481856436,0.6944348522880229,0.9840069787301643,0.8870369060213331,0.9054116865286785,0.6656779137313065,0.5,312,fast,683
0.7609434113244977,0.002905461060351474,261.90108747575033,81.59528456856381,62.0901334946346,0.7620542278042799,0.796046480975097,0.7075845875603194,0.9066142729840424,0.8870369060213331,0.9054116865286785,0.6656779137313065,0.5,313,fast,683
0.753840258977954,0.0037390627413623812,201.61209135080773,86.41847507419537,61.00384375759229,0.769318718413285,0.8022731872113872,0.6975805255962211,0.9602052786021708,0.8870369060213331,0.9054116865286785,0.6656779137313065,0.5,314,fast,683
0.751736336338411,0.0034445625848817632,218.2385478022066,82.43982618438315,61.56823495200408,0.7624675913726988,0.7964007926051704,0.7006809732395068,0.9159980687153684,0.8870369060213331,0.9054116865286785,0.6656779137313065,0.5,315,fast,683
0.7458442099038164,0.0037115659234709616,200.9513572660248,86.05634160002646,60.549558720110994,0.768626468235902,0.8016798299164875,0.6974507298004666,0.9561815733336273,0.8870369060213331,0.9054116865286785,0.6656779137313065,0.5,316,fast,683
0.7478852678774056,0.00322214552245875,232.1078494638288,83.76702455710536,61.213846499344406,0.7653200069925954,0.7988457202793675,0.7030488183730835,0.9307447173011707,0.8870369060213331,0.9054116865286785,0.6656779137313065,0.5,317,fast,683
0.7513546959397044,0.003303873192917078,227.41632383182153,82.64594718951778,61.259189460496266,0.7631138285979814,0.7969547102268412,0.7022681632008165,0.9182883021057532,0.8870369060213331,0.9054116865286785,0.6656779137313065,0.5,318,fast,683
0.751978161617322,0.0031305190304967492,240.20878144861445,88.22996958302446,61.537292681263224,0.7738018065446909,0.8061158341811636,0.7043513376198891,0.9803329953669384,0.8870369060213331,0.9054116865286785,0.6656779137313065,0.5,319,fast,683
0.7485374200957116,0.0033208824826231804,225.40316437347653,88.77005582882906,61.10105452643296,0.774397904485146,0.8066267752729823,0.7019269669759021,0.9863339536536562,0.8870369060213331,0.9054116865286785,0.6656779137313065,0.5,320,fast,683
0.752595847040617,0.0025923276281322183,290.31664010110677,86.83452136577829,60.943108683709625,0.7723835597154629,0.8049001940418253,0.7113468368361451,0.9648280151753142,0.8870369060213331,0.9054116865286785,0.6656779137313065,0.5,321,fast,683
0.7492655796642523,0.0026330147227635555,284.56566276919233,89.85813298034995,61.0197928374912,0.7778622893160008,0.8095962479851435,0.7106235298330209,0.9984236997816661,0.8870369060213331,0.9054116865286785,0.6656779137313065,0.5,322,fast,683
0.7568505862290084,0.003307030371010353,228.86109328284695,88.50891159984428,61.83803383135964,0.7740115933470807,0.8062956514403549,0.7025107026917856,0.9834323511093809,0.8870369060213331,0.9054116865286785,0.6656779137313065,0.5,323,fast,683
0.7510401467423968,0.002832379815858628,265.16222949241757,85.10544822945461,61.07389818270307,0.7686307127687058,0.801683468087462,0.7080416788925324,0.9456160914383845,0.8870369060213331,0.9054116865286785,0.6656779137313065,0.5,324,fast,683
0.7508499544162243,0.0036712450981617054,204.52188136177443,81.29342923866692,61.44180966784075,0.7599221113040642,0.7942189525463407,0.69814583666899,0.9032603248740768,0.8870369060213331,0.9054116865286785,0.6656779137313065,0.5,325,fast,683
0.7524981001235205,0.003247940086169675,231.68472328901493,83.4197252801899,61.320920655003306,0.7646652614013211,0.7982845097725609,0.702979225680054,0.9268858364465544,0.8870369060213331,0.9054116865286785,0.6656779137313065,0.5,326,fast,683
0.7516571122311023,0.003367396025983087,223.2161309306236,86.31319651304659,61.21152239179264,0.7697856616256459,0.8026734242505535,0.7015519466609286,0.9590355168116288,0.8870369060213331,0.9054116865286785,0.6656779137313065,0.5,327,fast,683
0.7547442350392309,0.0032849575227775246,229.75768478158992,85.89751306855027,61.4405140898436,0.7692005954696582,0.8021719389739929,0.7026602546638508,0.9544168118727807,0.8870369060213331,0.9054116865286785,0.6656779137313065,0.5,328,fast,683
0.7507303572190955,0.0030506275020829297,246.0904704709134,84.48105743014331,61.375271681919195,0.7670113300776342,0.8002954257808294,0.7052630582940058,0.9386784158904812,0.8870369060213331,0.9054116865286785,0.6656779137313065,0.5,329,fast,683
0.7479347270565666,0.003025452126180617,247.21420001471725,89.71010231294908,61.15558462165439,0.7767232613155292,0.8086199382704535,0.7054341470235339,0.996778914588323,0.8870369060213331,0.9054116865286785,0.6656779137313065,0.5,330,fast,683
0.7508105053349582,0.0026912537476447744,278.9816850202338,87.07905984543669,61.21224470669755,0.7725958641515284,0.8050821692727386,0.7099035692341111,0.9675451093937409,0.8870369060213331,0.9054116865286785,0.6656779137313065,0.5,331,fast,683
0.7468852624290594,0.003148829172354851,237.19459568856237,84.70846911378129,60.91562557396675,0.7672008216744205,0.8004578471495033,0.7038732113898574,0.9412052123753477,0.8870369060213331,0.9054116865286785,0.6656779137313065,0.5,332,fast,683
0.7445150792811451,0.0025930542505293464,287.118975289144,88.71068396267474,60.57784637495794,0.7757912773701979,0.8078210948887411,0.7109468916879284,0.9856742662519415,0.8870369060213331,0.9054116865286785,0.6656779137313065,0.5,333,fast,683
0.7483479083998377,0.003302434316113682,226.6049334420969,88.40404931360627,61.222992180598744,0.7737541373861099,0.8060749749023799,0.7021311034397164,0.9822672145956252,0.8870369060213331,0.9054116865286785,0.6656779137313065,0.5,334,fast,683
0.7541064583503395,0.0034305608921319716,219.82016412531573,86.68460295793778,61.47749456368484,0.7703748604129478,0.8031784517825267,0.7009604011081705,0.9631622550881976,0.8870369060213331,0.9054116865286785,0.6656779137313065,0.5,335,fast,683
0.7479967174813277,0.0031533724297225633,237.20532038365576,84.52127028160885,60.707724060537615,0.7668544429486744,0.8001609510988638,0.7038749260595187,0.9391252253512095,0.8870369060213331,0.9054116865286785,0.6656779137313065,0.5,336,fast,683
0.7538725978175648,0.0033111219306328726,227.67889966331535,89.13201312033326,61.49522167902332,0.7751324323076373,0.8072563705494034,0.7023123862274696,0.9903557013370362,0.8870369060213331,0.9054116865286785,0.6656779137313065,0.5,337,fast,683
0.7501417161834084,0.003508028514352765,213.83569521008022,89.73304093285707,61.134867271063385,0.7758416389181443,0.807864261929838,0.699889539084691,0.9970337881428563,0.8870369060213331,0.9054116865286785,0.6656779137313065,0.5,338,fast,683
0.7456383898596348,0.003178990593089935,234.5519333968474,86.78980469786154,60.89719640655724,0.7709842311690179,0.8037007695734439,0.703447717423217,0.9643311633095727,0.8870369060213331,0.9054116865286785,0.6656779137313065,0.5,339,fast,683
0.7587819701996823,0.0038129977639750584,198.99879757827355,80.2579620443721,62.10970782908715,0.757824274956357,0.7924208071054488,0.6970640096304666,0.8917551338263567,0.8870369060213331,0.9054116865286785,0.6656779137313065,0.5,340,fast,683
0.7571562024258511,0.003121441526868598,242.56619767131227,83.76573547224827,61.93627670871007,0.7655961634849117,0.79908242584421,0.7047200804920598,0.9307303941360918,0.8870369060213331,0.9054116865286785,0.6656779137313065,0.5,341,fast,683
0.7481952853226423,0.002787470664691759,268.41368944249626,81.34079200489157,61.16604488587474,0.761733926783012,0.7957719372425817,0.7084904765846252,0.9037865778321286,0.8870369060213331,0.9054116865286785,0.6656779137313065,0.5,342,fast,683
0.7546672426874625,0.002675671611817026,282.04778170628134,84.25547837698352,61.08038007852509,0.7674332634598411,0.800657082965578,0.7103010925112448,0.9361719819664835,0.8870369060213331,0.9054116865286785,0.6656779137313065,0.5,343,fast,683
0.7486448938627729,0.003006876354621118,248.97761183702082,84.51201176627177,61.218732691827384,0.7671415892594945,0.8004070765081381,0.705700676317074,0.9390223529585752,0.8870369060213331,0.9054116865286785,0.6656779137313065,0.5,344,fast,683
0.7576575511090338,0.0040631571895609585,186.4701550448512,88.95807697206008,61.95819434541926,0.7735021923550663,0.8058590220186284,0.6944635703817464,0.9884230774673343,0.8870369060213331,0.9054116865286785,0.6656779137313065,0.5,345,fast,683
0.7567395719025007,0.0032579526297399695,232.27457790351582,85.24080107477296,61.646932193311,0.7680537858730746,0.8011889593197782,0.703076197015208,0.9471200119419217,0.8870369060213331,0.9054116865286785,0.6656779137313065,0.5,346,fast,683
0.751764353454516,0.0030033455780775526,250.30897507829312,86.93028958026844,61.21494233323992,0.7716531595932614,0.8042741367942241,0.7059003448308235,0.9658921064474271,0.8870369060213331,0.9054116865286785,0.6656779137313065,0.5,347,fast,683
0.7463409890607009,0.0030185108249994826,247.2547001917175,88.28282792430555,60.64430893462311,0.774081185264983,0.8063553016556997,0.7054402950385182,0.9809203102700617,0.8870369060213331,0.9054116865286785,0.6656779137313065,0.5,348,fast,683
0.7514507385591548,0.003365229879309877,223.29848643601673,86.32257041806764,61.28371465850642,0.7698053882413908,0.8026903327783349,0.701566151855164,0.9591396713118627,0.8870369060213331,0.9054116865286785,0.6656779137313065,0.5,349,fast,683
0.7518071108437829,0.0034973308665026018,214.96596677328517,86.39849642710867,61.55482686616877,0.7697007414409645,0.8026006355208267,0.7000946487299284,0.9599832936345407,0.8870369060213331,0.9054116865286785,0.6656779137313065,0.5,350,fast,683
0.7538247073015834,0.0035032646216890074,215.17778092884873,87.79615922257142,61.418936441790294,0.7722953870838262,0.8048246175004224,0.7001329359708461,0.9755128802507935,0.8870369060213331,0.9054116865286785,0.6656779137313065,0.5,351,fast,683
0.7478019021763108,0.0029797816783599168,250.95862143427362,87.07915836093655,61.40952107969703,0.7719450005046814,0.8045242861468698,0.7059972927363646,0.967546204010406,0.8870369060213331,0.9054116865286785,0.6656779137313065,0.5,352,fast,683
0.7524649587957812,0.002946789283553697,255.35078568235525,87.40837925497559,61.42773138638897,0.7726625559679127,0.8051393336867824,0.7066446155819852,0.9712042139441732,0.8870369060213331,0.9054116865286785,0.6656779137313065,0.5,353,fast,683
0.7496288954063856,0.0032218774829902413,232.668343027945,81.22791196565264,61.031504123602446,0.7606332702387785,0.7948285173475245,0.7031407599774351,0.9025323551739182,0.8870369060213331,0.9054116865286785,0.6656779137313065,0.5,354,fast,683
0.7542281261644249,0.0028315100777970034,266.3695715154354,88.4247771431432,61.54691893489047,0.7748055260135791,0.8069761651544963,0.7082091259874542,0.9824975238127023,0.8870369060213331,0.9054116865286785,0.6656779137313065,0.5,355,fast,683
0.745251644957446,0.003478246595591957,214.26072720143432,88.72806192961868,60.71877868512334,0.7739934482776101,0.8062800985236658,0.6999668286108018,0.9858673547735408,0.8870369060213331,0.9054116865286785,0.6656779137313065,0.5,356,fast,683
0.75075716291317,0.0034136315176047866,219.92917485128777,88.67909184220575,61.430168721276544,0.7740715527222016,0.8063470451904585,0.7009795673607171,0.985323242691175,0.8870369060213331,0.9054116865286785,0.6656779137313065,0.5,357,fast,683
0.7480710018398817,0.0038999895041976424,191.8135936096025,89.28687083309735,60.82423929441328,0.774300266821987,0.8065430858474175,0.6955987520606338,0.9920763425899706,0.8870369060213331,0.9054116865286785,0.6656779137313065,0.5,358,fast,683
0.7506945962225159,0.003314898386253622,226.4608168188599,87.15640564894292,61.125452588519714,0.7714396180807501,0.8040911012120715,0.7021066949927057,0.9684045072104769,0.8870369060213331,0.9054116865286785,0.6656779137313065,0.5,359,fast,683
0.7568893664158581,0.0032446333477570647,233.27423634447854,85.40796959618656,61.6154419577706,0.7683906305919885,0.8014776833645616,0.7032398373129843,0.9489774399576285,0.8870369060213331,0.9054116865286785,0.6656779137313065,0.5,360,fast,683
0.7507497714852698,0.0031282939065119596,239.98696859092567,86.18802036529759,61.221689494058964,0.7700145976759486,0.8028696551508131,0.7043164090488453,0.9576446707255287,0.8870369060213331,0.9054116865286785,0.6656779137313065,0.5,361,fast,683
0.7512032609923387,0.0027047323702700248,277.7366327439424,86.24242883354849,60.82448994706697,0.771019383873952,0.8037309004633874,0.7097405877007433,0.9582492092616499,0.8870369060213331,0.9054116865286785,0.6656779137313065,0.5,362,fast,683
0.74732003777959,0.0033748859114837272,221.43564475370366,86.30251249038973,61.197541999581816,0.7697144221289446,0.8026123618248097,0.701243221043575,0.9589168054487748,0.8870369060213331,0.9054116865286785,0.6656779137313065,0.5,363,fast,683
0.749259469545128,0.0036230409285700526,206.8040312867365,86.3006825227569,61.065726721774425,0.7692675277989155,0.8022293095419276,0.6985821880370986,0.9588964724750767,0.8870369060213331,0.9054116865286785,0.6656779137313065,0.5,364,fast,683
0.750846134673921,0.0026406270985221583,284.3438723680963,84.05977627997844,61.3135340182083,0.7671198818695646,0.8003884701739125,0.710595270714087,0.9339975142219826,0.8870369060213331,0.9054116865286785,0.6656779137313065,0.5,365,fast,683
0.7553914220419796,0.002934463066496048,257.42066092655557,88.88901009336935,61.41632335780455,0.7754545073716792,0.8075324348900107,0.7069448702446532,0.9876556677041038,0.8870369060213331,0.9054116865286785,0.6656779137313065,0.5,366,fast,683
0.7530166832311063,0.0027297224471258615,275.8583327854307,83.05585307942223,61.61670695366589,0.7650770495789277,0.7986374710676524,0.7094929791986682,0.9228428119935804,0.8870369060213331,0.9054116865286785,0.6656779137313065,0.5,367,fast,683
0.7509212962746888,0.0035653131642147625,210.61860815249716,87.10245136137301,61.296879734658106,0.7708716217274256,0.8036042471949363,0.6992982089568689,0.9678050151263669,0.8870369060213331,0.9054116865286785,0.6656779137313065,0.5,368,fast,683
0.7536390035031737,0.0033480427829249352,225.0983790729148,81.0216194919792,61.360291815983224,0.7600402835128363,0.7943202430110025,0.7018749782181526,0.9002402165775466,0.8870369060213331,0.9054116865286785,0.6656779137313065,0.5,369,fast,683
0.7487271489776355,0.0033104175454491814,226.17302461041746,80.3273834158561,61.2688655616415,0.7587851471955838,0.793244411881929,0.7020578944937835,0.8925264823984012,0.8870369060213331,0.9054116865286785,0.6656779137313065,0.5,370,fast,683
0.7497510321414094,0.0031331188232710193,239.29862684194623,87.83819970408206,61.213974313136376,0.7730523770019744,0.8054734660016923,0.7042077590185052,0.9759799967120228,0.8870369060213331,0.9054116865286785,0.6656779137313065,0.5,371,fast,683
0.754254330967754,0.003281621004365345,229.84199880620412,88.85061484097164,61.52557914574982,0.7746716401235738,0.8068614058202062,0.7026742806715507,0.9872290537885738,0.8870369060213331,0.9054116865286785,0.6656779137313065,0.5,372,fast,683
0.7579774396990909,0.0035634316375543957,212.70997083566766,86.8778625868505,62.38355191552494,0.7705199980860001,0.8033028555022858,0.6996838979363438,0.9653095842983389,0.8870369060213331,0.9054116865286785,0.6656779137313065,0.5,373,fast,683
0.7544940800003518,0.0032642084836148953,231.14151065645152,84.38431113408605,61.58776786318977,0.7664366019381955,0.7998028016613105,0.7028896483024549,0.9376034570454005,0.8870369060213331,0.9054116865286785,0.6656779137313065,0.5,374,fast,683
0.751599720915731,0.0034587167245969134,217.3059492182969,87.96134827413039,61.428786756405614,0.7726649726973839,0.8051414051691862,0.7005150157459809,0.9773483141570043,0.8870369060213331,0.9054116865286785,0.6656779137313065,0.5,375,fast,683
0.7452128332608998,0.0036576411063068055,203.74137636848585,80.56829297629147,60.08964521132943,0.7585541597876947,0.7930464226751669,0.6979951971527222,0.8952032552921275,0.8870369060213331,0.9054116865286785,0.6656779137313065,0.5,376,fast,683
0.7502899207157904,0.003270414632212387,229.41736907782555,84.46853238399129,61.13707438604119,0.7665448885058529,0.7998956187193025,0.7026035760427845,0.9385392487110144,0.8870369060213331,0.9054116865286785,0.6656779137313065,0.5,377,fast,683
0.7474093438029219,0.003614364097502704,206.78861443962833,84.4069883959613,60.58720159132398,0.7657601989211279,0.7992230276466811,0.6985792606236572,0.9378554266217923,0.8870369060213331,0.9054116865286785,0.6656779137313065,0.5,378,fast,683
0.7471551208283368,0.002738238549388242,272.8597627095933,86.4175279444919,60.88946271893781,0.7712357598554488,0.8039163655903847,0.7090932979125762,0.9601947549387988,0.8870369060213331,0.9054116865286785,0.6656779137313065,0.5,379,fast,683
0.7506730797767536,0.003402619587256415,220.61622245054815,84.3198083906638,60.93687600099763,0.7660188927734869,0.7994447652344173,0.7011000904633391,0.9368867598962644,0.8870369060213331,0.9054116865286785,0.6656779137313065,0.5,380,fast,683
0.7482607948919165,0.002814688919584022,265.84138292714096,89.70047112080036,60.90901707785533,0.7771557326061619,0.8089906279481387,0.7081359880134267,0.9966719013422262,0.8870369060213331,0.9054116865286785,0.6656779137313065,0.5,381,fast,683
0.7489091366601139,0.0036564930061342648,204.81623659712105,86.97063800159341,61.28763834165755,0.7704448981876914,0.8032384841608783,0.6982024606049035,0.9663404222399268,0.8870369060213331,0.9054116865286785,0.6656779137313065,0.5,382,fast,683
0.7528853801831642,0.0034720088067683357,216.8443175361448,89.03398520019306,61.67730151614715,0.7746375908676394,0.8068322207436909,0.7004325367001509,0.9892665022243673,0.8870369060213331,0.9054116865286785,0.6656779137313065,0.5,383,fast,683
0.7482468152669084,0.0036975897179675806,202.3606923264029,83.16468018576367,61.20469162964174,0.7633175743682719,0.7971293494585188,0.6977269378642723,0.9240520020640408,0.8870369060213331,0.9054116865286785,0.6656779137313065,0.5,384,fast,683
0.7498615307834283,0.003406758988661111,220.10994416664946,82.57354104312486,60.95536848943811,0.7627702699343627,0.7966602313723109,0.7010113239568041,0.9174837893680541,0.8870369060213331,0.9054116865286785,0.6656779137313065,0.5,385,fast,683
0.7573546799627573,0.0033857375003961145,223.68972192148698,88.87769270981208,61.78551056058652,0.7745483283817031,0.8067557100414599,0.7016335450109888,0.987529918997912,0.8870369060213331,0.9054116865286785,0.6656779137313065,0.5,386,fast,683
0.7442284807269746,0.003614611281692713,205.89447183334588,87.06525824273575,60.47141044109593,0.7706545452176433,0.8034181816151228,0.6984090067719221,0.9673917582526195,0.8870369060213331,0.9054116865286785,0.6656779137313065,0.5,387,fast,683
0.7484604053434241,0.0029336128842059367,255.13264186048715,86.99952091835618,61.10581786528629,0.7719001074143189,0.8044858063551306,0.7066127946673048,0.9666613435372909,0.8870369060213331,0.9054116865286785,0.6656779137313065,0.5,388,fast,683
0.7474836735612261,0.003448653713373318,216.74651492627572,84.60156352402932,60.80278889333327,0.7664264854910957,0.7997941304209392,0.7004150341760413,0.9400173724892146,0.8870369060213331,0.9054116865286785,0.6656779137313065,0.5,389,fast,683
0.7471120318028188,0.003784204163187593,197.42910254966137,80.97761988604908,60.46459833251768,0.7591045804846761,0.7935182118440081,0.696749644559527,0.899751332067212,0.8870369060213331,0.9054116865286785,0.6656779137313065,0.5,390,fast,683
0.7546881353515957,0.0030322018989775196,248.89112285236746,87.00004227495423,61.380447838004216,0.7717468836346469,0.8043544716868402,0.7056876591381834,0.9666671363883803,0.8870369060213331,0.9054116865286785,0.6656779137313065,0.5,391,fast,683
0.7474817745566065,0.003062656505228345,244.06320894313805,82.25032823684161,60.586732289063995,0.7628284937429428,0.796710137493951,0.7049519202114322,0.9138925359649068,0.8870369060213331,0.9054116865286785,0.6656779137313065,0.5,392,fast,683
0.7588601460142147,0.0034179878053199,222.01955923689746,83.17383615216876,61.64659586348129,0.7639375085938486,0.7976607216518702,0.7013448102576755,0.9241537350240974,0.8870369060213331,0.9054116865286785,0.6656779137313065,0.5,393,fast,683
0.7440559316504834,0.0035250927266856323,211.07414452330187,89.73239516713757,60.714117121150494,0.7757559577505475,0.8077908209290408,0.6993826272537716,0.9970266129681952,0.8870369060213331,0.9054116865286785,0.6656779137313065,0.5,394,fast,683
0.7512391054509054,0.00310069335794369,242.2810058035246,89.2954240746383,61.176774385444475,0.7758289325213923,0.807853370732622,0.7046757102399436,0.9921713786070923,0.8870369060213331,0.9054116865286785,0.6656779137313065,0.5,395,fast,683
0.752654527412117,0.0034910562368524614,215.5950739111298,83.49895520769392,61.32580958577418,0.7643501503977567,0.7980144146266486,0.7002082271308446,0.9277661689743769,0.8870369060213331,0.9054116865286785,0.6656779137313065,0.5,396,fast,683
0.7525819863136576,0.003596459612985039,209.25634298699083,87.63463448297368,60.78280540995982,0.7718148420745056,0.8044127217781476,0.6990443852437851,0.9737181609219298,0.8870369060213331,0.9054116865286785,0.6656779137313065,0.5,397,fast,683
0.7505166286726584,0.0030138443788048485,249.0230198847489,86.13079526921553,60.786560516412536,0.770140475146425,0.8029775501255072,0.7057075082726154,0.957008836324617,0.8870369060213331,0.9054116865286785,0.6656779137313065,0.5,398,fast,683
0.7549645308552594,0.003758594528497954,200.86352096004504,88.11481981897674,61.50203781235874,0.7724355824208088,0.8049447849321218,0.6974334346993488,0.979053553544186,0.8870369060213331,0.9054116865286785,0.6656779137313065,0.5,399,fast,683
0.7566343443456284,0.0030927807044484395,244.64532621318364,88.3048064610954,61.67202968669471,0.7740554357224693,0.8063332306192593,0.7050415918191044,0.9811645162343933,0.8870369060213331,0.9054116865286785,0.6656779137313065,0.5,400,fast,683
0.7488108793537376,0.0036761318959910036,203.69532447145093,83.82618089867559,60.942387415576384,0.7645858004403782,0.798216400377467,0.6979862863756667,0.9314020099852843,0.8870369060213331,0.9054116865286785,0.6656779137313065,0.5,401,fast,683
0.7541072463836497,0.0037609634623071656,200.50905943155377,86.27117013559213,61.485089277543835,0.7690097678921073,0.8020083724789491,0.6973635440091909,0.9585685570621347,0.8870369060213331,0.9054116865286785,0.6656779137313065,0.5,402,fast,683
0.7535504419400394,0.003533413086774366,213.26417926072483,89.54883236005128,61.56491628261907,0.7754831400700263,0.8075569772028797,0.6997853079160482,0.994987026222792,0.8870369060213331,0.9054116865286785,0.6656779137313065,0.5,403,fast,683
0.7524073243944907,0.0032622065596247273,230.6436795593486,87.02013873607727,61.24238990762733,0.7713040432117492,0.8039748941814994,0.7028073225883186,0.9668904304008585,0.8870369060213331,0.9054116865286785,0.6656779137313065,0.5,404,fast,683
0.7545272110150243,0.003691958429653898,204.37045145325683,87.99035155791623,61.73309373104009,0.772318957660335,0.8048448208517157,0.6981166668149567,0.9776705728657359,0.8870369060213331,0.9054116865286785,0.6656779137313065,0.5,405,fast,683
0.7601744610899624,0.003221237836543417,235.9883062548637,83.03130847959041,62.035586397797005,0.7640627213176043,0.7977680468436609,0.7036797274066372,0.9225700942176712,0.8870369060213331,0.9054116865286785,0.6656779137313065,0.5,406,fast,683
0.7455544485928012,0.003140615912804236,237.39115806972407,87.8056324798957,60.66100955684588,0.7729415445710801,0.8053784667752115,0.7039046224796545,0.9756181386655078,0.8870369060213331,0.9054116865286785,0.6656779137313065,0.5,407,fast,683
0.7534449363656884,0.0033653070076262153,223.88594403371997,80.16324362501732,61.46243142975379,0.7584160838847319,0.7929280719011987,0.7016672900824363,0.8907027069446368,0.8870369060213331,0.9054116865286785,0.6656779137313065,0.5,408,fast,683
0.7445973750011685,0.002441548512394526,304.9693140321474,88.8297766636898,60.74893733772695,0.7763726303232747,0.8083193974199497,0.713111757172888,0.9869975184854423,0.8870369060213331,0.9054116865286785,0.6656779137313065,0.5,409,fast,683
0.7505677445369817,0.0031363856320800894,239.30977647005608,89.03079674548626,61.41011983207561,0.7752611838762871,0.8073667290368175,0.7042095220265572,0.9892310749498473,0.8870369060213331,0.9054116865286785,0.6656779137313065,0.5,410,fast,683
0.7524843589921381,0.003283114275991965,229.19834514891545,86.2040244221341,61.223325565351125,0.7697526737240022,0.8026451489062876,0.7025670424834273,0.9578224935792677,0.8870369060213331,0.9054116865286785,0.6656779137313065,0.5,411,fast,683
0.7507978846635095,0.00324532363415732,231.34761561568004,87.91009146817039,61.376340636220625,0.7729714945017298,0.8054041381443398,0.7029236666382779,0.9767787940907822,0.8870369060213331,0.9054116865286785,0.6656779137313065,0.5,412,fast,683
0.7532441819194127,0.003267024874789527,230.55967150171736,83.08250397959685,61.129352366450796,0.7640098079527644,0.797722692530941,0.7027934083286366,0.9231389331066316,0.8870369060213331,0.9054116865286785,0.6656779137313065,0.5,413,fast,683
0.7488458104107257,0.0033966115761952386,220.46848561046116,81.22249411775807,61.21658542699132,0.7602788128514754,0.7945246967298359,0.7010742139635556,0.9024721568639786,0.8870369060213331,0.9054116865286785,0.6656779137313065,0.5,414,fast,683
0.7572628810958755,0.0031218351130016097,242.56978786037666,87.48301327113181,61.820384296371586,0.7724801042850845,0.8049829465300725,0.7047206386388358,0.9720334807903535,0.8870369060213331,0.9054116865286785,0.6656779137313065,0.5,415,fast,683
0.7466236960898504,0.0031949447292207115,233.68908052189107,82.16162656229312,60.836818791395864,0.7623901593609553,0.7963344223093902,0.7033074880811565,0.9129069618032569,0.8870369060213331,0.9054116865286785,0.6656779137313065,0.5,416,fast,683
0.7598779544860985,0.0027699870627843582,274.3254525247776,87.79767873988257,62.49199968611363,0.773824268638963,0.8061350874048255,0.7092893417759873,0.975529763776473,0.8870369060213331,0.9054116865286785,0.6656779137313065,0.5,417,fast,683
0.7529436073787044,0.0027637765216504497,272.43288358534414,83.30233574890893,61.32725616350474,0.7654573279808635,0.7989634239835973,0.7090359532826528,0.9255815083212103,0.8870369060213331,0.9054116865286785,0.6656779137313065,0.5,418,fast,683
0.7465352263588358,0.003677856189761917,202.98108132584767,83.83341770780362,60.98150557860752,0.7645761141416602,0.7982080978357088,0.697847759593047,0.9314824189755958,0.8870369060213331,0.9054116865286785,0.6656779137313065,0.5,419,fast,683
0.7495732472754455,0.0033269290142528244,225.30485143031757,89.89454765584132,60.95619983596428,0.7764775034073015,0.8084092886348299,0.7019102068753655,0.9988283072871258,0.8870369060213331,0.9054116865286785,0.6656779137313065,0.5,420,fast,683
0.747284835284211,0.0030692167427223286,243.47737482410108,83.24529582581314,60.94334002356868,0.7646559405263841,0.7982765204511864,0.7048614054790621,0.9249477313979239,0.8870369060213331,0.9054116865286785,0.6656779137313065,0.5,421,fast,683
0.7517714309010992,0.0034099914622254543,220.46138215562348,89.46042883165313,61.53287110594076,0.7755340400507019,0.8076006057577445,0.7010729692267478,0.994004764796146,0.8870369060213331,0.9054116865286785,0.6656779137313065,0.5,422,fast,683
0.7580028739853157,0.0034689585462704705,218.5102139085104,87.64876688639421,61.83514248499355,0.772121807226756,0.804675834765791,0.7007291494526158,0.9738751876266024,0.8870369060213331,0.9054116865286785,0.6656779137313065,0.5,423,fast,683
0.7544898485379828,0.0032904022199922293,229.30018827295973,88.02026146985976,61.590847721553565,0.7731189078379717,0.8055304924325472,0.7025840355258479,0.978002905220664,0.8870369060213331,0.9054116865286785,0.6656779137313065,0.5,424,fast,683
0.7560371682380764,0.003237508429777824,233.52438600135474,83.52290121378591,61.465807066352085,0.7649065650844613,0.7984913415009668,0.7032806485167175,0.9280322357087324,0.8870369060213331,0.9054116865286785,0.6656779137313065,0.5,425,fast,683
0.7538993864819763,0.0034001022013345444,221.72844868782764,89.66019071269841,61.56807478796063,0.7759408420699895,0.8079492932028481,0.7012942048864141,0.9962243412522045,0.8870369060213331,0.9054116865286785,0.6656779137313065,0.5,426,fast,683
0.7567789244339108,0.002859113561188699,264.69005453539035,84.46928158915357,61.87332836091486,0.7674416688192046,0.8006642875593182,0.7079759334210921,0.9385475732128175,0.8870369060213331,0.9054116865286785,0.6656779137313065,0.5,427,fast,683
0.7532966362737549,0.0030867923827821745,244.03864687355383,88.1016132850162,61.32573998455676,0.7736635752086299,0.8059973501788257,0.7049481306925035,0.9789068142779578,0.8870369060213331,0.9054116865286785,0.6656779137313065,0.5,428,fast,683
0.7471923944236701,0.0033695120897289503,221.75091660934675,89.37241564136099,61.00339178535701,0.7754085767195487,0.8074930657596131,0.7012981135764078,0.9930268404595666,0.8870369060213331,0.9054116865286785,0.6656779137313065,0.5,429,fast,683
0.7544839360523756,0.00405003131326841,186.2908895495676,81.0108387780101,61.336280579261924,0.7587786193209575,0.7932388165608206,0.694424778777648,0.9001204308667788,0.8870369060213331,0.9054116865286785,0.6656779137313065,0.5,430,fast,683
0.7458466157778089,0.0033622789419210045,221.82770337064207,89.94938027248861,60.711638402069035,0.7764792555167978,0.8084107904429695,0.7013114682362621,0.9994375585832068,0.8870369060213331,0.9054116865286785,0.6656779137313065,0.5,431,fast,683
0.7492334691015115,0.0030778232753859327,243.42965858153892,82.44897516966901,61.075747955808794,0.7631800419058531,0.7970114644907312,0.704854021046367,0.9160997241074335,0.8870369060213331,0.9054116865286785,0.6656779137313065,0.5,432,fast,683
0.751917191702728,0.003409736116346637,220.52064032109612,85.61701059702872,61.545010848142844,0.7684183292513506,0.8015014250725861,0.7010833514820214,0.9513001177447636,0.8870369060213331,0.9054116865286785,0.6656779137313065,0.5,433,fast,683
0.7518580090555812,0.0031940398228911884,235.3940622991396,82.85592763507479,61.176971882495046,0.7637219802793994,0.7974759830966281,0.7035839572275809,0.9206214181674977,0.8870369060213331,0.9054116865286785,0.6656779137313065,0.5,434,fast,683
0.7486029595183202,0.0035277359773995274,212.2049281222438,88.3689405002684,61.25987165578434,0.773265803024097,0.8056564025920832,0.6995911951936156,0.9818771166696488,0.8870369060213331,0.9054116865286785,0.6656779137313065,0.5,435,fast,683
0.7495075270653112,0.0034930068163534942,214.5737373188855,85.77439529933369,60.88640259121397,0.7685331612781084,0.8015998525240929,0.7000236247280696,0.9530488366592632,0.8870369060213331,0.9054116865286785,0.6656779137313065,0.5,436,fast,683
0.7478363477233689,0.003417852797689677,218.80297133594357,89.58339947971312,61.45368458808298,0.7757130989176079,0.807754084786521,0.7007809818941829,0.9953711053301458,0.8870369060213331,0.9054116865286785,0.6656779137313065,0.5,437,fast,683
0.7502296802486303,0.004172940484400734,179.78441893746995,87.35530145958367,61.42982654701717,0.7702875221665614,0.8031035904284812,0.6929841660560099,0.9706144606620408,0.8870369060213331,0.9054116865286785,0.6656779137313065,0.5,438,fast,683
0.7556253430597912,0.0032202659959468137,234.64687203195598,84.6122986147274,61.091031142321924,0.766954377464062,0.8002466092549103,0.7034631072283057,0.9401366512747488,0.8870369060213331,0.9054116865286785,0.6656779137313065,0.5,439,fast,683
0.7567237295196614,0.003114002552911117,243.00677878771816,87.50867458165679,62.05562208489886,0.7725389351401509,0.8050333729772722,0.7047884980967337,0.9723186064628533,0.8870369060213331,0.9054116865286785,0.6656779137313065,0.5,440,fast,683
0.748904480969279,0.003613316445173889,207.26235643422544,87.99150016107528,60.87316711655115,0.7724131555190237,0.8049255618734489,0.6986690917097653,0.9776833351230587,0.8870369060213331,0.9054116865286785,0.6656779137313065,0.5,441,fast,683
0.7454811341807113,0.003868796832996423,192.6906907653066,84.43728372562605,60.95773401195247,0.7653499720814594,0.798871404641251,0.695781284811593,0.938192041395845,0.8870369060213331,0.9054116865286785,0.6656779137313065,0.5,442,fast,683
0.7596328761096671,0.003457436575890607,219.70985134094383,84.56641659253286,62.03136816731655,0.76644905851664,0.7998134787285486,0.700940993790379,0.9396268510281429,0.8870369060213331,0.9054116865286785,0.6656779137313065,0.5,443,fast,683
0.748761111612738,0.0035964612342735385,208.19385024289932,85.74396986486494,61.17198566733239,0.768280375807048,0.801383179263184,0.6988449722846926,0.9527107762762771,0.8870369060213331,0.9054116865286785,0.6656779137313065,0.5,444,fast,683
0.7504211217801596,0.0037985194133633585,197.55621601936403,81.70750740247256,60.42028520580761,0.760460486355154,0.7946804168758462,0.6967752184887998,0.9078611933608062,0.8870369060213331,0.9054116865286785,0.6656779137313065,0.5,445,fast,683
0.7451421769064227,0.003529599232643022,211.1124033615703,87.95287346946658,61.080722411304755,0.7724617271282815,0.8049671946813842,0.6993897068276315,0.9772541496607398,0.8870369060213331,0.9054116865286785,0.6656779137313065,0.5,446,fast,683
0.7521570650519057,0.002719265119875684,276.6030643920045,84.07850581020497,60.97860590874955,0.766987255239171,0.8002747902050037,0.7095914050403195,0.9342056201133886,0.8870369060213331,0.9054116865286785,0.6656779137313065,0.5,447,fast,683
0.7485305126276947,0.0028143788592296416,265.96650631201237,88.68136555649433,61.06145008305074,0.7752713904390888,0.807375477519219,0.7081533301699444,0.9853485061832703,0.8870369060213331,0.9054116865286785,0.6656779137313065,0.5,448,fast,683
0.7497815320449377,0.003067560409603397,244.4227437861204,86.72947097314699,61.164191914589935,0.7711324384634676,0.803827804397258,0.7050073359089652,0.9636607885905221,0.8870369060213331,0.9054116865286785,0.6656779137313065,0.5,449,fast,683
0.7519924353890092,0.003448119968524536,218.08766581598658,89.5095502921803,61.08584218809738,0.7755552081661136,0.8076187498566688,0.7006541839133604,0.9945505588020033,0.8870369060213331,0.9054116865286785,0.6656779137313065,0.5,450,fast,683
0.7467016532379381,0.0034145730565569746,218.68082506070664,88.56898284031824,60.50826355593756,0.7738309470339845,0.8061408117434153,0.7007593665857199,0.9840998093368694,0.8870369060213331,0.9054116865286785,0.6656779137313065,0.5,451,fast,683
0.7499468019798358,0.002964562591712065,252.97047330909407,88.35716258601224,61.183469735813055,0.7743613838271419,0.8065954718518359,0.7062955457258421,0.9817462509556916,0.8870369060213331,0.9054116865286785,0.6656779137313065,0.5,452,fast,683
0.7505274143563256,0.0034196110437492576,219.47742148283865,86.89407652184359,61.084826364316605,0.7707527179688253,0.8035023296875645,0.7009000624000385,0.9654897391315954,0.8870369060213331,0.9054116865286785,0.6656779137313065,0.5,453,fast,683
0.745539665764569,0.003418046050612216,218.11867210830388,88.13457479670437,60.56761450589087,0.7730098751005153,0.8054370358004418,0.7006596910250594,0.9792730532967152,0.8870369060213331,0.9054116865286785,0.6656779137313065,0.5,454,fast,683
0.7495309185442149,0.0030333607198925645,247.09587410057904,87.56458589731157,60.87153692114201,0.7727470878762565,0.8052117896082198,0.7054161776727588,0.972939843303462,0.8870369060213331,0.9054116865286785,0.6656779137313065,0.5,455,fast,683
0.7551352104761598,0.0035578909132918933,212.242373046081,84.1718849982419,61.56605164373218,0.7654946251328215,0.7989953929709899,0.6995980778684788,0.9352431666471321,0.8870369060213331,0.9054116865286785,0.6656779137313065,0.5,456,fast,683
0.7480091377924237,0.0034611092506201084,216.1183261286557,87.51154501266124,61.011226181765764,0.7717965641219378,0.8043970549616609,0.7003023783096285,0.9723505001406805,0.8870369060213331,0.9054116865286785,0.6656779137313065,0.5,457,fast,683
0.7580396356025842,0.0033258900552725662,227.92083412404344,82.5160431144776,61.92053846302387,0.762887417679508,0.7967606437252925,0.7023530763015345,0.9168449234941956,0.8870369060213331,0.9054116865286785,0.6656779137313065,0.5,458,fast,683
0.7503915457798508,0.0035801793206707913,209.5960784554377,85.89115987634776,61.68694881160115,0.7685967678760095,0.801654372465151,0.6991078801264302,0.9543462208483084,0.8870369060213331,0.9054116865286785,0.6656779137313065,0.5,459,fast,683
0.7488446828036992,0.003138719049045547,238.58289674936512,85.7028050823266,60.973565465119314,0.7690790443959329,0.8020677523393711,0.7040943702906509,0.952253389803629,0.8870369060213331,0.9054116865286785,0.6656779137313065,0.5,460,fast,683
0.7498320266454762,0.0037885503311238236,197.9205662085129,88.03447194308096,60.659185333469146,0.7721892855340412,0.8047336733148924,0.6968484075553626,0.9781607993675662,0.8870369060213331,0.9054116865286785,0.6656779137313065,0.5,461,fast,683
0.7526255285442927,0.0035421949162957743,212.47434043842668,87.37457542332568,60.96583618023308,0.7714326339136187,0.8040851147831017,0.6996406813856639,0.9708286158147298,0.8870369060213331,0.9054116865286785,0.6656779137313065,0.5,462,fast,683
0.7502326014471885,0.0028148817884777492,266.5236616749382,86.60456917880266,60.887446823943215,0.7714383209672805,0.8040899894005261,0.70823042864678,0.9622729908755852,0.8870369060213331,0.9054116865286785,0.6656779137313065,0.5,463,fast,683
0.7526754913635081,0.0035247987609221907,213.53715273282327,89.22023507544817,61.583851603963666,0.7748829311897985,0.8070425124483986,0.6998351355747154,0.9913359452827575,0.8870369060213331,0.9054116865286785,0.6656779137313065,0.5,464,fast,683
0.7522671493748091,0.0025340748660005073,296.86066480036607,88.19668172120963,61.58895561546732,0.7750396845038026,0.8071768724318308,0.7121484705058353,0.9799631302356625,0.8870369060213331,0.9054116865286785,0.6656779137313065,0.5,465,fast,683
0.7457351061701921,0.0033710754198349522,221.2157882266257,83.73763026497305,61.035005394223276,0.7649582506248547,0.7985356433927325,0.7012048834125542,0.9304181140552561,0.8870369060213331,0.9054116865286785,0.6656779137313065,0.5,466,fast,683
0.7534650696619892,0.0027355389820584494,275.4356909566022,87.44979583749554,61.15910798467598,0.7732046464227387,0.8056039826480618,0.7094369740607194,0.9716643981943949,0.8870369060213331,0.9054116865286785,0.6656779137313065,0.5,467,fast,683
0.7504478918445303,0.0027362115421511253,274.2653045219418,87.72834555745227,60.77033032588908,0.773694537294276,0.8060238891093794,0.7092813224015346,0.9747593950828031,0.8870369060213331,0.9054116865286785,0.6656779137313065,0.5,468,fast,683
0.7524812670237206,0.0037911136168694874,198.48554885703535,81.73381773016885,61.42101661889616,0.7605402668557563,0.7947488001620767,0.6969615645180101,0.9081535303352095,0.8870369060213331,0.9054116865286785,0.6656779137313065,0.5,469,fast,683
0.7524692211525329,0.003937232261809748,191.11628959543793,83.61185585611759,61.48356306111131,0.7637666687064693,0.7975142874626879,0.6954528853339689,0.9290206206235287,0.8870369060213331,0.9054116865286785,0.6656779137313065,0.5,470,fast,683
0.755229315439829,0.0033556651929513193,225.06098553163528,83.90253938890056,61.67488891733309,0.7653742562789868,0.798892219667703,0.7018685937381517,0.9322504376544507,0.8870369060213331,0.9054116865286785,0.6656779137313065,0.5,471,fast,683
0.7546186789287174,0.0029471758107257715,256.0480702177333,88.19133184538201,61.77387448195777,0.7741293825615149,0.8063966136241556,0.70674610191686,0.9799036871709113,0.8870369060213331,0.9054116865286785,0.6656779137313065,0.5,472,fast,683
0.7508196945396532,0.003707525137021011,202.51236789804622,89.6579440114233,61.5020316803323,0.7753470673404236,0.8074403434346488,0.6977565198565201,0.9961993779047033,0.8870369060213331,0.9054116865286785,0.6656779137313065,0.5,473,fast,683
0.7564058509532208,0.0035698054447656905,211.88993704469758,86.23058891136832,61.43498608080479,0.7692962329621772,0.8022539139675804,0.6995332369209861,0.958117654570759,0.8870369060213331,0.9054116865286785,0.6656779137313065,0.5,474,fast,683
0.7491720689777341,0.003902795224817902,191.95782146440678,88.80388426569198,60.96990704736005,0.7734108618043299,0.8057807386894257,0.6956288393703068,0.9867098251743553,0.8870369060213331,0.9054116865286785,0.6656779137313065,0.5,475,fast,683
0.7477117129182995,0.0035320951114659505,211.69070744756118,86.45076905999782,60.23330173431295,0.7696978549702124,0.8025981614030392,0.6994965228733141,0.9605641006666426,0.8870369060213331,0.9054116865286785,0.6656779137313065,0.5,476,fast,683
0.7465545657678873,0.003489951413465201,213.915461082774,82.82631188214302,60.55059371608934,0.7630538198741484,0.7969032741778416,0.6999040587175397,0.9202923542460335,0.8870369060213331,0.9054116865286785,0.6656779137313065,0.5,477,fast,683
0.7570085520788338,0.0031389700774318357,241.16462833509524,82.77380189922121,62.11236433595315,0.7637228015587753,0.7974766870503788,0.7045013930799868,0.9197089099913468,0.8870369060213331,0.9054116865286785,0.6656779137313065,0.5,478,fast,683
0.7446866836088484,0.0034996430673843036,212.78932430256114,85.00157854261666,60.9007186505483,0.7670478214301412,0.8003267040829781,0.6996984384926779,0.9444619838068518,0.8870369060213331,0.9054116865286785,0.6656779137313065,0.5,479,fast,683
0.7511463700539427,0.0030992000384370885,242.36782419270432,87.29222515456148,61.26789285882332,0.7721215572503639,0.8046756205003119,0.7046892243924043,0.9699136128284609,0.8870369060213331,0.9054116865286785,0.6656779137313065,0.5,480,fast,683
0.752199235823146,0.0024614301018921654,305.59439215637724,84.3322801863903,61.08807887484588,0.768056088321256,0.8011909328467909,0.7131846882418813,0.9370253354043367,0.8870369060213331,0.9054116865286785,0.6656779137313065,0.5,481,fast,683
0.7489965790852632,0.003149213469758248,237.83607757233443,89.67265975514884,61.23632439515361,0.7764108323191822,0.8083521419878704,0.7039756014654547,0.9963628861683205,0.8870369060213331,0.9054116865286785,0.6656779137313065,0.5,482,fast,683
0.7454366806625172,0.002820366675261807,264.30488177333194,85.10567303034823,60.74445791665478,0.7686112148397272,0.8016667555769089,0.7079221935309535,0.9456185892260914,0.8870369060213331,0.9054116865286785,0.6656779137313065,0.5,483,fast,683
0.7537208456479692,0.003098867218794991,243.22463417488956,85.02354135766792,61.543000866639865,0.7679424654642212,0.8010935418264753,0.7048222714188106,0.9447060150851991,0.8870369060213331,0.9054116865286785,0.6656779137313065,0.5,484,fast,683
0.7497837348416719,0.003564164114081804,210.367343041057,82.08035880902425,61.29854749924565,0.7615636733937771,0.7956260057660947,0.6992515473144088,0.9120039867669361,0.8870369060213331,0.9054116865286785,0.6656779137313065,0.5,485,fast,683
0.7579755580293239,0.00346357868269975,218.84173205457714,87.38589267805125,61.91623957338105,0.7716447845491851,0.8042669581850158,0.7007878379243346,0.9709543630894584,0.8870369060213331,0.9054116865286785,0.6656779137313065,0.5,486,fast,683
0.7444969316843408,0.0033286181682194793,223.66546538516968,89.10931468124373,60.58772429464342,0.774976562280623,0.8071227676691054,0.7016293709441557,0.9901034964582637,0.8870369060213331,0.9054116865286785,0.6656779137313065,0.5,487,fast,683
0.753593964901897,0.003709208806773478,203.1683855397249,86.50074898116729,61.448495994951124,0.7695216809401956,0.8024471550915963,0.697884146235775,0.961119433124081,0.8870369060213331,0.9054116865286785,0.6656779137313065,0.5,488,fast,683
0.7471627717248872,0.0028486622869709145,262.2854857672063,87.26764437532631,60.72324433496446,0.7725676389894897,0.8050579762767054,0.7076388345964387,0.9696404930591812,0.8870369060213331,0.9054116865286785,0.6656779137313065,0.5,489,fast,683
0.7487911408364492,0.0034091422876686337,219.6420910752057,85.48132012376276,60.84215549622959,0.7681413364624677,0.8012640026821153,0.7009290666739029,0.9497924458195862,0.8870369060213331,0.9054116865286785,0.6656779137313065,0.5,490,fast,683
0.7516388630611829,0.0036334068243382583,206.86889726367943,87.00418244502646,60.89485350818155,0.7705723577682851,0.8033477352299586,0.6985945020503206,0.9667131382780718,0.8870369060213331,0.9054116865286785,0.6656779137313065,0.5,491,fast,683
0.756481128457699,0.0032583910077748765,232.1640118244411,86.47908419538345,61.73193581895645,0.7703438771939682,0.8031518947376871,0.703058043600453,0.9608787132820383,0.8870369060213331,0.9054116865286785,0.6656779137313065,0.5,492,fast,683
0.7564066505760307,0.003079574987169341,245.62046832030498,89.4584664374475,61.425277696732586,0.7762167794475202,0.8081858109550174,0.7051912099877206,0.9939829604160834,0.8870369060213331,0.9054116865286785,0.6656779137313065,0.5,493,fast,683
0.7497670782208626,0.004138753238809864,181.15771464463174,83.51137045938061,60.72399235909598,0.763220710715154,0.797046323470132,0.6932936417942657,0.9279041162153402,0.8870369060213331,0.9054116865286785,0.6656779137313065,0.5,494,fast,683
0.7532410268048079,0.0031324785251359314,240.46167300448502,87.03641632693035,61.700158217457,0.7715981516164979,0.8042269870998553,0.7043911108962208,0.9670712925214483,0.8870369060213331,0.9054116865286785,0.6656779137313065,0.5,495,fast,683
0.7509453748118038,0.0030480816979628336,246.3665509076392,82.5623507712516,61.23113546597237,0.7634651902471646,0.7972558773547125,0.7053051821877633,0.9173594530139066,0.8870369060213331,0.9054116865286785,0.6656779137313065,0.5,496,fast,683
0.7546520692908816,0.0032765821879729793,230.31684419847824,85.9470544529782,61.8227413486107,0.7693078218451075,0.8022638472958065,0.7027531530895694,0.9549672716997577,0.8870369060213331,0.9054116865286785,0.6656779137313065,0.5,497,fast,683
0.7495928317885009,0.0033691878058119303,222.48472777190847,86.43201273467525,61.19782242959162,0.7699846173340457,0.8028439577148963,0.7014255006710091,0.9603556970519472,0.8870369060213331,0.9054116865286785,0.6656779137313065,0.5,498,fast,683
0.7467224358711149,0.0033333305695242496,224.0169165033311,86.32486818270067,60.81894244916185,0.7698302502681093,0.8027116430869509,0.7016897932973303,0.9591652020300074,0.8870369060213331,0.9054116865286785,0.6656779137313065,0.5,499,fast,683
0.7500929885022465,0.003021387915192095,248.26106728323126,87.35763998861827,61.225870409021624,0.7723932685115448,0.8049085158670384,0.7055926604699697,0.9706404443179808,0.8870369060213331,0.9054116865286785,0.6656779137313065,0.5,500,fast,683
