Cohort,PC1,PC2,PC3
Finland,1,0,0
Malaysia,0.20985,0.10517,0.08316
USA,0.12061,0.06982,0.0556
