"","finland","malaysia","usa"
"finland",0,20.9352352930655,17.9742440334383
"malaysia",20.9352352930655,0,24.1291584758033
"usa",17.9742440334383,24.1291584758033,0
