"","Df","SumOfSqs","R2","F","Pr(>F)"
"Model",3,99692.0932218941,0.688644761327078,499.858992973016,0.001
"Residual",678,45073.5375073353,0.311355238672922,NA,NA
"Total",681,144765.630729229,1,NA,NA
