term,Df,Sum Sq,Mean Sq,F,N.Perm,Pr(>F)
Groups,3,39.9802832729289,13.3267610909763,1.58776914758779,9999,0.196
Residuals,678,5690.71645799966,8.39338710619419,,,
