term,Df,Sum Sq,Mean Sq,F,N.Perm,Pr(>F)
Groups,3,0.267804819978202,0.0892682733260673,6.98340966188436,9999,3e-04
Residuals,678,8.66681066204876,0.0127829065811929,,,
