replicate,DSAS,PRS,MBPI_v2_score,final_class,DSAS_pooled_auroc,DSAS_loco_auroc,DSAS_pd_main_fdr,DSAS_fixed_effect_fdr,DSAS_effect_size,pd_main_count,pd_main_n,pd_main_proportion,median_abs_pd_effect_sig,mean_abs_pd_effect_top20,fixed_effect_count,fixed_effect_n,fixed_effect_proportion,median_abs_fixed_effect_sig,S_CDDR,S_angle,S_BPG,S_LOCO,S_feature,S_heterogeneity,R2_cohort,R2_disease,CDDR,angle_degrees,bootstrap_mode
1,0.8673304052886185,0.9999999887571597,0.8673303955373612,non-portable,0.8731503843158879,0.30755213130674525,1.0,1.0,1.0,22,62,0.3548387096774194,0.26243558119180066,0.3238215776155957,19,62,0.3064516129032258,0.09575261980907142,0.7019820391083246,0.907417929420373,0.8870369060213331,0.9054116865286785,0.6656779137313065,0.6451612903225806,0.7451799409685592,0.0033012501524167163,225.7265904018337,81.66761364783358,fast_genus_and_geometry
2,0.8599277694237353,0.9999999864619589,0.8599277577819978,non-portable,0.8731503843158879,0.30755213130674525,1.0,0.9677419354838709,0.948721476250725,23,62,0.3709677419354839,0.23718036906268125,0.30293453321855984,12,62,0.1935483870967742,0.19080420937763953,0.708562235805234,0.991331246664534,0.8870369060213331,0.9054116865286785,0.6656779137313065,0.6290322580645161,0.7528464419157064,0.002799328992967187,268.93817904472763,89.21981219980806,fast_genus_and_geometry
3,0.8552540869214311,0.9999999546895526,0.8552540481694858,non-portable,0.8731503843158879,0.30755213130674525,1.0,1.0,0.7584736326562547,28,62,0.45161290322580644,0.18961840816406367,0.3335432853256647,13,62,0.20967741935483872,0.138179435590661,0.6993548567896932,0.9285225168121619,0.8870369060213331,0.9054116865286785,0.6656779137313065,0.5967741935483871,0.7516802278484059,0.0035637465630417014,210.92415371053704,83.56702651309458,fast_genus_and_geometry
4,0.8624916956111991,0.9999997197415337,0.8624914538905992,non-portable,0.8731503843158879,0.30755213130674525,1.0,0.9677419354838709,1.0,20,62,0.3225806451612903,0.2663124777478919,0.3240332040935868,12,62,0.1935483870967742,0.1045002114982705,0.7016546278631866,0.9666521504583154,0.8870369060213331,0.9054116865286785,0.6656779137313065,0.532258064516129,0.7480713435128027,0.0033424051177197802,223.81229000245904,86.99869354124839,fast_genus_and_geometry
5,0.8673304052886185,0.9999999964239392,0.8673304021869922,non-portable,0.8731503843158879,0.30755213130674525,1.0,1.0,1.0,23,62,0.3709677419354839,0.27897745559853715,0.3261608180921535,14,62,0.22580645161290322,0.1363191986773351,0.7014925032259443,0.9529765218048944,0.8870369060213331,0.9054116865286785,0.6656779137313065,0.6774193548387096,0.7501895277903697,0.003366011918563125,222.87191665994126,85.7678869624405,fast_genus_and_geometry
6,0.8624916956111991,0.999999996449918,0.8624916925492828,non-portable,0.8731503843158879,0.30755213130674525,1.0,0.9677419354838709,1.0,18,62,0.2903225806451613,0.346281799240601,0.34245844291883915,12,62,0.1935483870967742,0.15600890901141218,0.6993653770519159,0.9549868226181426,0.8870369060213331,0.9054116865286785,0.6656779137313065,0.6774193548387096,0.7563995160334547,0.0035851553624237265,210.98095886201554,85.94881403563284,fast_genus_and_geometry
7,0.826201373030554,0.9999993975504992,0.8262008752859492,non-portable,0.8731503843158879,0.30755213130674525,1.0,0.7258064516129032,1.0,19,62,0.3064516129032258,0.2506138950904784,0.29432660233601454,9,62,0.14516129032258066,0.09934470705161098,0.7088996613210478,0.8907813972898982,0.8870369060213331,0.9054116865286785,0.6656779137313065,0.5161290322580645,0.7531251602760349,0.0027747423713992128,271.4216527050972,80.17032575609085,fast_genus_and_geometry
8,0.8020078246434572,0.9999999736670064,0.8020078035241903,non-portable,0.8731503843158879,0.30755213130674525,1.0,0.564516129032258,1.0,23,62,0.3709677419354839,0.2529679986699883,0.33468216318475114,7,62,0.11290322580645161,0.12061226843377172,0.699551334858664,0.9430248000164597,0.8870369060213331,0.9054116865286785,0.6656779137313065,0.6129032258064516,0.7531402760881222,0.003552745674649076,211.98823249922438,84.87223200148138,fast_genus_and_geometry
9,0.8673304052886185,0.999999993465541,0.8673303996210835,non-portable,0.8731503843158879,0.30755213130674525,1.0,1.0,1.0,18,62,0.2903225806451613,0.3071722219234946,0.3278984588562821,13,62,0.20967741935483872,0.10702083276205233,0.6998967450501534,0.9219000759398759,0.8870369060213331,0.9054116865286785,0.6656779137313065,0.6612903225806451,0.7479468161330627,0.003497116751312744,213.87527764187433,82.97100683458883,fast_genus_and_geometry
10,0.8582137438033483,0.9999999811515942,0.8582137276273873,non-portable,0.8731503843158879,0.30755213130674525,1.0,1.0,0.817666770294597,23,62,0.3709677419354839,0.20441669257364925,0.32439321173871716,16,62,0.25806451612903225,0.13062863466412647,0.7011166423464325,0.9000893203914752,0.8870369060213331,0.9054116865286785,0.6656779137313065,0.6290322580645161,0.7513154895160681,0.00340407235496099,220.7107873077739,81.00803883523277,fast_genus_and_geometry
11,0.8141045988370056,0.9999995494596918,0.8141042320500688,non-portable,0.8731503843158879,0.30755213130674525,1.0,0.6451612903225806,1.0,20,62,0.3225806451612903,0.2675834598676974,0.31108739836223764,8,62,0.12903225806451613,0.09788223017681258,0.7060935148682077,0.9708930533541884,0.8870369060213331,0.9054116865286785,0.6656779137313065,0.5161290322580645,0.7502198766148448,0.002981730945315881,251.60549035901275,87.38037480187695,fast_genus_and_geometry
12,0.8617811528729715,0.9999999782837146,0.861781134158286,non-portable,0.8731503843158879,0.30755213130674525,1.0,1.0,0.8890149516870611,22,62,0.3548387096774194,0.22225373792176528,0.3089694503819368,49,62,0.7903225806451613,0.05684906974452138,0.7053174432650695,0.8610382372877516,0.8870369060213331,0.9054116865286785,0.6656779137313065,0.6290322580645161,0.7550387523384737,0.003063696472877332,246.44698292496446,77.49344135589764,fast_genus_and_geometry
13,0.8444869281031877,0.9999997893477202,0.844486750210091,non-portable,0.8731503843158879,0.30755213130674525,1.0,0.8870967741935484,0.8818401337107415,24,62,0.3870967741935484,0.2204600334276854,0.31393403917796553,11,62,0.1774193548387097,0.13890668300256162,0.7038979690927504,0.9102365936721811,0.8870369060213331,0.9054116865286785,0.6656779137313065,0.5483870967741935,0.7488563245614906,0.0031550785063970224,237.3495058976062,81.9212934304963,fast_genus_and_geometry
14,0.8624916956111991,0.9999999568094414,0.862491658359701,non-portable,0.8731503843158879,0.30755213130674525,1.0,0.9677419354838709,1.0,20,62,0.3225806451612903,0.2967212942419918,0.31953056325293305,12,62,0.1935483870967742,0.15765748936767232,0.7026201707955483,0.9417337425771579,0.8870369060213331,0.9054116865286785,0.6656779137313065,0.5967741935483871,0.751641278013538,0.0032748836151299974,229.5169436070788,84.75603683194421,fast_genus_and_geometry
15,0.8673304052886185,0.9999999945833722,0.8673304005906125,non-portable,0.8731503843158879,0.30755213130674525,1.0,1.0,1.0,24,62,0.3870967741935484,0.3430471769430262,0.3755006426089028,15,62,0.24193548387096775,0.1408682980902467,0.6926274506723579,0.9736292213360235,0.8870369060213331,0.9054116865286785,0.6656779137313065,0.6612903225806451,0.7509737765400045,0.004213799578242406,178.21772549828745,87.62662992024211,fast_genus_and_geometry
16,0.8613294573649319,0.9999978923224576,0.8613276419601781,non-portable,0.8731503843158879,0.30755213130674525,1.0,1.0,0.879981041526269,27,62,0.43548387096774194,0.21999526038156725,0.32110392736868476,16,62,0.25806451612903225,0.11146478859861167,0.7015095020412003,0.950890870110686,0.8870369060213331,0.9054116865286785,0.6656779137313065,0.46774193548387094,0.7497715225776047,0.0033626522544065803,222.97028234039612,85.58017830996174,fast_genus_and_geometry
17,0.865305967068763,0.9999998839191598,0.8653058666233193,non-portable,0.8731503843158879,0.30755213130674525,1.0,1.0,0.9595112356028903,20,62,0.3225806451612903,0.23987780890072258,0.30851354390356195,13,62,0.20967741935483872,0.14673973495452244,0.7052954919201285,0.9394090269169857,0.8870369060213331,0.9054116865286785,0.6656779137313065,0.5645161290322581,0.7519761222737149,0.0030530529569011687,246.3030064951662,84.54681242252872,fast_genus_and_geometry
18,0.8583350840196499,0.9999999897916668,0.8583350752574793,non-portable,0.8731503843158879,0.30755213130674525,1.0,1.0,0.8200935746206275,26,62,0.41935483870967744,0.20502339365515687,0.3075722206391146,13,62,0.20967741935483872,0.2111691468374629,0.7064227161399003,0.9340322026656042,0.8870369060213331,0.9054116865286785,0.6656779137313065,0.6451612903225806,0.7523714117129551,0.0029640243261131673,253.8344254075563,84.06289823990437,fast_genus_and_geometry
19,0.8673304052886185,0.9999999882433189,0.8673303950916915,non-portable,0.8731503843158879,0.30755213130674525,1.0,1.0,1.0,24,62,0.3870967741935484,0.2546214218628388,0.3244178046993898,23,62,0.3709677419354839,0.08031855256452712,0.7036780819183551,0.8950960411152163,0.8870369060213331,0.9054116865286785,0.6656779137313065,0.6451612903225806,0.7517582352748441,0.0031857121400658867,235.97808032313185,80.55864370036947,fast_genus_and_geometry
20,0.8020078246434572,0.9999999647674332,0.802007796386663,non-portable,0.8731503843158879,0.30755213130674525,1.0,0.564516129032258,1.0,22,62,0.3548387096774194,0.29293142220931023,0.33335474970029205,7,62,0.11290322580645161,0.13371783803435072,0.7017799680426356,0.9978840214305641,0.8870369060213331,0.9054116865286785,0.6656779137313065,0.5967741935483871,0.7514111092126894,0.0033464061195222425,224.54271310021582,89.80956192875077,fast_genus_and_geometry
21,0.8624916956111991,0.9999999967743196,0.8624916928290766,non-portable,0.8731503843158879,0.30755213130674525,1.0,0.9677419354838709,1.0,21,62,0.3387096774193548,0.2908582827244087,0.31553482917529985,12,62,0.1935483870967742,0.1740227852542791,0.7043095593419638,0.9814080097743052,0.8870369060213331,0.9054116865286785,0.6656779137313065,0.6774193548387096,0.7489321528870844,0.0031212854422373484,239.94349980059727,88.32672087968747,fast_genus_and_geometry
22,0.8584062515938389,0.9999999835822535,0.8584062375007426,non-portable,0.8731503843158879,0.30755213130674525,1.0,0.9677419354838709,0.9182911196527968,22,62,0.3548387096774194,0.2295727799131992,0.31877977317166495,12,62,0.1935483870967742,0.16723579326651947,0.7035287321873508,0.938156466767743,0.8870369060213331,0.9054116865286785,0.6656779137313065,0.6290322580645161,0.7532662879893254,0.0032046759532566374,235.05224833226757,84.43408200909687,fast_genus_and_geometry
23,0.7623246564799613,0.9999992442031488,0.7623240803173863,non-portable,0.8731503843158879,0.30755213130674525,1.0,0.3225806451612903,0.932143088342988,22,62,0.3548387096774194,0.233035772085747,0.3209852409004311,4,62,0.06451612903225806,0.10610054879603767,0.7035542664554615,0.9633911422838068,0.8870369060213331,0.9054116865286785,0.6656779137313065,0.5,0.7520204410523297,0.003197226965367977,235.21021472611585,86.70520280554261,fast_genus_and_geometry
24,0.8673304052886185,0.9999999822841322,0.8673303899231077,non-portable,0.8731503843158879,0.30755213130674525,1.0,1.0,1.0,20,62,0.3225806451612903,0.25321034518553054,0.34188951139714874,14,62,0.22580645161290322,0.12613266618500749,0.6982717035741621,0.9171749095175856,0.8870369060213331,0.9054116865286785,0.6656779137313065,0.6290322580645161,0.7512877487342076,0.0036616582844838127,205.17691449193143,82.54574185658271,fast_genus_and_geometry
25,0.8624916956111991,0.9999999903411806,0.8624916872805476,non-portable,0.8731503843158879,0.30755213130674525,1.0,0.9677419354838709,1.0,22,62,0.3548387096774194,0.2653337640132373,0.342296118470239,12,62,0.1935483870967742,0.13536046836914695,0.6976969697762637,0.9492884907245476,0.8870369060213331,0.9054116865286785,0.6656779137313065,0.6451612903225806,0.7476736048140017,0.00369756205047155,202.20718262690167,85.43596416520928,fast_genus_and_geometry
26,0.8609111630044411,0.9999999571281263,0.8609111260955665,non-portable,0.8731503843158879,0.30755213130674525,1.0,1.0,0.8716151543164543,28,62,0.45161290322580644,0.21790378857911358,0.34575467621930184,19,62,0.3064516129032258,0.07989750826558319,0.6969939571230718,0.9437756920120266,0.8870369060213331,0.9054116865286785,0.6656779137313065,0.5967741935483871,0.7480096895123293,0.0037655097826878904,198.64765534572217,84.9398122810824,fast_genus_and_geometry
27,0.8618475388299087,0.9999999398241134,0.8618474869674689,non-portable,0.8731503843158879,0.30755213130674525,1.0,0.9677419354838709,0.9871168643741939,19,62,0.3064516129032258,0.24677921609354847,0.31435315291413624,12,62,0.1935483870967742,0.1485865010802382,0.7029540728170899,0.985425936322073,0.8870369060213331,0.9054116865286785,0.6656779137313065,0.5806451612903226,0.7505011483097366,0.003241457115506773,231.5320306782471,88.68833426898657,fast_genus_and_geometry
28,0.8673304052886185,0.9999998254820344,0.8673302539238806,non-portable,0.8731503843158879,0.30755213130674525,1.0,1.0,1.0,21,62,0.3387096774193548,0.3071092114042777,0.3524583333786471,15,62,0.24193548387096775,0.08985723942458741,0.6951452896334133,0.9621215339754989,0.8870369060213331,0.9054116865286785,0.6656779137313065,0.5483870967741935,0.7573191464653841,0.003993114106963378,189.65627482188293,86.5909380577949,fast_genus_and_geometry
29,0.8618026723571274,0.9999999977341751,0.8618026704044335,non-portable,0.8731503843158879,0.30755213130674525,1.0,1.0,0.8894453413701782,28,62,0.45161290322580644,0.22236133534254454,0.33156486519771644,34,62,0.5483870967741935,0.05433562901109903,0.7004312358284298,0.9436589630466511,0.8870369060213331,0.9054116865286785,0.6656779137313065,0.6935483870967742,0.7513969926451319,0.003465261148271483,216.8370464719343,84.9293066741986,fast_genus_and_geometry
30,0.8593697782359507,0.9999995626042458,0.8593694023512585,non-portable,0.8731503843158879,0.30755213130674525,1.0,1.0,0.8407874589466466,25,62,0.4032258064516129,0.21019686473666166,0.31142206378812787,13,62,0.20967741935483872,0.08574879916471526,0.7047256850445722,0.9790568327946391,0.8870369060213331,0.9054116865286785,0.6656779137313065,0.5161290322580645,0.7464937476090242,0.0030770272918671845,242.6022510694213,88.11511495151751,fast_genus_and_geometry
31,0.8313947221581868,0.9999997182416488,0.8313944879057806,non-portable,0.8731503843158879,0.30755213130674525,1.0,0.8064516129032258,0.8619314986816904,24,62,0.3870967741935484,0.2154828746704226,0.3183144999894489,10,62,0.16129032258064516,0.09174976077055902,0.7030292004785984,0.9651804988878515,0.8870369060213331,0.9054116865286785,0.6656779137313065,0.532258064516129,0.7446864130990896,0.0032100147052595697,231.98847403375754,86.86624489990663,fast_genus_and_geometry
32,0.8336744261067682,0.9999998925364144,0.8336743365171252,non-portable,0.8731503843158879,0.30755213130674525,1.0,0.8064516129032258,0.9075255776533182,20,62,0.3225806451612903,0.22688139441332955,0.29095353336025975,10,62,0.16129032258064516,0.1278401815530028,0.7094630998433735,0.9606764837551549,0.8870369060213331,0.9054116865286785,0.6656779137313065,0.5645161290322581,0.7468384635219933,0.00270954184012657,275.6327481132775,86.46088353796394,fast_genus_and_geometry
33,0.8624916956111991,0.9999998787359405,0.8624915910219548,non-portable,0.8731503843158879,0.30755213130674525,1.0,0.9677419354838709,1.0,19,62,0.3064516129032258,0.29364274939486834,0.312719003961088,12,62,0.1935483870967742,0.1200490288735524,0.7060020056925956,0.9273646598613393,0.8870369060213331,0.9054116865286785,0.6656779137313065,0.5645161290322581,0.7543980563732,0.0030056866216353366,250.99025658328495,83.46281938752054,fast_genus_and_geometry
34,0.8673304052886185,0.9999999648290624,0.8673303747837949,non-portable,0.8731503843158879,0.30755213130674525,1.0,1.0,1.0,22,62,0.3548387096774194,0.30122253969805524,0.32150252850687006,13,62,0.20967741935483872,0.1694553671060758,0.7038529790310941,0.9983667327993261,0.8870369060213331,0.9054116865286785,0.6656779137313065,0.5967741935483871,0.7546100341031964,0.003183094017147395,237.0680947650607,89.85300595193935,fast_genus_and_geometry
35,0.8673304052886185,0.9999999631644436,0.8673303733400204,non-portable,0.8731503843158879,0.30755213130674525,1.0,1.0,1.0,22,62,0.3548387096774194,0.26549260292151633,0.3156415296822578,15,62,0.24193548387096775,0.15231159698801536,0.7056475562854154,0.9856165698908582,0.8870369060213331,0.9054116865286785,0.6656779137313065,0.5967741935483871,0.7544744223825726,0.00303458906059454,248.62490680525787,88.70549129017724,fast_genus_and_geometry
36,0.8503949214176507,0.9999999799523427,0.8503949043692247,non-portable,0.8731503843158879,0.30755213130674525,1.0,0.8870967741935484,1.0,18,62,0.2903225806451613,0.2680895127735182,0.30842134756556805,11,62,0.1774193548387097,0.15140811198845747,0.7051661204942573,0.8830819359207956,0.8870369060213331,0.9054116865286785,0.6656779137313065,0.6290322580645161,0.7518371296689049,0.003063014423127367,245.45660771041096,79.47737423287161,fast_genus_and_geometry
37,0.857959556238531,0.9999998439207581,0.8579594223288539,non-portable,0.8731503843158879,0.30755213130674525,1.0,0.9677419354838709,0.9093572125466394,20,62,0.3225806451612903,0.22733930313665984,0.294648434794565,12,62,0.1935483870967742,0.11077453253793482,0.7092046386675666,0.992909277845269,0.8870369060213331,0.9054116865286785,0.6656779137313065,0.5483870967741935,0.755629768160113,0.002760886621826814,273.69098107336634,89.3618350060742,fast_genus_and_geometry
38,0.8673304052886185,0.9999999615988219,0.867330371982109,non-portable,0.8731503843158879,0.30755213130674525,1.0,1.0,1.0,22,62,0.3548387096774194,0.25469421658896585,0.32857835455179674,15,62,0.24193548387096775,0.14192518662735099,0.7014545253629376,0.9741399289376078,0.8870369060213331,0.9054116865286785,0.6656779137313065,0.5967741935483871,0.7466809882947217,0.0033535733594580574,222.6523496761635,87.6725936043847,fast_genus_and_geometry
39,0.8624916956111991,0.9999999895617041,0.8624916866082556,non-portable,0.8731503843158879,0.30755213130674525,1.0,0.9677419354838709,1.0,18,62,0.2903225806451613,0.2967299116858281,0.3053014314984848,12,62,0.1935483870967742,0.1042517949555968,0.7065492800037074,0.9278900411631319,0.8870369060213331,0.9054116865286785,0.6656779137313065,0.6451612903225806,0.7476157617035681,0.0029353037345623023,254.69792202443023,83.51010370468187,fast_genus_and_geometry
40,0.8221379913720742,0.9999995505403456,0.8221376218542168,non-portable,0.8731503843158879,0.30755213130674525,1.0,0.7258064516129032,0.9187323668304055,23,62,0.3709677419354839,0.22968309170760137,0.33025454511897234,9,62,0.14516129032258066,0.10587126390767393,0.7007780163824527,0.9715551778564181,0.8870369060213331,0.9054116865286785,0.6656779137313065,0.5161290322580645,0.7515458091352534,0.0034350693975299285,218.7862084171199,87.43996600707763,fast_genus_and_geometry
41,0.8597657456727331,0.9999999838932312,0.8597657318246851,non-portable,0.8731503843158879,0.30755213130674525,1.0,0.9677419354838709,0.9454810012306805,23,62,0.3709677419354839,0.23637025030767012,0.2908989025416387,12,62,0.1935483870967742,0.14181357209358425,0.7112721312064347,0.9434290885339839,0.8870369060213331,0.9054116865286785,0.6656779137313065,0.6290322580645161,0.7550377647486605,0.002606130795153111,289.7159905223797,84.90861796805855,fast_genus_and_geometry
42,0.8673304052886185,0.9999999613455764,0.8673303717624616,non-portable,0.8731503843158879,0.30755213130674525,1.0,1.0,1.0,25,62,0.4032258064516129,0.26746592747266074,0.33163982641101736,14,62,0.22580645161290322,0.12154593523220522,0.703151620830214,0.9723276113558939,0.8870369060213331,0.9054116865286785,0.6656779137313065,0.5967741935483871,0.7584772892940381,0.0032589785886551963,232.73466476102888,87.50948502203045,fast_genus_and_geometry
43,0.865479524266295,0.9999999724433054,0.8654795004165401,non-portable,0.8731503843158879,0.30755213130674525,1.0,1.0,0.9629823795535324,18,62,0.2903225806451613,0.2407455948883831,0.30488768711191233,13,62,0.20967741935483872,0.15202405299477528,0.7074226807912554,0.9305009023604142,0.8870369060213331,0.9054116865286785,0.6656779137313065,0.6129032258064516,0.7547692384757863,0.0028945201696379606,260.7579820631172,83.74508121243727,fast_genus_and_geometry
44,0.8673304052886185,0.9999999921373405,0.8673303984690948,non-portable,0.8731503843158879,0.30755213130674525,1.0,1.0,1.0,20,62,0.3225806451612903,0.2966968707828158,0.32519343339888096,13,62,0.20967741935483872,0.17781184184659587,0.701904301616499,0.8708824848305423,0.8870369060213331,0.9054116865286785,0.6656779137313065,0.6612903225806451,0.7464116436924114,0.0033134056883981308,225.27022462295128,78.3794236347488,fast_genus_and_geometry
45,0.8673304052886185,0.9999997227894457,0.8673301648554761,non-portable,0.8731503843158879,0.30755213130674525,1.0,1.0,1.0,19,62,0.3064516129032258,0.27660382283019547,0.3043122582345392,13,62,0.20967741935483872,0.1756392212067546,0.7060161949588672,0.9696671087250962,0.8870369060213331,0.9054116865286785,0.6656779137313065,0.532258064516129,0.7545316884583649,0.0030050783379418156,251.085530427518,87.27003978525866,fast_genus_and_geometry
46,0.8624916956111991,0.9999999016760913,0.8624916108076444,non-portable,0.8731503843158879,0.30755213130674525,1.0,0.9677419354838709,1.0,23,62,0.3709677419354839,0.2594969171200745,0.31270060273325073,12,62,0.1935483870967742,0.12229102407224561,0.7080369110395834,0.9851836386027584,0.8870369060213331,0.9054116865286785,0.6656779137313065,0.5645161290322581,0.7556011994829936,0.0028499492173184524,265.12795206714134,88.66652747424826,fast_genus_and_geometry
47,0.859236652008441,0.9999999258912965,0.8592365883315267,non-portable,0.8731503843158879,0.30755213130674525,1.0,0.9677419354838709,0.9348991279448384,19,62,0.3064516129032258,0.2337247819862096,0.3195243460187413,12,62,0.1935483870967742,0.18020701372184206,0.7017956647234577,0.9280045449771742,0.8870369060213331,0.9054116865286785,0.6656779137313065,0.5806451612903226,0.7536188723959972,0.0033548685543149004,224.63439630942386,83.52040904794568,fast_genus_and_geometry
48,0.8673304052886185,0.9999998645116029,0.8673302877754122,non-portable,0.8731503843158879,0.30755213130674525,1.0,1.0,1.0,20,62,0.3225806451612903,0.2580496796367663,0.3211033682223914,13,62,0.20967741935483872,0.17329563131988074,0.7017329910466372,0.8967832434248455,0.8870369060213331,0.9054116865286785,0.6656779137313065,0.5645161290322581,0.7447472969414881,0.0033207826868737874,224.26860387019164,80.7104919082361,fast_genus_and_geometry
49,0.8443571201055053,0.9999997034634336,0.8443568697227442,non-portable,0.8731503843158879,0.30755213130674525,1.0,0.8870967741935484,0.8792439737570934,23,62,0.3709677419354839,0.21981099343927335,0.30732351291775173,11,62,0.1774193548387097,0.12073087436797697,0.7042538324338005,0.9510855832566163,0.8870369060213331,0.9054116865286785,0.6656779137313065,0.532258064516129,0.7549574761876839,0.0031510363045757265,239.59021833273854,85.59770249309547,fast_genus_and_geometry
50,0.8503949214176507,0.9999992176990238,0.8503942561528736,non-portable,0.8731503843158879,0.30755213130674525,1.0,0.8870967741935484,1.0,21,62,0.3387096774193548,0.29806183809046327,0.33203476804233,11,62,0.1774193548387097,0.12248459283223678,0.6993152329610801,0.95388798275645,0.8870369060213331,0.9054116865286785,0.6656779137313065,0.5,0.7467592122666902,0.0035440078265906397,210.71037334166323,85.8499184480805,fast_genus_and_geometry
51,0.865751197101032,0.9999996789550734,0.8657509191560024,non-portable,0.8731503843158879,0.30755213130674525,1.0,1.0,0.9684158362482713,22,62,0.3548387096774194,0.24210395906206783,0.2920185021925236,15,62,0.24193548387096775,0.15170109669320406,0.7100022495083413,0.9291906593287635,0.8870369060213331,0.9054116865286785,0.6656779137313065,0.532258064516129,0.7522989739666189,0.0026892897108262617,279.73891058969673,83.62715933958872,fast_genus_and_geometry
52,0.8673304052886185,0.9999999915686147,0.8673303979758217,non-portable,0.8731503843158879,0.30755213130674525,1.0,1.0,1.0,20,62,0.3225806451612903,0.26638984998052256,0.35052501516170376,14,62,0.22580645161290322,0.15999715691979524,0.6940557350234275,0.9867614256601949,0.8870369060213331,0.9054116865286785,0.6656779137313065,0.6451612903225806,0.757611667714071,0.0041041552608130204,184.59624930563433,88.80852830941754,fast_genus_and_geometry
53,0.7661674911530619,0.9999998403833362,0.7661673688599631,non-portable,0.8731503843158879,0.30755213130674525,1.0,0.4032258064516129,0.7670642979340321,29,62,0.46774193548387094,0.19176607448350802,0.2756019128341416,5,62,0.08064516129032258,0.11817180093637028,0.7145628531876097,0.9867300909858947,0.8870369060213331,0.9054116865286785,0.6656779137313065,0.5483870967741935,0.7537957202002696,0.002372576460544214,317.7118768291946,88.80570818873052,fast_genus_and_geometry
54,0.8649337150722012,0.9999999423156023,0.8649336651790208,non-portable,0.8731503843158879,0.30755213130674525,1.0,1.0,0.9520661956716543,24,62,0.3870967741935484,0.23801654891791357,0.32676396805618124,39,62,0.6290322580645161,0.04856382178163118,0.7010367023397948,0.8619506393630068,0.8870369060213331,0.9054116865286785,0.6656779137313065,0.5967741935483871,0.7551177382233007,0.003428386704448807,220.25454049376367,77.57555754267061,fast_genus_and_geometry
55,0.8578200417198708,0.9999999772921936,0.8578200222406593,non-portable,0.8731503843158879,0.30755213130674525,1.0,1.0,0.8097927286250473,30,62,0.4838709677419355,0.2024481821562618,0.31920581206383825,13,62,0.20967741935483872,0.12410945391223084,0.7011899950477992,0.9838624754838221,0.8870369060213331,0.9054116865286785,0.6656779137313065,0.6129032258064516,0.7572552413374665,0.003424472455178127,221.1304810445839,88.547622793544,fast_genus_and_geometry
56,0.8673304052886185,0.9999999866769491,0.8673303937331314,non-portable,0.8731503843158879,0.30755213130674525,1.0,1.0,1.0,25,62,0.4032258064516129,0.25006578259498546,0.31092165660622745,13,62,0.20967741935483872,0.13101938116697004,0.7073840133424941,0.9957449117367687,0.8870369060213331,0.9054116865286785,0.6656779137313065,0.6290322580645161,0.7508747858285773,0.0028825928002137857,260.4859020576507,89.61704205630919,fast_genus_and_geometry
57,0.8020078246434572,0.9999998991894343,0.8020077437925948,non-portable,0.8731503843158879,0.30755213130674525,1.0,0.564516129032258,1.0,17,62,0.27419354838709675,0.32451813364061133,0.3112274283760452,7,62,0.11290322580645161,0.10468368980850022,0.7033957252528167,0.9782973177429842,0.8870369060213331,0.9054116865286785,0.6656779137313065,0.5645161290322581,0.7427317546391531,0.0031709295590273607,234.23155286583406,88.04675859686859,fast_genus_and_geometry
58,0.8673304052886185,0.9999980467605825,0.8673287111846828,non-portable,0.8731503843158879,0.30755213130674525,1.0,1.0,1.0,17,62,0.27419354838709675,0.29952003456359044,0.31179216674769794,13,62,0.20967741935483872,0.11718423796511016,0.7057192763485084,0.971872343463872,0.8870369060213331,0.9054116865286785,0.6656779137313065,0.46774193548387094,0.7497911460171798,0.003009985364068308,249.10125974956875,87.46851091174848,fast_genus_and_geometry
59,0.8568910782318809,0.9999999917650112,0.8568910711753925,non-portable,0.8731503843158879,0.30755213130674525,1.0,0.9677419354838709,0.8879876524136376,26,62,0.41935483870967744,0.2219969131034094,0.3182652031841332,12,62,0.1935483870967742,0.12484464419639046,0.7047060546050048,0.9932598453764256,0.8870369060213331,0.9054116865286785,0.6656779137313065,0.6451612903225806,0.7532686166251725,0.003106569787827502,242.47600024203902,89.39338608387831,fast_genus_and_geometry
60,0.8673304052886185,0.999999983303958,0.8673303908076336,non-portable,0.8731503843158879,0.30755213130674525,1.0,1.0,1.0,20,62,0.3225806451612903,0.26502009122520653,0.3247928507297957,17,62,0.27419354838709675,0.12794357831730377,0.6991202282130993,0.9335219663110018,0.8870369060213331,0.9054116865286785,0.6656779137313065,0.6290322580645161,0.750999594452161,0.0035819498814112444,209.66222848329647,84.01697696799016,fast_genus_and_geometry
61,0.8622295783297417,0.9999999553180794,0.8622295398036681,non-portable,0.8731503843158879,0.30755213130674525,1.0,0.9677419354838709,0.994757654370853,22,62,0.3548387096774194,0.24868941359271324,0.32629616189220495,12,62,0.1935483870967742,0.13886176606131884,0.7019011378840422,0.9323739320040834,0.8870369060213331,0.9054116865286785,0.6656779137313065,0.5967741935483871,0.7470742190529129,0.003316620022293699,225.25167611339853,83.9136538803675,fast_genus_and_geometry
62,0.8619870635030077,0.9999999837806655,0.8619870495221511,non-portable,0.8731503843158879,0.30755213130674525,1.0,1.0,0.8931331642877858,26,62,0.41935483870967744,0.22328329107194644,0.32682693889347025,14,62,0.22580645161290322,0.13286389585492725,0.701202640730599,0.9415088758576009,0.8870369060213331,0.9054116865286785,0.6656779137313065,0.6290322580645161,0.7510996851508995,0.003395523135685965,221.20293549381515,84.73579882718408,fast_genus_and_geometry
63,0.8503949214176507,0.9999999343701623,0.85039486560637,non-portable,0.8731503843158879,0.30755213130674525,1.0,0.8870967741935484,1.0,20,62,0.3225806451612903,0.26475762348404963,0.29739076186492913,11,62,0.1774193548387097,0.14733472309042023,0.7093862411638705,0.9615049906873978,0.8870369060213331,0.9054116865286785,0.6656779137313065,0.5806451612903226,0.7499663980552939,0.0027266197568252127,275.0535332908063,86.5354491618658,fast_genus_and_geometry
64,0.8188156140031497,0.9999999980382033,0.8188156123967999,non-portable,0.8731503843158879,0.30755213130674525,1.0,0.7258064516129032,0.852284819451917,27,62,0.43548387096774194,0.21307120486297926,0.32578375485437816,9,62,0.14516129032258066,0.12472335169359361,0.7007827061078065,0.9833839036135879,0.8870369060213331,0.9054116865286785,0.6656779137313065,0.6935483870967742,0.7490729130846079,0.0034233517984840183,218.81271840548902,88.5045513252229,fast_genus_and_geometry
65,0.8573301408509723,0.9999999852583792,0.8573301282125364,non-portable,0.8731503843158879,0.30755213130674525,1.0,0.9677419354838709,0.8967689047954641,28,62,0.45161290322580644,0.22419222619886603,0.3215007506002052,12,62,0.1935483870967742,0.12772240579980942,0.7029317673935755,0.9678479947911183,0.8870369060213331,0.9054116865286785,0.6656779137313065,0.6290322580645161,0.750655098503473,0.00324401775820727,231.39672913452387,87.10631953120064,fast_genus_and_geometry
66,0.8320008300731666,0.999999990532135,0.832000822195895,non-portable,0.8731503843158879,0.30755213130674525,1.0,0.8064516129032258,0.874053656981286,26,62,0.41935483870967744,0.2185134142453215,0.3223332259537574,10,62,0.16129032258064516,0.1142049017967954,0.7014941411803156,0.9547940304220784,0.8870369060213331,0.9054116865286785,0.6656779137313065,0.6451612903225806,0.7539856297976473,0.003382900749611689,222.88139251031666,85.93146273798706,fast_genus_and_geometry
67,0.8409331488296742,0.9999999002418143,0.840933064939709,non-portable,0.8731503843158879,0.30755213130674525,1.0,0.8870967741935484,0.8107645482404706,21,62,0.3387096774193548,0.20269113706011765,0.2950714730562388,11,62,0.1774193548387097,0.11744532497441064,0.7077687524933609,0.9811907180653462,0.8870369060213331,0.9054116865286785,0.6656779137313065,0.5645161290322581,0.7566364092529951,0.002874660509684513,263.20896213794447,88.30716462588116,fast_genus_and_geometry
68,0.8609573747610838,0.9999999528031696,0.8609573341266246,non-portable,0.8731503843158879,0.30755213130674525,1.0,1.0,0.8725393894493063,23,62,0.3709677419354839,0.21813484736232658,0.30524932063329124,44,62,0.7096774193548387,0.046622224188663686,0.7069012400303409,0.9172762236197013,0.8870369060213331,0.9054116865286785,0.6656779137313065,0.5967741935483871,0.753325579363062,0.0029298760065380857,257.1185871627327,82.55486012577312,fast_genus_and_geometry
69,0.8599007336285598,0.9999998409662527,0.8599005968753238,non-portable,0.8731503843158879,0.30755213130674525,1.0,1.0,0.8514065667988273,25,62,0.4032258064516129,0.21285164169970683,0.3269019369811965,13,62,0.20967741935483872,0.12614345239972538,0.7016123876510227,0.9877388501346414,0.8870369060213331,0.9054116865286785,0.6656779137313065,0.5483870967741935,0.7488995372558467,0.003349779661598506,223.5668052562221,88.89649651211772,fast_genus_and_geometry
70,0.7999335058093812,0.9999998829120319,0.7999334121467924,non-portable,0.8731503843158879,0.30755213130674525,1.0,0.564516129032258,0.9585136233184789,22,62,0.3548387096774194,0.23962840582961972,0.3199986172462936,7,62,0.11290322580645161,0.1325115148725943,0.7031724935182486,0.9370271894148547,0.8870369060213331,0.9054116865286785,0.6656779137313065,0.5645161290322581,0.7512421131290722,0.003226123195399387,232.86219019793822,84.33244704733693,fast_genus_and_geometry
71,0.8673304052886185,0.9999998261115843,0.8673302544699084,non-portable,0.8731503843158879,0.30755213130674525,1.0,1.0,1.0,25,62,0.4032258064516129,0.2683734060841374,0.3239173468141389,16,62,0.25806451612903225,0.11494717559858947,0.7033042772333129,0.9631179478186689,0.8870369060213331,0.9054116865286785,0.6656779137313065,0.5483870967741935,0.7499665767731641,0.003209520254660387,233.66937026933368,86.6806153036802,fast_genus_and_geometry
72,0.8673304052886185,0.9999999749136239,0.8673303835304418,non-portable,0.8731503843158879,0.30755213130674525,1.0,1.0,1.0,20,62,0.3225806451612903,0.25789631525937196,0.3115049515532028,26,62,0.41935483870967744,0.08030130965220778,0.7068198785308157,0.9563965037707712,0.8870369060213331,0.9054116865286785,0.6656779137313065,0.6129032258064516,0.7529458798836766,0.0029348154805082624,256.55646322039934,86.07568533936941,fast_genus_and_geometry
73,0.8673304052886185,0.9999999016653464,0.8673303199999834,non-portable,0.8731503843158879,0.30755213130674525,1.0,1.0,1.0,21,62,0.3387096774193548,0.2705981829575347,0.3081994197831929,22,62,0.3548387096774194,0.10365573851072668,0.7054998613437324,0.8500194776520308,0.8870369060213331,0.9054116865286785,0.6656779137313065,0.5806451612903226,0.7513848922245963,0.003034090058880081,247.64752451083848,76.50175298868277,fast_genus_and_geometry
74,0.8584442790991461,0.9999999965104363,0.8584442761035501,non-portable,0.8731503843158879,0.30755213130674525,1.0,1.0,0.8222774762105531,28,62,0.45161290322580644,0.20556936905263828,0.3041373374928359,14,62,0.22580645161290322,0.13617268870136048,0.7057188080962494,0.9597275070388169,0.8870369060213331,0.9054116865286785,0.6656779137313065,0.6774193548387096,0.7513325894232801,0.0030162110858880497,249.09814599466884,86.37547563349352,fast_genus_and_geometry
75,0.8382981472241023,0.9999999987256292,0.8382981461557997,non-portable,0.8731503843158879,0.30755213130674525,1.0,0.8064516129032258,1.0,23,62,0.3709677419354839,0.25415698685690424,0.33723518567655447,10,62,0.16129032258064516,0.14017529560351716,0.6983553302851815,0.9671968696239815,0.8870369060213331,0.9054116865286785,0.6656779137313065,0.7096774193548387,0.7551689055509347,0.0036727579318511588,205.61357964866238,87.04771826615834,fast_genus_and_geometry
76,0.8621511902423572,0.9999999582105568,0.8621511542135389,non-portable,0.8731503843158879,0.30755213130674525,1.0,0.9677419354838709,0.993189892623163,24,62,0.3870967741935484,0.24829747315579076,0.30690506835293696,12,62,0.1935483870967742,0.16856101172451812,0.7080784932521282,0.9508264192176409,0.8870369060213331,0.9054116865286785,0.6656779137313065,0.5967741935483871,0.7521746923128704,0.0028338279544960895,265.4270846328149,85.57437772958768,fast_genus_and_geometry
77,0.8497202381031425,0.9999999003643779,0.8497201534407379,non-portable,0.8731503843158879,0.30755213130674525,1.0,0.8870967741935484,0.9865063337098352,20,62,0.3225806451612903,0.2466265834274588,0.31073754645469254,11,62,0.1774193548387097,0.11468265847824935,0.7031022289615367,0.9815296755382522,0.8870369060213331,0.9054116865286785,0.6656779137313065,0.5645161290322581,0.7473176522170615,0.0032151926196965115,232.43324447777636,88.3376707984427,fast_genus_and_geometry
78,0.8673304052886185,0.9999992180652687,0.867329727092851,non-portable,0.8731503843158879,0.30755213130674525,1.0,1.0,1.0,20,62,0.3225806451612903,0.2614253996735464,0.30206376420955583,20,62,0.3225806451612903,0.10179223899795858,0.7078232133038509,0.954017094243638,0.8870369060213331,0.9054116865286785,0.6656779137313065,0.5,0.7499533918113981,0.00284507251027652,263.59728586970465,85.86153848192743,fast_genus_and_geometry
79,0.8663877068019099,0.9999993920453484,0.8663871800774734,non-portable,0.8731503843158879,0.30755213130674525,1.0,1.0,0.9811460302658292,21,62,0.3387096774193548,0.2452865075664573,0.337703745644355,19,62,0.3064516129032258,0.10666454325284552,0.6984679169266145,0.8882733411642796,0.8870369060213331,0.9054116865286785,0.6656779137313065,0.5161290322580645,0.7494925086382609,0.003634725938463661,206.2033070243142,79.94460070478516,fast_genus_and_geometry
80,0.8673304052886185,0.9999999898738091,0.8673303965058653,non-portable,0.8731503843158879,0.30755213130674525,1.0,1.0,1.0,25,62,0.4032258064516129,0.27179164171979364,0.3495827132294731,42,62,0.6774193548387096,0.05191304907779207,0.6971681911982353,0.9362597672730004,0.8870369060213331,0.9054116865286785,0.6656779137313065,0.6451612903225806,0.7536439377456368,0.003777238644032592,199.52245774469893,84.26337905457004,fast_genus_and_geometry
81,0.8673194312671071,0.9999999672943296,0.8673194029008436,non-portable,0.8731503843158879,0.30755213130674525,1.0,1.0,0.9997805195697733,22,62,0.3548387096774194,0.24994512989244333,0.31312621343523656,23,62,0.3709677419354839,0.15049433474591953,0.7019530679100293,0.883269582436919,0.8870369060213331,0.9054116865286785,0.6656779137313065,0.6129032258064516,0.7497730248189378,0.0033241047567970344,225.5563767314563,79.49426241932271,fast_genus_and_geometry
82,0.8673304052886185,0.9999999906094595,0.8673303971439172,non-portable,0.8731503843158879,0.30755213130674525,1.0,1.0,1.0,26,62,0.41935483870967744,0.26008290043012106,0.3292136536182941,30,62,0.4838709677419355,0.04939682833780678,0.7027692046920833,0.957055075710059,0.8870369060213331,0.9054116865286785,0.6656779137313065,0.6451612903225806,0.7515298066571399,0.003261655136325221,230.41363211190347,86.1349568139053,fast_genus_and_geometry
83,0.8344426937058383,0.9999999943349407,0.834442688978671,non-portable,0.8731503843158879,0.30755213130674525,1.0,0.8064516129032258,0.9228909296347201,24,62,0.3870967741935484,0.23072273240868002,0.31239458301408185,10,62,0.16129032258064516,0.11815370344343029,0.7048590511304574,0.9612649455950895,0.8870369060213331,0.9054116865286785,0.6656779137313065,0.6612903225806451,0.7531408547992476,0.003093461643606433,243.4621603781121,86.51384510355805,fast_genus_and_geometry
84,0.858261275547123,0.9999999640739432,0.8582612447131797,non-portable,0.8731503843158879,0.30755213130674525,1.0,0.9677419354838709,0.9153915987184771,23,62,0.3709677419354839,0.22884789967961927,0.28770957130582464,12,62,0.1935483870967742,0.13713643410249937,0.7113260485113697,0.9925097244493493,0.8870369060213331,0.9054116865286785,0.6656779137313065,0.5967741935483871,0.7544955652570315,0.002600369729837333,290.1493416877412,89.32587520044143,fast_genus_and_geometry
85,0.8624916956111991,0.999999990787443,0.8624916876654452,non-portable,0.8731503843158879,0.30755213130674525,1.0,0.9677419354838709,1.0,22,62,0.3548387096774194,0.27060788391998525,0.3347617760137384,12,62,0.1935483870967742,0.1268023093246991,0.699445120375186,0.9623310520042743,0.8870369060213331,0.9054116865286785,0.6656779137313065,0.6451612903225806,0.7507282860585403,0.003551017436921944,211.41216549735637,86.60979468038468,fast_genus_and_geometry
86,0.8423267076605626,0.9999999713236579,0.8423266835057138,non-portable,0.8731503843158879,0.30755213130674525,1.0,0.8870967741935484,0.8386357248582392,23,62,0.3709677419354839,0.2096589312145598,0.31588256944489246,11,62,0.1774193548387097,0.1366763317314806,0.7024726154156851,0.9195198908789911,0.8870369060213331,0.9054116865286785,0.6656779137313065,0.6129032258064516,0.7581056056581555,0.0033158122451016985,228.63345377232113,82.7567901791092,fast_genus_and_geometry
87,0.8218442694426532,0.9999999743122476,0.8218442483313211,non-portable,0.8731503843158879,0.30755213130674525,1.0,0.7258064516129032,0.9128579282419862,25,62,0.4032258064516129,0.22821448206049655,0.3157631243683518,9,62,0.14516129032258066,0.0907567565888883,0.7024550961205125,0.9498649081575586,0.8870369060213331,0.9054116865286785,0.6656779137313065,0.6129032258064516,0.7529878709766005,0.0032949358651708986,228.52883994983168,85.48784173418028,fast_genus_and_geometry
88,0.8633322227003163,0.9999999718531062,0.8633321984001959,non-portable,0.8731503843158879,0.30755213130674525,1.0,1.0,0.9200363482339569,27,62,0.43548387096774194,0.23000908705848921,0.3491395795210116,26,62,0.41935483870967744,0.11485808951530933,0.69710910336789,0.9246580234547087,0.8870369060213331,0.9054116865286785,0.6656779137313065,0.6129032258064516,0.7584899029585449,0.0038071977364564635,199.225245301944,83.21922211092378,fast_genus_and_geometry
89,0.8544021615753425,0.9999999592658123,0.8544021267719646,non-portable,0.8731503843158879,0.30755213130674525,1.0,1.0,0.7414351257344811,24,62,0.3870967741935484,0.18535878143362028,0.33348809454892814,13,62,0.20967741935483872,0.15071991952085667,0.6981166157411162,0.9578781900940279,0.8870369060213331,0.9054116865286785,0.6656779137313065,0.5967741935483871,0.7567439253308668,0.00370280978124198,204.3701864363778,86.20903710846251,fast_genus_and_geometry
90,0.8564679722837113,0.9999999936835053,0.856467966873836,non-portable,0.8731503843158879,0.30755213130674525,1.0,0.9677419354838709,0.8795255334502445,22,62,0.3548387096774194,0.21988138336256113,0.2947209654436704,12,62,0.1935483870967742,0.12437369677228502,0.7078863338581207,0.9312538550489754,0.8870369060213331,0.9054116865286785,0.6656779137313065,0.6612903225806451,0.7495587108740672,0.00283871869859186,264.048252208253,83.81284695440779,fast_genus_and_geometry
91,0.8590042958367281,0.9999999984993169,0.8590042945476348,non-portable,0.8731503843158879,0.30755213130674525,1.0,1.0,0.8334778109621936,32,62,0.5161290322580645,0.2083694527405484,0.30951195790243213,28,62,0.45161290322580644,0.06863752929776759,0.7037377479922816,0.9221258520857485,0.8870369060213331,0.9054116865286785,0.6656779137313065,0.7096774193548387,0.744088300873549,0.003148257751674743,236.34923172275992,82.99132668771736,fast_genus_and_geometry
92,0.8593373492960144,0.9999999940520989,0.8593373441847608,non-portable,0.8731503843158879,0.30755213130674525,1.0,0.9677419354838709,0.9369130736963065,22,62,0.3548387096774194,0.23422826842407662,0.32092714343028106,12,62,0.1935483870967742,0.14020353628079696,0.7023386422138382,0.9478316808069049,0.8870369060213331,0.9054116865286785,0.6656779137313065,0.6612903225806451,0.7538811455031813,0.003308891203273822,227.8349752803266,85.30485127262145,fast_genus_and_geometry
93,0.8262004201821236,0.9999999361950972,0.8262003674664861,non-portable,0.8731503843158879,0.30755213130674525,1.0,0.7258064516129032,0.9999809430313924,25,62,0.4032258064516129,0.2499952357578481,0.3123247970067692,9,62,0.14516129032258066,0.1262611893038344,0.7054039501391792,0.9692803508794295,0.8870369060213331,0.9054116865286785,0.6656779137313065,0.5806451612903226,0.7502111831918497,0.0030371029084775452,247.0153978311915,87.23523157914866,fast_genus_and_geometry
94,0.8333711036786494,0.9999999840649336,0.8333710903988255,non-portable,0.8731503843158879,0.30755213130674525,1.0,0.8064516129032258,0.9014591290909428,20,62,0.3225806451612903,0.2253647822727357,0.285439843545563,10,62,0.16129032258064516,0.12850483329878196,0.711589050640427,0.9463840956557179,0.8870369060213331,0.9054116865286785,0.6656779137313065,0.6290322580645161,0.759111983859581,0.002597254341906262,292.2747963537636,85.17456860901461,fast_genus_and_geometry
95,0.8673304052886185,0.9999996842958376,0.8673301314687993,non-portable,0.8731503843158879,0.30755213130674525,1.0,1.0,1.0,20,62,0.3225806451612903,0.2906655714582862,0.32844836503947905,14,62,0.22580645161290322,0.1412279202354777,0.7010850854814397,0.9338159666310488,0.8870369060213331,0.9054116865286785,0.6656779137313065,0.532258064516129,0.7515453016587259,0.0034078967203785946,220.53053931025065,84.0434369967944,fast_genus_and_geometry
96,0.8624916956111991,0.9999999938127158,0.8624916902747178,non-portable,0.8731503843158879,0.30755213130674525,1.0,0.9677419354838709,1.0,24,62,0.3870967741935484,0.2533078271971311,0.32980421519187664,12,62,0.1935483870967742,0.12437321771654572,0.702187300397716,0.9369524354758086,0.8870369060213331,0.9054116865286785,0.6656779137313065,0.6612903225806451,0.7569337713435667,0.0033354330753865764,226.93717854190137,84.32571919282277,fast_genus_and_geometry
97,0.8218660040767785,0.9999998363448869,0.8218658695742046,non-portable,0.8731503843158879,0.30755213130674525,1.0,0.7258064516129032,0.9132926209244896,23,62,0.3709677419354839,0.2283231552311224,0.2963286801801147,9,62,0.14516129032258066,0.10894361199434947,0.7104992516588725,0.9798409557089184,0.8870369060213331,0.9054116865286785,0.6656779137313065,0.5483870967741935,0.7522072466530731,0.002652428718197508,283.5918799598299,88.18568601380265,fast_genus_and_geometry
98,0.8666749925576508,0.999999887526402,0.866674895079596,non-portable,0.8731503843158879,0.30755213130674525,1.0,1.0,0.9868917453806466,24,62,0.3870967741935484,0.24672293634516165,0.3342320740854244,14,62,0.22580645161290322,0.1394151114238662,0.7011939933903352,0.9481129875842679,0.8870369060213331,0.9054116865286785,0.6656779137313065,0.5645161290322581,0.7577732060208375,0.0034264598770083594,221.15338665002812,85.3301688825841,fast_genus_and_geometry
99,0.8624916956111991,0.9999999527745296,0.862491654879623,non-portable,0.8731503843158879,0.30755213130674525,1.0,0.9677419354838709,1.0,21,62,0.3387096774193548,0.26506742227399677,0.31209628663601335,12,62,0.1935483870967742,0.15925799803217178,0.703733726454197,0.9171089623676006,0.8870369060213331,0.9054116865286785,0.6656779137313065,0.5967741935483871,0.7530690026479956,0.003186592931820469,236.32419287950114,82.53980661308405,fast_genus_and_geometry
100,0.8673304052886185,0.999999991712479,0.8673303981005995,non-portable,0.8731503843158879,0.30755213130674525,1.0,1.0,1.0,23,62,0.3709677419354839,0.27157140570448135,0.3076038170601779,13,62,0.20967741935483872,0.12257106852262604,0.7083738773916385,0.9915065868085604,0.8870369060213331,0.9054116865286785,0.6656779137313065,0.6451612903225806,0.7570877809080659,0.0028295557698904982,267.5641840900576,89.23559281277043,fast_genus_and_geometry
101,0.8633352485358985,0.999999989466997,0.8633352394423857,non-portable,0.8731503843158879,0.30755213130674525,1.0,1.0,0.9200968649456014,23,62,0.3709677419354839,0.23002421623640035,0.34381063889210994,48,62,0.7741935483870968,0.055631226943186236,0.6961627710462595,0.9253997190512511,0.8870369060213331,0.9054116865286785,0.6656779137313065,0.6451612903225806,0.7543477559174605,0.003877594460387429,194.54013657789525,83.28597471461259,fast_genus_and_geometry
102,0.8382981472241023,0.9999999753579066,0.8382981265666811,non-portable,0.8731503843158879,0.30755213130674525,1.0,0.8064516129032258,1.0,17,62,0.27419354838709675,0.3067732247815764,0.3089920647236487,10,62,0.16129032258064516,0.11261031729852108,0.7059114836534086,0.9613232604051615,0.8870369060213331,0.9054116865286785,0.6656779137313065,0.6129032258064516,0.7536862549063695,0.0030101273741864887,250.38350913972846,86.51909343646453,fast_genus_and_geometry
103,0.8673304052886185,0.9999990329257391,0.8673295665157078,non-portable,0.8731503843158879,0.30755213130674525,1.0,1.0,1.0,20,62,0.3225806451612903,0.31832404256835956,0.3309115217514269,23,62,0.3709677419354839,0.09365325742958504,0.7015126336078992,0.8954258521638502,0.8870369060213331,0.9054116865286785,0.6656779137313065,0.5,0.7521959658434724,0.0033732514064580385,222.98840946257508,80.58832669474651,fast_genus_and_geometry
104,0.8567385648425553,0.9999999966771653,0.8567385619957547,non-portable,0.8731503843158879,0.30755213130674525,1.0,0.9677419354838709,0.8849373846271256,24,62,0.3870967741935484,0.2212343461567814,0.29916047098041265,12,62,0.1935483870967742,0.14275808080480018,0.708262742737375,0.9732262529355897,0.8870369060213331,0.9054116865286785,0.6656779137313065,0.6774193548387096,0.7485686797014467,0.002806175493462486,266.7576142138574,87.59036276420308,fast_genus_and_geometry
105,0.8673304052886185,0.9999999773387999,0.8673303856338705,non-portable,0.8731503843158879,0.30755213130674525,1.0,1.0,1.0,22,62,0.3548387096774194,0.34214945478642944,0.3502923492676652,13,62,0.20967741935483872,0.16123503089769226,0.6968466360716561,0.984428950242262,0.8870369060213331,0.9054116865286785,0.6656779137313065,0.6129032258064516,0.7578152686971973,0.00382905672266023,197.91173742934438,88.59860552180358,fast_genus_and_geometry
106,0.8673304052886185,0.9999986791846323,0.8673292597052903,non-portable,0.8731503843158879,0.30755213130674525,1.0,1.0,1.0,18,62,0.2903225806451613,0.33220035991849867,0.31845163712493935,14,62,0.22580645161290322,0.11413200321439373,0.7029648013814607,0.9446104097562478,0.8870369060213331,0.9054116865286785,0.6656779137313065,0.4838709677419355,0.7516625295758498,0.0032455604453092263,231.5971439269355,85.0149368780623,fast_genus_and_geometry
107,0.7899110504499087,0.9999999564565859,0.7899110160544848,non-portable,0.8731503843158879,0.30755213130674525,1.0,0.48387096774193544,1.0,16,62,0.25806451612903225,0.33961419556017647,0.3291530376489406,6,62,0.0967741935483871,0.10484408129034134,0.7001761462234308,0.9394903508402084,0.8870369060213331,0.9054116865286785,0.6656779137313065,0.5967741935483871,0.7478956409678253,0.003471848264629954,215.4171449792722,84.55413157561875,fast_genus_and_geometry
108,0.8641084591017191,0.9999999357902395,0.8641084036175218,non-portable,0.8731503843158879,0.30755213130674525,1.0,1.0,0.9355610762620121,25,62,0.4032258064516129,0.23389026906550303,0.29433481657691496,13,62,0.20967741935483872,0.14939217727819806,0.7099832578345266,0.9675363794571727,0.8870369060213331,0.9054116865286785,0.6656779137313065,0.5806451612903226,0.748803111537891,0.0026781899734453843,279.5929784527517,87.07827415114555,fast_genus_and_geometry
109,0.8673304052886185,0.9999999520443569,0.8673303636952311,non-portable,0.8731503843158879,0.30755213130674525,1.0,1.0,1.0,21,62,0.3387096774193548,0.2635310727836915,0.30841451211858983,39,62,0.6290322580645161,0.05250292331097316,0.7036547145743508,0.9128785903655354,0.8870369060213331,0.9054116865286785,0.6656779137313065,0.5967741935483871,0.7543991509915794,0.0031988712211158286,235.8329231923348,82.15907313289819,fast_genus_and_geometry
110,0.8624916956111991,0.9999997506038847,0.8624914805091207,non-portable,0.8731503843158879,0.30755213130674525,1.0,0.9677419354838709,1.0,20,62,0.3225806451612903,0.2502023962741686,0.27243001171227543,12,62,0.1935483870967742,0.10189567829853795,0.7169876995461302,0.9988201319656146,0.8870369060213331,0.9054116865286785,0.6656779137313065,0.532258064516129,0.749884620169817,0.0022021791146674004,340.5193588365648,89.89381187690532,fast_genus_and_geometry
111,0.8382981472241023,0.9999998922358532,0.8382980568856178,non-portable,0.8731503843158879,0.30755213130674525,1.0,0.8064516129032258,1.0,18,62,0.2903225806451613,0.25092901977595716,0.286156801456619,10,62,0.16129032258064516,0.12622524064707083,0.7116078969671885,0.9599064137612305,0.8870369060213331,0.9054116865286785,0.6656779137313065,0.5645161290322581,0.7537373021715954,0.0025775154786064135,292.42784705957183,86.39157723851075,fast_genus_and_geometry
112,0.8673304052886185,0.9999991282180678,0.8673296491656419,non-portable,0.8731503843158879,0.30755213130674525,1.0,1.0,1.0,19,62,0.3064516129032258,0.26825646696653993,0.2945291099725756,13,62,0.20967741935483872,0.11601068086658582,0.7080643037206344,0.9240277578596326,0.8870369060213331,0.9054116865286785,0.6656779137313065,0.5,0.7529113214425989,0.002837695021802845,265.324961159589,83.16249820736694,fast_genus_and_geometry
113,0.7899110504499087,0.9999999684851889,0.7899110255560112,non-portable,0.8731503843158879,0.30755213130674525,1.0,0.48387096774193544,1.0,17,62,0.27419354838709675,0.28781865905818105,0.3116395920628163,6,62,0.0967741935483871,0.13457527721775064,0.7036709078310239,0.8934961965267083,0.8870369060213331,0.9054116865286785,0.6656779137313065,0.6129032258064516,0.7498989533770072,0.003178433512265591,235.93350324401732,80.41465768740375,fast_genus_and_geometry
114,0.8635959071164505,0.9999999910164702,0.8635958993583109,non-portable,0.8731503843158879,0.30755213130674525,1.0,1.0,0.9253100365566405,28,62,0.45161290322580644,0.23132750913916011,0.3233828897462844,14,62,0.22580645161290322,0.16051076132407427,0.7027248468855098,0.9692721389869694,0.8870369060213331,0.9054116865286785,0.6656779137313065,0.6451612903225806,0.7438047855209838,0.003231878268876734,230.1462875888266,87.23449250882724,fast_genus_and_geometry
115,0.8645183789421375,0.9999999900583246,0.8645183703473763,non-portable,0.8731503843158879,0.30755213130674525,1.0,1.0,0.9437594730703802,19,62,0.3064516129032258,0.23593986826759505,0.2908577363857657,14,62,0.22580645161290322,0.11254515992393849,0.708856457322489,0.9413301307813929,0.8870369060213331,0.9054116865286785,0.6656779137313065,0.6451612903225806,0.7503329772020656,0.002767713885260521,271.10207496445673,84.71971177032536,fast_genus_and_geometry
116,0.8673304052886185,0.9999999035701237,0.8673303216520548,non-portable,0.8731503843158879,0.30755213130674525,1.0,1.0,1.0,23,62,0.3709677419354839,0.28995431963230867,0.3464420880779077,16,62,0.25806451612903225,0.13171182662916028,0.7009756290731245,0.9905466706817928,0.8870369060213331,0.9054116865286785,0.6656779137313065,0.5645161290322581,0.7522094441515522,0.0034205833907326173,219.90676976024395,89.14920036136135,fast_genus_and_geometry
117,0.8618924050405457,0.9999999995348468,0.8618924046396336,non-portable,0.8731503843158879,0.30755213130674525,1.0,0.9677419354838709,0.9880141885869325,24,62,0.3870967741935484,0.24700354714673312,0.34799455167856574,12,62,0.1935483870967742,0.1499952481227511,0.6968278516721457,0.9748086985466952,0.8870369060213331,0.9054116865286785,0.6656779137313065,0.7419354838709677,0.753858680869274,0.0038108671146991446,197.81814956536175,87.73278286920257,fast_genus_and_geometry
118,0.8624443457409914,0.9999999463979419,0.8624442995121995,non-portable,0.8731503843158879,0.30755213130674525,1.0,1.0,0.9022788090474589,28,62,0.45161290322580644,0.22556970226186474,0.35206001678189536,55,62,0.8870967741935484,0.07128308791246049,0.6960076070140471,0.8821881429419959,0.8870369060213331,0.9054116865286785,0.6656779137313065,0.5967741935483871,0.7522301361296281,0.0038817725015703815,193.78521946489943,79.39693286477963,fast_genus_and_geometry
119,0.8673304052886185,0.9999993366553285,0.8673298299496157,non-portable,0.8731503843158879,0.30755213130674525,1.0,1.0,1.0,19,62,0.3064516129032258,0.3232119207058135,0.305339660406565,13,62,0.20967741935483872,0.15583778085330202,0.7099995707227446,0.9993662799699743,0.8870369060213331,0.9054116865286785,0.6656779137313065,0.5,0.7500334525323243,0.0026813883687358286,279.7183210300626,89.94296519729768,fast_genus_and_geometry
120,0.8637970007964505,0.9999999769484796,0.8637969808846163,non-portable,0.8731503843158879,0.30755213130674525,1.0,1.0,0.9293319101566406,26,62,0.41935483870967744,0.23233297753916016,0.33434506027682853,13,62,0.20967741935483872,0.09930085569070239,0.7009888369118286,0.9797203729095872,0.8870369060213331,0.9054116865286785,0.6656779137313065,0.6129032258064516,0.7490195913242053,0.003404914312068465,219.981921033772,88.17483356186285,fast_genus_and_geometry
121,0.8394097367921138,0.9999999607249843,0.8394097038242833,non-portable,0.8731503843158879,0.30755213130674525,1.0,0.8870967741935484,0.7802963074892624,25,62,0.4032258064516129,0.1950740768723156,0.2700259813953912,11,62,0.1774193548387097,0.10444867729445198,0.714745698768867,0.9679361498525368,0.8870369060213331,0.9054116865286785,0.6656779137313065,0.5967741935483871,0.750299642965146,0.0023493547045341256,319.3641392324066,87.11425348672832,fast_genus_and_geometry
122,0.8644323780707858,0.9999994884458013,0.8644319358667732,non-portable,0.8731503843158879,0.30755213130674525,1.0,1.0,0.9420394556433465,28,62,0.45161290322580644,0.23550986391083661,0.3384508717328891,20,62,0.3225806451612903,0.0767988434958613,0.6980041108801993,0.9358751926507642,0.8870369060213331,0.9054116865286785,0.6656779137313065,0.5161290322580645,0.7458036312202798,0.0036597131328184747,203.78745659934006,84.22876733856879,fast_genus_and_geometry
123,0.8673304052886185,0.9999999938525885,0.8673303999567816,non-portable,0.8731503843158879,0.30755213130674525,1.0,1.0,1.0,24,62,0.3870967741935484,0.27769963262285935,0.33295718039900185,21,62,0.3387096774193548,0.0704422035836662,0.701486045839035,0.9387349975565363,0.8870369060213331,0.9054116865286785,0.6656779137313065,0.6612903225806451,0.7528658576068691,0.0033785865284325068,222.8345644757427,84.48614978008827,fast_genus_and_geometry
124,0.8624916956111991,0.9999999949306302,0.8624916912389097,non-portable,0.8731503843158879,0.30755213130674525,1.0,0.9677419354838709,1.0,25,62,0.4032258064516129,0.2590647491206646,0.34280566052074557,12,62,0.1935483870967742,0.1415032048000176,0.6984905508371161,0.9918974602166878,0.8870369060213331,0.9054116865286785,0.6656779137313065,0.6612903225806451,0.7509027714687957,0.0036394680964824577,206.3221194862355,89.2707714195019,fast_genus_and_geometry
125,0.8673304052886185,0.9999999055604762,0.867330323378348,non-portable,0.8731503843158879,0.30755213130674525,1.0,1.0,1.0,21,62,0.3387096774193548,0.2676077659274334,0.334864192846306,13,62,0.20967741935483872,0.13419603771036592,0.7004298191585757,0.9962971580360449,0.8870369060213331,0.9054116865286785,0.6656779137313065,0.5645161290322581,0.7566955228039836,0.0034898241208770136,216.82912851603004,89.66674422324404,fast_genus_and_geometry
126,0.8673304052886185,0.9999999391609805,0.867330352521087,non-portable,0.8731503843158879,0.30755213130674525,1.0,1.0,1.0,24,62,0.3870967741935484,0.2643664078873879,0.3392735120277724,14,62,0.22580645161290322,0.12652707998577684,0.7011792182360571,0.9824041675371256,0.8870369060213331,0.9054116865286785,0.6656779137313065,0.5806451612903226,0.754884911441515,0.0034147064403190317,221.0687579254945,88.4163750783413,fast_genus_and_geometry
127,0.8624916956111991,0.9999999732079052,0.8624916725032399,non-portable,0.8731503843158879,0.30755213130674525,1.0,0.9677419354838709,1.0,20,62,0.3225806451612903,0.27123474469091835,0.3109304914785453,12,62,0.1935483870967742,0.16016218387350623,0.7067372039450293,0.938259231732889,0.8870369060213331,0.9054116865286785,0.6656779137313065,0.6129032258064516,0.7523170150912131,0.0029388894219572175,255.98683961038287,84.44333085596001,fast_genus_and_geometry
128,0.8624916956111991,0.9999999853568888,0.8624916829816374,non-portable,0.8731503843158879,0.30755213130674525,1.0,0.9677419354838709,1.0,22,62,0.3548387096774194,0.2571317420105623,0.3332116060703996,12,62,0.1935483870967742,0.13439602363311748,0.6992426141398814,0.9696966396095598,0.8870369060213331,0.9054116865286785,0.6656779137313065,0.6290322580645161,0.7493423252890384,0.0035628798131837913,210.31928231657798,87.27269756486038,fast_genus_and_geometry
129,0.8624916956111991,0.9999999390790718,0.8624916430674044,non-portable,0.8731503843158879,0.30755213130674525,1.0,0.9677419354838709,1.0,22,62,0.3548387096774194,0.2698353648526357,0.3267207017239394,12,62,0.1935483870967742,0.13534256708900966,0.7022459380052892,0.9820332132451581,0.8870369060213331,0.9054116865286785,0.6656779137313065,0.5806451612903226,0.7555970248248214,0.00332445464106269,227.28450419864606,88.38298919206423,fast_genus_and_geometry
130,0.7347751390875508,0.9999988159613953,0.7347742690854203,non-portable,0.8731503843158879,0.30755213130674525,1.0,0.16129032258064516,0.8650237082367127,20,62,0.3225806451612903,0.21625592705917818,0.30808604571475834,2,62,0.03225806451612903,0.1249750740160228,0.7054707342550891,0.9747514221510059,0.8870369060213331,0.9054116865286785,0.6656779137313065,0.4838709677419355,0.7478959726234328,0.0030223472573934203,247.45534147139824,87.72762799359053,fast_genus_and_geometry
131,0.8382981472241023,0.9999999393976974,0.8382980964213044,non-portable,0.8731503843158879,0.30755213130674525,1.0,0.8064516129032258,1.0,24,62,0.3870967741935484,0.25156101513801876,0.310858910200532,10,62,0.16129032258064516,0.09620088140813449,0.7066950117164527,0.9834790443251771,0.8870369060213331,0.9054116865286785,0.6656779137313065,0.5806451612903226,0.758201358835514,0.002965236629511352,255.69674652253966,88.51311398926593,fast_genus_and_geometry
132,0.8586770416303907,0.9999999852313157,0.8586770289488606,non-portable,0.8731503843158879,0.30755213130674525,1.0,1.0,0.8269327268354445,27,62,0.43548387096774194,0.20673318170886112,0.30224754914718294,21,62,0.3387096774193548,0.09987552230892625,0.7071459597996285,0.9673422782406811,0.8870369060213331,0.9054116865286785,0.6656779137313065,0.6290322580645161,0.7491229056453949,0.0028943930584381093,258.818650584258,87.0608050416613,fast_genus_and_geometry
133,0.8604560401802521,0.9999998195888108,0.8604558849443547,non-portable,0.8731503843158879,0.30755213130674525,1.0,1.0,0.8625126978326731,22,62,0.3548387096774194,0.2156281744581683,0.32915524154822534,13,62,0.20967741935483872,0.12796478295464347,0.700776109363932,0.9529646771065763,0.8870369060213331,0.9054116865286785,0.6656779137313065,0.5483870967741935,0.7569609171428938,0.0034599905413770548,218.77542961190525,85.76682093959187,fast_genus_and_geometry
134,0.856011097226688,0.9999997357974225,0.8560108710663498,non-portable,0.8731503843158879,0.30755213130674525,1.0,1.0,0.773613838761392,27,62,0.43548387096774194,0.193403459690348,0.2944441001733691,15,62,0.24193548387096775,0.12318935913339722,0.7095891857549729,0.9829184504430035,0.8870369060213331,0.9054116865286785,0.6656779137313065,0.532258064516129,0.7516600900001189,0.0027176336653254546,276.58624471378215,88.46266053987031,fast_genus_and_geometry
135,0.8243537273729711,0.9999998936623586,0.82435363971314,non-portable,0.8731503843158879,0.30755213130674525,1.0,0.7258064516129032,0.9630470868483423,23,62,0.3709677419354839,0.24076177171208557,0.31824156221474525,9,62,0.14516129032258066,0.09296082275817376,0.7046327567142986,0.9635805462007999,0.8870369060213331,0.9054116865286785,0.6656779137313065,0.5645161290322581,0.7556906876363493,0.0031226201509337672,242.0053196064762,86.72224915807199,fast_genus_and_geometry
136,0.8327706924223813,0.9999999846888494,0.8327706796717038,non-portable,0.8731503843158879,0.30755213130674525,1.0,0.8064516129032258,0.8894509039655809,26,62,0.41935483870967744,0.22236272599139523,0.3258363583594964,10,62,0.16129032258064516,0.1071440674381813,0.6996354982045941,0.9573964815740836,0.8870369060213331,0.9054116865286785,0.6656779137313065,0.6290322580645161,0.7501852779869443,0.0035311792996459914,212.4461020889401,86.16568334166753,fast_genus_and_geometry
137,0.8672741326325565,0.9999999212403972,0.8672740643263902,non-portable,0.8731503843158879,0.30755213130674525,1.0,1.0,0.9988745468787612,23,62,0.3709677419354839,0.2497186367196903,0.3137409770740249,13,62,0.20967741935483872,0.2142961026822802,0.7072079674449019,0.9112223494133088,0.8870369060213331,0.9054116865286785,0.6656779137313065,0.5806451612903226,0.7541548304250019,0.0029089683504273317,259.25164511130396,82.0100114471978,fast_genus_and_geometry
138,0.8503949214176507,0.9999999941013984,0.8503949164015099,non-portable,0.8731503843158879,0.30755213130674525,1.0,0.8870967741935484,1.0,20,62,0.3225806451612903,0.2898830743921882,0.31893177038792125,11,62,0.1774193548387097,0.15586330252328054,0.7041517291217587,0.9501265046624006,0.8870369060213331,0.9054116865286785,0.6656779137313065,0.6612903225806451,0.7496878490202169,0.0031374962410255056,238.94462062372952,85.51138541961605,fast_genus_and_geometry
139,0.8673304052886185,0.9999999893751629,0.8673303960733743,non-portable,0.8731503843158879,0.30755213130674525,1.0,1.0,1.0,23,62,0.3709677419354839,0.2802164571363246,0.34520047314095453,14,62,0.22580645161290322,0.1368623687799947,0.6989811662275459,0.9230062370981279,0.8870369060213331,0.9054116865286785,0.6656779137313065,0.6451612903225806,0.7526979456977474,0.003602825850863018,208.91877011414434,83.07056133883151,fast_genus_and_geometry
140,0.8624916956111991,0.9999998212023016,0.862491541399669,non-portable,0.8731503843158879,0.30755213130674525,1.0,0.9677419354838709,1.0,18,62,0.2903225806451613,0.3313722507935022,0.3224920074711294,12,62,0.1935483870967742,0.14738980725621512,0.7020782240464013,0.9554416291780772,0.8870369060213331,0.9054116865286785,0.6656779137313065,0.5483870967741935,0.7444335001301585,0.0032896906431478775,226.29285877708438,85.98974662602694,fast_genus_and_geometry
141,0.8628968205490222,0.9999999903456568,0.8628968122183202,non-portable,0.8731503843158879,0.30755213130674525,1.0,1.0,0.911328305208075,23,62,0.3709677419354839,0.22783207630201874,0.3323993227815796,49,62,0.7903225806451613,0.06621040875766923,0.6974911983517813,0.814282265409993,0.8870369060213331,0.9054116865286785,0.6656779137313065,0.6612903225806451,0.7508729336578455,0.003732769239409525,201.15707280544984,73.28540388689937,fast_genus_and_geometry
142,0.8289231217519146,0.9999998164646543,0.8289229696152229,non-portable,0.8731503843158879,0.30755213130674525,1.0,0.8064516129032258,0.8124994905562459,29,62,0.46774193548387094,0.20312487263906148,0.3223082305069188,10,62,0.16129032258064516,0.10566601535032527,0.7011720830621824,0.9482309730289408,0.8870369060213331,0.9054116865286785,0.6656779137313065,0.5483870967741935,0.7509390845299393,0.003397485437722315,221.0279038115234,85.34078757260467,fast_genus_and_geometry
143,0.8615834784937413,0.9999999569594139,0.8615834414106834,non-portable,0.8731503843158879,0.30755213130674525,1.0,1.0,0.8850614641024563,27,62,0.43548387096774194,0.22126536602561409,0.33996431976089053,23,62,0.3709677419354839,0.11349774311025318,0.6995285876726247,0.9426927970443959,0.8870369060213331,0.9054116865286785,0.6656779137313065,0.5967741935483871,0.750432577005872,0.003542036948468663,211.8646947853856,84.84235173399563,fast_genus_and_geometry
144,0.8382981472241023,0.9999999332937912,0.8382980913044111,non-portable,0.8731503843158879,0.30755213130674525,1.0,0.8064516129032258,1.0,21,62,0.3387096774193548,0.2866878243354174,0.34157363665574947,10,62,0.16129032258064516,0.1289560316075031,0.6984568467469086,0.9570197207339701,0.8870369060213331,0.9054116865286785,0.6656779137313065,0.5806451612903226,0.7490351561859852,0.0036335313959338154,206.1452274842622,86.13177486605731,fast_genus_and_geometry
145,0.8624916956111991,0.999996667665582,0.8624888215004366,non-portable,0.8731503843158879,0.30755213130674525,1.0,0.9677419354838709,1.0,17,62,0.27419354838709675,0.2571007233614493,0.3191473642210745,12,62,0.1935483870967742,0.12646771070640977,0.7032942063517453,0.9597218683534089,0.8870369060213331,0.9054116865286785,0.6656779137313065,0.45161290322580644,0.7496885421669922,0.00320917925369911,233.60756221480997,86.3749681518068,fast_genus_and_geometry
146,0.8599260448961547,0.9999999908417175,0.859926037020709,non-portable,0.8731503843158879,0.30755213130674525,1.0,1.0,0.8519127921507232,25,62,0.4032258064516129,0.2129781980376808,0.3225701621819449,14,62,0.22580645161290322,0.1530118943258965,0.7022886457584084,0.963960213719112,0.8870369060213331,0.9054116865286785,0.6656779137313065,0.6451612903225806,0.7523589504554965,0.003306521573102434,227.53789256229626,86.75641923472008,fast_genus_and_geometry
147,0.8503949214176507,0.9999997996591061,0.850394751048772,non-portable,0.8731503843158879,0.30755213130674525,1.0,0.8870967741935484,1.0,19,62,0.3064516129032258,0.3133895135531155,0.31964389555806416,11,62,0.1774193548387097,0.11562101376843022,0.7018162813535431,0.9240744511061776,0.8870369060213331,0.9054116865286785,0.6656779137313065,0.5483870967741935,0.7508468035470707,0.0033407362597202175,224.7548878970629,83.16670059955598,fast_genus_and_geometry
148,0.8624916956111991,0.9999999350423843,0.862491639585795,non-portable,0.8731503843158879,0.30755213130674525,1.0,0.9677419354838709,1.0,22,62,0.3548387096774194,0.264342261331308,0.33283342778374014,12,62,0.1935483870967742,0.13555347782817284,0.6989688450732323,0.9643436310188483,0.8870369060213331,0.9054116865286785,0.6656779137313065,0.5806451612903226,0.7548358698519811,0.003614195918330127,208.853058027009,86.79092679169635,fast_genus_and_geometry
149,0.8539082120639249,0.9999999392389428,0.8539081601795592,non-portable,0.8731503843158879,0.30755213130674525,1.0,0.9677419354838709,0.8283303290545163,23,62,0.3709677419354839,0.20708258226362908,0.3161895392244729,12,62,0.1935483870967742,0.10566541650670308,0.7030397426027164,0.9827577142243148,0.8870369060213331,0.9054116865286785,0.6656779137313065,0.5806451612903226,0.7528069021359162,0.0032441216260965184,232.05261358888362,88.44819428018833,fast_genus_and_geometry
150,0.8495112839703057,0.9999999648178813,0.8495112540826989,non-portable,0.8731503843158879,0.30755213130674525,1.0,0.8870967741935484,0.9823272510531007,20,62,0.3225806451612903,0.24558181276327518,0.2978357086060925,11,62,0.1774193548387097,0.11177674441351658,0.7085773756171688,0.9982790926488093,0.8870369060213331,0.9054116865286785,0.6656779137313065,0.5967741935483871,0.75079765617833,0.002790561039626635,269.04899965161974,89.84511833839284,fast_genus_and_geometry
151,0.8458511646096445,0.9999999621384322,0.8458511325843933,non-portable,0.8731503843158879,0.30755213130674525,1.0,0.8870967741935484,0.9091248638398763,27,62,0.43548387096774194,0.22728121595996909,0.34698423182570554,11,62,0.1774193548387097,0.1325765552354985,0.6967906171382632,0.9780417760023261,0.8870369060213331,0.9054116865286785,0.6656779137313065,0.5967741935483871,0.7457477306246019,0.003773400554580552,197.63280357801784,88.02375984020935,fast_genus_and_geometry
152,0.8471861770198761,0.9999999059115596,0.8471860973094499,non-portable,0.8731503843158879,0.30755213130674525,1.0,0.8870967741935484,0.9358251120445082,23,62,0.3709677419354839,0.23395627801112706,0.3305015377369257,11,62,0.1774193548387097,0.10631255097788746,0.7002279965312704,0.9973240632217172,0.8870369060213331,0.9054116865286785,0.6656779137313065,0.5645161290322581,0.7520152985631446,0.003486316749069513,215.7048118946321,89.75916568995454,fast_genus_and_geometry
153,0.7824695432452976,0.9999999851075947,0.782469531592444,non-portable,0.8731503843158879,0.30755213130674525,1.0,0.48387096774193544,0.8511698559077789,27,62,0.43548387096774194,0.21279246397694473,0.3092502289981834,6,62,0.0967741935483871,0.1066087568948792,0.7047226282374471,0.9650421394497133,0.8870369060213331,0.9054116865286785,0.6656779137313065,0.6290322580645161,0.7502337333475638,0.0030926941013460912,242.58258617333848,86.8537925504742,fast_genus_and_geometry
154,0.8654355984563238,0.9999999817940511,0.8654355827002476,non-portable,0.8731503843158879,0.30755213130674525,1.0,1.0,0.9621038633541059,24,62,0.3870967741935484,0.24052596583852648,0.33089796662041426,21,62,0.3387096774193548,0.07538731731059016,0.6999739360872242,0.9096512050520289,0.8870369060213331,0.9054116865286785,0.6656779137313065,0.6290322580645161,0.7502330134007614,0.0035008561951729187,214.29986596856057,81.8686084546826,fast_genus_and_geometry
155,0.8673304052886185,0.9999997100393513,0.8673301537969316,non-portable,0.8731503843158879,0.30755213130674525,1.0,1.0,1.0,23,62,0.3709677419354839,0.2509459803575438,0.3344874087158955,13,62,0.20967741935483872,0.13509535882881935,0.699771801214354,0.9572686499002825,0.8870369060213331,0.9054116865286785,0.6656779137313065,0.532258064516129,0.7443226654558005,0.003491353988815891,213.19026023718695,86.15417849102542,fast_genus_and_geometry
156,0.8515406835058278,0.9999999765557098,0.8515406635420609,non-portable,0.8731503843158879,0.30755213130674525,1.0,1.0,0.684205564344186,27,62,0.43548387096774194,0.1710513910860465,0.2895569906758205,13,62,0.20967741935483872,0.13016110540311132,0.7091430209157369,0.9750620476657095,0.8870369060213331,0.9054116865286785,0.6656779137313065,0.6129032258064516,0.7579797790687616,0.002774139609411883,273.23058165391075,87.75558428991386,fast_genus_and_geometry
157,0.862106913558395,0.9999999963067367,0.8621069103744072,non-portable,0.8731503843158879,0.30755213130674525,1.0,0.9677419354838709,0.9923043589439189,27,62,0.43548387096774194,0.24807608973597972,0.31173594474242583,12,62,0.1935483870967742,0.11563111892346145,0.7072449098511161,0.9440850075380555,0.8870369060213331,0.9054116865286785,0.6656779137313065,0.6774193548387096,0.7560372883290459,0.002913325759795528,259.5100413288861,84.96765067842499,fast_genus_and_geometry
158,0.8569744806924489,0.9999999779284885,0.8569744617777267,non-portable,0.8731503843158879,0.30755213130674525,1.0,0.9677419354838709,0.8896557016249957,25,62,0.4032258064516129,0.22241392540624894,0.2981657617942567,12,62,0.1935483870967742,0.14213121965795245,0.708108570910197,0.9916986749650464,0.8870369060213331,0.9054116865286785,0.6656779137313065,0.6129032258064516,0.7481139814528581,0.0028162306436546806,265.64371889726164,89.25288074685417,fast_genus_and_geometry
159,0.8624916956111991,0.9999998995122229,0.8624916089413258,non-portable,0.8731503843158879,0.30755213130674525,1.0,0.9677419354838709,1.0,18,62,0.2903225806451613,0.2874453385418605,0.31748601781923935,12,62,0.1935483870967742,0.12977596848100487,0.7053630927424362,0.9791815647119215,0.8870369060213331,0.9054116865286785,0.6656779137313065,0.5645161290322581,0.7501801097700506,0.0030402838962962234,246.74673002871387,88.12634082407294,fast_genus_and_geometry
160,0.8640730050993783,0.9999998902690173,0.8640729102837983,non-portable,0.8731503843158879,0.30755213130674525,1.0,1.0,0.9348519962151975,21,62,0.3387096774193548,0.2337129990537994,0.30203115110907147,13,62,0.20967741935483872,0.12886589215494104,0.7083320021387501,0.9549195713483725,0.8870369060213331,0.9054116865286785,0.6656779137313065,0.5645161290322581,0.7549194800115459,0.002824664088039725,267.25991356212865,85.94276142135352,fast_genus_and_geometry
161,0.8664172528448292,0.9999999941390341,0.8664172477667872,non-portable,0.8731503843158879,0.30755213130674525,1.0,1.0,0.9817369511242156,25,62,0.4032258064516129,0.2454342377810539,0.3314293629595821,13,62,0.20967741935483872,0.121156582694154,0.7002253723085313,0.9518913442091288,0.8870369060213331,0.9054116865286785,0.6656779137313065,0.6612903225806451,0.7578817287944155,0.0035137506688559697,215.69024106117686,85.67022097882159,fast_genus_and_geometry
162,0.8624916956111991,0.9999999050379104,0.8624916137071854,non-portable,0.8731503843158879,0.30755213130674525,1.0,0.9677419354838709,1.0,24,62,0.3870967741935484,0.27610385926370784,0.3461231010234856,12,62,0.1935483870967742,0.13296375614050512,0.6981445453531091,0.9947757222363411,0.8870369060213331,0.9054116865286785,0.6656779137313065,0.5645161290322581,0.7528414113262691,0.0036811029413096304,204.5151747531488,89.5298150012707,fast_genus_and_geometry
163,0.8666132942899086,0.999999529603217,0.8666128866378029,non-portable,0.8731503843158879,0.30755213130674525,1.0,1.0,0.9856577800258046,21,62,0.3387096774193548,0.24641444500645115,0.30107698595377097,13,62,0.20967741935483872,0.09438937769621347,0.7055717103488048,0.9590016015329701,0.8870369060213331,0.9054116865286785,0.6656779137313065,0.5161290322580645,0.7447647372128916,0.00300160231190892,248.12238925124154,86.31014413796731,fast_genus_and_geometry
164,0.8673304052886185,0.9999998971603453,0.8673303160926591,non-portable,0.8731503843158879,0.30755213130674525,1.0,1.0,1.0,19,62,0.3064516129032258,0.3279843578420465,0.3425297090459665,14,62,0.22580645161290322,0.10671398621619359,0.69865819414511,0.9728028475965194,0.8870369060213331,0.9054116865286785,0.6656779137313065,0.5645161290322581,0.7566085392482492,0.0036515007874431305,207.20481338798913,87.55225628368675,fast_genus_and_geometry
165,0.8624916956111991,0.9999998912074778,0.8624916017785521,non-portable,0.8731503843158879,0.30755213130674525,1.0,0.9677419354838709,1.0,24,62,0.3870967741935484,0.2567023289367576,0.3076709364810672,12,62,0.1935483870967742,0.12870074626477923,0.7080386911375033,0.9572877566780644,0.8870369060213331,0.9054116865286785,0.6656779137313065,0.5645161290322581,0.754023537376184,0.0028438613834542445,265.1407490404202,86.1558981010258,fast_genus_and_geometry
166,0.8657947496789888,0.9999995780718011,0.8657943843757695,non-portable,0.8731503843158879,0.30755213130674525,1.0,1.0,0.969286887807409,23,62,0.3709677419354839,0.24232172195185225,0.3130140420669,21,62,0.3387096774193548,0.08519692787666665,0.7048096985532759,0.9889835816900509,0.8870369060213331,0.9054116865286785,0.6656779137313065,0.5161290322580645,0.7515324021505466,0.0030909005970732057,243.14350414962476,89.00852235210458,fast_genus_and_geometry
167,0.7411911190353565,0.9999992315252934,0.7411905494487288,non-portable,0.8731503843158879,0.30755213130674525,1.0,0.16129032258064516,0.993343307192827,21,62,0.3387096774193548,0.24833582679820676,0.32042114660598,2,62,0.03225806451612903,0.13176246201497027,0.7028496403337879,0.9588045622747144,0.8870369060213331,0.9054116865286785,0.6656779137313065,0.5,0.7508743262346407,0.003251954274717675,230.89941087804175,86.2924106047243,fast_genus_and_geometry
168,0.8673304052886185,0.9999999571248074,0.8673303681016603,non-portable,0.8731503843158879,0.30755213130674525,1.0,1.0,1.0,24,62,0.3870967741935484,0.2748818993891707,0.34711362611254504,20,62,0.3225806451612903,0.1447291258679857,0.6987498083324873,0.9437543487800532,0.8870369060213331,0.9054116865286785,0.6656779137313065,0.5967741935483871,0.7510547061482423,0.003616243532042099,207.6891944620003,84.93789139020478,fast_genus_and_geometry
169,0.8673304052886185,0.9999999608076893,0.8673303712959357,non-portable,0.8731503843158879,0.30755213130674525,1.0,1.0,1.0,22,62,0.3548387096774194,0.27984620726670345,0.3257163229255595,27,62,0.43548387096774194,0.05729920453623566,0.7031286919864026,0.9685173670626273,0.8870369060213331,0.9054116865286785,0.6656779137313065,0.5967741935483871,0.7529085688862196,0.0032369982684784062,232.5946776734404,87.16656303563646,fast_genus_and_geometry
170,0.8561679331251598,0.9999999710376641,0.8561679083285366,non-portable,0.8731503843158879,0.30755213130674525,1.0,1.0,0.7767505567308268,31,62,0.5,0.1941876391827067,0.32854542685237476,38,62,0.6129032258064516,0.057636739054082925,0.7002462002992631,0.9167837307027571,0.8870369060213331,0.9054116865286785,0.6656779137313065,0.6129032258064516,0.7485643853413675,0.003468692523493512,215.8059211853828,82.51053576324814,fast_genus_and_geometry
171,0.8560400827079734,0.9999987516812774,0.8560390140971108,non-portable,0.8731503843158879,0.30755213130674525,0.967741935483871,0.9677419354838709,1.0,15,62,0.24193548387096775,0.354849135480812,0.3127595152249087,12,62,0.1935483870967742,0.10006151588586487,0.7066058380136504,0.9601751612581394,0.8870369060213331,0.9054116865286785,0.6656779137313065,0.4838709677419355,0.7490272988122637,0.0029363833628635976,255.08498252823603,86.41576451323255,fast_genus_and_geometry
172,0.8591847247330787,0.9999999608284238,0.8591846910774588,non-portable,0.8731503843158879,0.30755213130674525,1.0,1.0,0.837086388889205,24,62,0.3870967741935484,0.20927159722230124,0.31348356187986004,13,62,0.20967741935483872,0.19915918457774348,0.7035292572005337,0.968663272583344,0.8870369060213331,0.9054116865286785,0.6656779137313065,0.5967741935483871,0.7514474732834576,0.003196893879930124,235.0554949605904,87.17969453250096,fast_genus_and_geometry
173,0.8462472065492078,0.9999999714663464,0.8462471824026833,non-portable,0.8731503843158879,0.30755213130674525,1.0,0.8870967741935484,0.9170457026311425,21,62,0.3387096774193548,0.22926142565778562,0.31359210374740454,11,62,0.1774193548387097,0.1514354095494025,0.703263392047179,0.9208952410907391,0.8870369060213331,0.9054116865286785,0.6656779137313065,0.6129032258064516,0.7492540599922634,0.0032099162103119403,233.41857260487515,82.88057169816652,fast_genus_and_geometry
174,0.8624916956111991,0.9999997856245078,0.8624915107141173,non-portable,0.8731503843158879,0.30755213130674525,1.0,0.9677419354838709,1.0,21,62,0.3387096774193548,0.2884007505593278,0.28177703699908735,12,62,0.1935483870967742,0.16108334198399182,0.7135126375033642,0.9054059289228482,0.8870369060213331,0.9054116865286785,0.6656779137313065,0.5483870967741935,0.7557925242462978,0.0024504906726062663,308.42497492245514,81.48653360305634,fast_genus_and_geometry
175,0.8667164147921457,0.9999999005750805,0.8667163286189359,non-portable,0.8731503843158879,0.30755213130674525,1.0,1.0,0.9877201900705446,26,62,0.41935483870967744,0.24693004751763614,0.33614767169155785,15,62,0.24193548387096775,0.14852574349917205,0.7001236627978906,0.9821133626240691,0.8870369060213331,0.9054116865286785,0.6656779137313065,0.5645161290322581,0.7551608980524129,0.003510311627146581,215.12645550111995,88.39020263616622,fast_genus_and_geometry
176,0.8595281741677259,0.9999991415315774,0.85952743628993,non-portable,0.8731503843158879,0.30755213130674525,1.0,1.0,0.8439553775821476,23,62,0.3709677419354839,0.2109888443955369,0.3003008019248698,14,62,0.22580645161290322,0.08741828982522998,0.707433927202164,0.928270901560617,0.8870369060213331,0.9054116865286785,0.6656779137313065,0.5,0.7505275235984086,0.0028773793475092846,260.8371830596754,83.54438114045553,fast_genus_and_geometry
177,0.8624916956111991,0.9999999284382799,0.8624916338898098,non-portable,0.8731503843158879,0.30755213130674525,1.0,0.9677419354838709,1.0,21,62,0.3387096774193548,0.2596173998564195,0.29198697521559475,12,62,0.1935483870967742,0.1338809002603078,0.7095785616805925,0.9376471460988932,0.8870369060213331,0.9054116865286785,0.6656779137313065,0.5806451612903226,0.7519741742791967,0.002719560771814176,276.5057438953889,84.38824314890039,fast_genus_and_geometry
178,0.8657333895562808,0.9999999352771154,0.8657333335235184,non-portable,0.8731503843158879,0.30755213130674525,1.0,1.0,0.9680596853532455,20,62,0.3225806451612903,0.24201492133831137,0.27875170056804827,15,62,0.24193548387096775,0.1174747070986453,0.7124015506963677,0.9653417717379692,0.8870369060213331,0.9054116865286785,0.6656779137313065,0.5806451612903226,0.750423165409298,0.002510072473530738,298.9647403900382,86.88075945641722,fast_genus_and_geometry
179,0.8673304052886185,0.999999997944212,0.8673304035055711,non-portable,0.8731503843158879,0.30755213130674525,1.0,1.0,1.0,24,62,0.3870967741935484,0.2602899637873217,0.3242124935434287,13,62,0.20967741935483872,0.17013068157741223,0.7026389223885795,0.970480724682601,0.8870369060213331,0.9054116865286785,0.6656779137313065,0.6935483870967742,0.751656103941034,0.0032733425874675376,229.6295251278792,87.3432652214341,fast_genus_and_geometry
180,0.826201373030554,0.9999999388028917,0.8262013224694191,non-portable,0.8731503843158879,0.30755213130674525,1.0,0.7258064516129032,1.0,21,62,0.3387096774193548,0.3018634399834874,0.31913734728699406,9,62,0.14516129032258066,0.09635456061262836,0.7041329592975273,0.9807860918490342,0.8870369060213331,0.9054116865286785,0.6656779137313065,0.5806451612903226,0.7538552733495038,0.003156501874613126,238.826176348113,88.27074826641308,fast_genus_and_geometry
181,0.8372563931126005,0.9999999857472337,0.8372563811793807,non-portable,0.8731503843158879,0.30755213130674525,1.0,0.8870967741935484,0.737229433898996,30,62,0.4838709677419355,0.184307358474749,0.34049554750044686,11,62,0.1774193548387097,0.11778668627580138,0.6984589595941,0.9771462624651178,0.8870369060213331,0.9054116865286785,0.6656779137313065,0.6290322580645161,0.7538435115442308,0.0036566598819038837,206.1563109204822,87.9431636218606,fast_genus_and_geometry
182,0.8602354032934709,0.999999973992272,0.8602353809207026,non-portable,0.8731503843158879,0.30755213130674525,1.0,1.0,0.858099960097049,24,62,0.3870967741935484,0.21452499002426226,0.3243305230263605,14,62,0.22580645161290322,0.14922466549733054,0.7023774548418787,0.9464516824870361,0.8870369060213331,0.9054116865286785,0.6656779137313065,0.6129032258064516,0.7503889744522052,0.0032902281723926523,228.0659380247549,85.18065142383325,fast_genus_and_geometry
183,0.8673304052886185,0.9999999849088046,0.8673303921995659,non-portable,0.8731503843158879,0.30755213130674525,1.0,1.0,1.0,23,62,0.3709677419354839,0.25024293949693277,0.3139855766857654,21,62,0.3387096774193548,0.08776151873819532,0.7063690142162792,0.9613860868469034,0.8870369060213331,0.9054116865286785,0.6656779137313065,0.6290322580645161,0.7526341710405702,0.002969332518614781,253.4691437628819,86.5247478162213,fast_genus_and_geometry
184,0.8605814123992306,0.9999999473373448,0.8605813670787283,non-portable,0.8731503843158879,0.30755213130674525,1.0,1.0,0.8650201422122432,24,62,0.3870967741935484,0.2162550355530608,0.3184831812949811,47,62,0.7580645161290323,0.04819151363012871,0.7040461517921023,0.8870630829369385,0.8870369060213331,0.9054116865286785,0.6656779137313065,0.5967741935483871,0.7540005531776032,0.0031643554881917333,238.27934503290456,79.83567746432446,fast_genus_and_geometry
185,0.8601066001760467,0.9999999783330671,0.8601065815401747,non-portable,0.8731503843158879,0.30755213130674525,1.0,1.0,0.8555238977485651,26,62,0.41935483870967744,0.21388097443714127,0.3171670388514131,13,62,0.20967741935483872,0.14535006324522642,0.7038138075596828,0.9967995779303783,0.8870369060213331,0.9054116865286785,0.6656779137313065,0.6129032258064516,0.7525237842082554,0.0031775733499889015,236.82341879248318,89.71196201373405,fast_genus_and_geometry
186,0.8673304052886185,0.9999998779112369,0.8673302993973221,non-portable,0.8731503843158879,0.30755213130674525,1.0,1.0,1.0,18,62,0.2903225806451613,0.3008413530026346,0.3002189183897815,13,62,0.20967741935483872,0.1185072247497005,0.7085263963052935,0.9254958791932423,0.8870369060213331,0.9054116865286785,0.6656779137313065,0.5645161290322581,0.754999374406869,0.002810073041093386,268.67606762032864,83.2946291273918,fast_genus_and_geometry
187,0.8673304052886185,0.9999999938437281,0.8673303999490967,non-portable,0.8731503843158879,0.30755213130674525,1.0,1.0,1.0,23,62,0.3709677419354839,0.2634664752659903,0.3458317100267837,17,62,0.27419354838709675,0.14984068385562718,0.6982485484207649,0.9383378849782674,0.8870369060213331,0.9054116865286785,0.6656779137313065,0.6612903225806451,0.75031210954499,0.003659055713177309,205.05621350418386,84.45040964804407,fast_genus_and_geometry
188,0.8503949214176507,0.999999897133173,0.8503948339402235,non-portable,0.8731503843158879,0.30755213130674525,1.0,0.8870967741935484,1.0,20,62,0.3225806451612903,0.2657922438658248,0.3459509792040506,11,62,0.1774193548387097,0.10747426769082077,0.6957509564090802,0.9727300073917448,0.8870369060213331,0.9054116865286785,0.6656779137313065,0.5645161290322581,0.7463009437783247,0.003875989810038626,192.5446093396431,87.54570066525703,fast_genus_and_geometry
189,0.826201373030554,0.9999995109412023,0.8262009689695038,non-portable,0.8731503843158879,0.30755213130674525,1.0,0.7258064516129032,1.0,22,62,0.3548387096774194,0.2670404034929198,0.3246334498617621,9,62,0.14516129032258066,0.11987519564029157,0.7022800350312784,0.9482744645898028,0.8870369060213331,0.9054116865286785,0.6656779137313065,0.5161290322580645,0.7544763938285527,0.00331657253735315,227.4867759806864,85.34470181308225,fast_genus_and_geometry
190,0.8648554504370299,0.9999999961941806,0.8648554471455463,non-portable,0.8731503843158879,0.30755213130674525,1.0,1.0,0.9505009029682294,22,62,0.3548387096774194,0.23762522574205736,0.31056669803842973,13,62,0.20967741935483872,0.15622942627447212,0.7051039885551124,0.9358077070830223,0.8870369060213331,0.9054116865286785,0.6656779137313065,0.6774193548387096,0.747586095218233,0.0030507316679118032,245.05140949677445,84.222693637472,fast_genus_and_geometry
191,0.8673304052886185,0.9999999553363925,0.8673303665505138,non-portable,0.8731503843158879,0.30755213130674525,1.0,1.0,1.0,18,62,0.2903225806451613,0.330522054553217,0.32841265305925355,20,62,0.3225806451612903,0.08886511507917318,0.7026912575609109,0.9324869591447148,0.8870369060213331,0.9054116865286785,0.6656779137313065,0.5967741935483871,0.7611509181042846,0.003310156283439827,229.94410321718001,83.92382632302433,fast_genus_and_geometry
192,0.8673304052886185,0.9999999838220721,0.8673303912570097,non-portable,0.8731503843158879,0.30755213130674525,1.0,1.0,1.0,24,62,0.3870967741935484,0.2708847842851748,0.3374742252339282,13,62,0.20967741935483872,0.12242653890309019,0.700278440330683,0.9422136624060707,0.8870369060213331,0.9054116865286785,0.6656779137313065,0.6290322580645161,0.7549357550113871,0.0034953134349362865,215.98513811827814,84.79922961654637,fast_genus_and_geometry
193,0.834920855990198,0.9999998887330501,0.834920763091101,non-portable,0.8731503843158879,0.30755213130674525,1.0,0.8064516129032258,0.932454175321916,20,62,0.3225806451612903,0.233113543830479,0.30648715881046373,10,62,0.16129032258064516,0.12964909032840766,0.705506142696835,0.9510869491756037,0.8870369060213331,0.9054116865286785,0.6656779137313065,0.5645161290322581,0.7512452240375184,0.003033018190462336,247.68899388730762,85.59782542580433,fast_genus_and_geometry
194,0.8673304052886185,0.9999999369291392,0.8673303505853432,non-portable,0.8731503843158879,0.30755213130674525,1.0,1.0,1.0,20,62,0.3225806451612903,0.3342374690298635,0.29247448958027744,13,62,0.20967741935483872,0.13584860451222824,0.7110917938841241,0.9724707307078478,0.8870369060213331,0.9054116865286785,0.6656779137313065,0.5806451612903226,0.7593954167984227,0.0026342979471614234,288.2724095870424,87.5223657637063,fast_genus_and_geometry
195,0.8673304052886185,0.9999996570932258,0.8673301078751471,non-portable,0.8731503843158879,0.30755213130674525,1.0,1.0,1.0,21,62,0.3387096774193548,0.331123177377207,0.3351864322055041,45,62,0.7258064516129032,0.04642168311169046,0.7018903691996459,0.911027026101877,0.8870369060213331,0.9054116865286785,0.6656779137313065,0.532258064516129,0.7518686265558687,0.003338840314803796,225.1885552064959,81.99243234916894,fast_genus_and_geometry
196,0.8673304052886185,0.9999999548049965,0.8673303660896178,non-portable,0.8731503843158879,0.30755213130674525,1.0,1.0,1.0,21,62,0.3387096774193548,0.26329268778985604,0.3222493453818457,14,62,0.22580645161290322,0.12521379316444126,0.7041337778691701,0.9292258991445557,0.8870369060213331,0.9054116865286785,0.6656779137313065,0.5967741935483871,0.7520289180806721,0.003148786575310585,238.8313402938383,83.63033092301,fast_genus_and_geometry
197,0.8629831905713581,0.9999999427411816,0.8629831411579604,non-portable,0.8731503843158879,0.30755213130674525,1.0,1.0,0.913055705654793,25,62,0.4032258064516129,0.22826392641369825,0.31979114192592045,13,62,0.20967741935483872,0.14241046741842497,0.7030497337623307,0.9991263820888774,0.8870369060213331,0.9054116865286785,0.6656779137313065,0.5806451612903226,0.7534650806173733,0.0032461073371439254,232.1134215112882,89.92137438799897,fast_genus_and_geometry
198,0.8474743913251994,0.9999991319647509,0.8474736556875551,non-portable,0.8731503843158879,0.30755213130674525,1.0,0.8870967741935484,0.9415893981509749,22,62,0.3548387096774194,0.23539734953774372,0.3139105959803933,11,62,0.1774193548387097,0.1166512639391789,0.7033840571492767,0.9252152741641162,0.8870369060213331,0.9054116865286785,0.6656779137313065,0.5,0.7518779304417943,0.0032109617485091674,234.15972824680557,83.26937467477046,fast_genus_and_geometry
199,0.8141045988370056,0.9999999425718389,0.8141045520844755,non-portable,0.8731503843158879,0.30755213130674525,1.0,0.6451612903225806,1.0,25,62,0.4032258064516129,0.2997873560995856,0.34510418386273534,8,62,0.12903225806451613,0.10205270138935729,0.6985082910042405,0.9983121504318657,0.8870369060213331,0.9054116865286785,0.6656779137313065,0.5806451612903226,0.7510245784666189,0.00363841520753745,206.41530326466693,89.84809353886791,fast_genus_and_geometry
200,0.8673304052886185,0.9999999561372458,0.8673303672451181,non-portable,0.8731503843158879,0.30755213130674525,1.0,1.0,1.0,20,62,0.3225806451612903,0.2770148282305811,0.3222630132274716,14,62,0.22580645161290322,0.11814580753153262,0.7034372960105804,0.9374756588635739,0.8870369060213331,0.9054116865286785,0.6656779137313065,0.5967741935483871,0.7475976543884935,0.003188217311526336,234.48767174235888,84.37280929772164,fast_genus_and_geometry
201,0.8668725177971162,0.9999999714520388,0.8668724930496732,non-portable,0.8731503843158879,0.30755213130674525,1.0,1.0,0.9908422501699539,23,62,0.3709677419354839,0.24771056254248847,0.33131361382090685,20,62,0.3225806451612903,0.0989479730828077,0.700762433582767,0.9207570226918534,0.8870369060213331,0.9054116865286785,0.6656779137313065,0.6129032258064516,0.7532373316713883,0.0034441870110014554,218.69815119370415,82.86813204226681,fast_genus_and_geometry
202,0.8556425706687002,0.9999999321961891,0.8556425126528732,non-portable,0.8731503843158879,0.30755213130674525,1.0,0.9677419354838709,0.863017501150023,24,62,0.3870967741935484,0.21575437528750574,0.310603976952753,12,62,0.1935483870967742,0.15739679969418338,0.7055206851765823,0.9525199006132958,0.8870369060213331,0.9054116865286785,0.6656779137313065,0.5806451612903226,0.7465458677898542,0.003012877123744089,247.78503640471237,85.72679105519663,fast_genus_and_geometry
203,0.8624435231445131,0.999997395175262,0.8624412766302889,non-portable,0.8731503843158879,0.30755213130674525,1.0,0.9677419354838709,0.9990365506662808,19,62,0.3064516129032258,0.2497591376665702,0.28971399886469246,12,62,0.1935483870967742,0.13275737085069006,0.7090249888247753,0.8924995122718631,0.8870369060213331,0.9054116865286785,0.6656779137313065,0.46774193548387094,0.7480208843422684,0.0027465289315295976,272.3513580196224,80.32495610446767,fast_genus_and_geometry
204,0.8624916956111991,0.9999999595436796,0.8624916607179587,non-portable,0.8731503843158879,0.30755213130674525,1.0,0.9677419354838709,1.0,22,62,0.3548387096774194,0.2712695475361435,0.3228591443239689,12,62,0.1935483870967742,0.1283397476961144,0.7023995181400449,0.959765438709212,0.8870369060213331,0.9054116865286785,0.6656779137313065,0.5967741935483871,0.7557622774937803,0.003311880004832032,228.1973611335928,86.37888948382908,fast_genus_and_geometry
205,0.8600660493619674,0.9999999862931632,0.8600660375731825,non-portable,0.8731503843158879,0.30755213130674525,1.0,1.0,0.8547128814669795,26,62,0.41935483870967744,0.2136782203667449,0.331992744025667,13,62,0.20967741935483872,0.1472796607029303,0.6994137716220039,0.9879147788273229,0.8870369060213331,0.9054116865286785,0.6656779137313065,0.6290322580645161,0.7533661830143347,0.0035663567746350975,211.24251739828176,88.91233009445907,fast_genus_and_geometry
206,0.8629992467383384,0.9999998964687703,0.8629991573909651,non-portable,0.8731503843158879,0.30755213130674525,1.0,1.0,0.913376828994398,21,62,0.3387096774193548,0.2283442072485995,0.3207124340533733,13,62,0.20967741935483872,0.1626276497616381,0.7033866117993895,0.970954908028402,0.8870369060213331,0.9054116865286785,0.6656779137313065,0.5645161290322581,0.7571602424226049,0.00323330322598435,234.1754513890649,87.38594172255618,fast_genus_and_geometry
207,0.8630793810612998,0.9999999965542938,0.8630793780873819,non-portable,0.8731503843158879,0.30755213130674525,1.0,1.0,0.9149795154536275,24,62,0.3870967741935484,0.2287448788634069,0.2979028031590566,44,62,0.7096774193548387,0.049669362100992376,0.7081577673036935,0.9632147621636781,0.8870369060213331,0.9054116865286785,0.6656779137313065,0.6774193548387096,0.7400061304990248,0.002781993287705803,265.99853197678914,86.68932859473102,fast_genus_and_geometry
208,0.8535835806443964,0.9999999862361499,0.8535835688958,non-portable,0.8731503843158879,0.30755213130674525,1.0,0.9677419354838709,0.8218377006639468,25,62,0.4032258064516129,0.2054594251659867,0.30137152102966025,12,62,0.1935483870967742,0.14482816614475533,0.7080056535188324,0.9867703155410872,0.8870369060213331,0.9054116865286785,0.6656779137313065,0.6290322580645161,0.7495089621341812,0.002829367410577712,264.9033700367473,88.80932839869784,fast_genus_and_geometry
209,0.8673304052886185,0.9999999899981936,0.8673303966137477,non-portable,0.8731503843158879,0.30755213130674525,1.0,1.0,1.0,24,62,0.3870967741935484,0.28518511491132104,0.3315080912697978,13,62,0.20967741935483872,0.16700719690382526,0.7018095994486275,0.9396675092096184,0.8870369060213331,0.9054116865286785,0.6656779137313065,0.6451612903225806,0.7465576887139096,0.0033222301135472326,224.71582738041894,84.57007582886565,fast_genus_and_geometry
210,0.8559833438964316,0.9999996781353823,0.8559830683856798,non-portable,0.8731503843158879,0.30755213130674525,1.0,0.9677419354838709,0.8698329657046515,23,62,0.3709677419354839,0.21745824142616288,0.2863352461980393,12,62,0.1935483870967742,0.1508023661231108,0.7112970503715093,0.9284875936327075,0.8870369060213331,0.9054116865286785,0.6656779137313065,0.532258064516129,0.7531330679848659,0.0025977614780361698,289.9161737336301,83.56388342694368,fast_genus_and_geometry
211,0.8664671763506441,0.9999999902758568,0.8664671679249932,non-portable,0.8731503843158879,0.30755213130674525,1.0,1.0,0.9827354212405126,21,62,0.3387096774193548,0.24568385531012815,0.3202203776547289,14,62,0.22580645161290322,0.1693546540218246,0.702840011153778,0.9474300595155226,0.8870369060213331,0.9054116865286785,0.6656779137313065,0.6451612903225806,0.7517781417267092,0.003256689777980979,230.84118936031496,85.26870535639704,fast_genus_and_geometry
212,0.8603637592578978,0.9999999295277607,0.860363698626137,non-portable,0.8731503843158879,0.30755213130674525,1.0,0.9677419354838709,0.9574412729339741,22,62,0.3548387096774194,0.23936031823349352,0.3195159960768406,12,62,0.1935483870967742,0.11766663387817543,0.70409575544303,0.9418770560722324,0.8870369060213331,0.9054116865286785,0.6656779137313065,0.5806451612903226,0.7532233082502349,0.0031569562079918206,238.5916239013558,84.76893504650091,fast_genus_and_geometry
213,0.8568452290947223,0.9999999630290637,0.8568451974163519,non-portable,0.8731503843158879,0.30755213130674525,1.0,0.9677419354838709,0.8870706696704644,23,62,0.3709677419354839,0.2217676674176161,0.3014119640458639,12,62,0.1935483870967742,0.1326200543498945,0.7049798591748236,0.9846050950040653,0.8870369060213331,0.9054116865286785,0.6656779137313065,0.5967741935483871,0.7498157584369464,0.0030699405175049813,244.24439306281437,88.61445855036588,fast_genus_and_geometry
214,0.8572179467972394,0.99999997787694,0.8572179278329553,non-portable,0.8731503843158879,0.30755213130674525,1.0,0.9677419354838709,0.8945250237208064,23,62,0.3709677419354839,0.2236312559302016,0.2826669870880285,12,62,0.1935483870967742,0.13284746786446655,0.7123747903638947,0.9910554787203818,0.8870369060213331,0.9054116865286785,0.6656779137313065,0.6129032258064516,0.7532151070940323,0.002521294846812991,298.7413820506252,89.19499308483437,fast_genus_and_geometry
215,0.8520775811799215,0.9999999937066673,0.8520775758175138,non-portable,0.8731503843158879,0.30755213130674525,1.0,1.0,0.6949435178260603,26,62,0.41935483870967744,0.17373587945651509,0.3232933431170313,13,62,0.20967741935483872,0.11228669120353652,0.7009649335035665,0.9322667348821706,0.8870369060213331,0.9054116865286785,0.6656779137313065,0.6612903225806451,0.7494870230806231,0.0034091465803230353,219.8459366360261,83.90400613939535,fast_genus_and_geometry
216,0.8664254710672155,0.9999999768661626,0.8664254510234695,non-portable,0.8731503843158879,0.30755213130674525,1.0,1.0,0.9819013155719396,22,62,0.3548387096774194,0.2454753288929849,0.30050904955821256,13,62,0.20967741935483872,0.1675441304353823,0.7092955196172593,0.9787375379830945,0.8870369060213331,0.9054116865286785,0.6656779137313065,0.6129032258064516,0.7562458618995995,0.002756281304797522,274.3717996357247,88.0863784184785,fast_genus_and_geometry
217,0.8382981472241023,0.9999999405011448,0.8382980973463223,non-portable,0.8731503843158879,0.30755213130674525,1.0,0.8064516129032258,1.0,23,62,0.3709677419354839,0.278335173888561,0.34379525403267175,10,62,0.16129032258064516,0.10844641180639603,0.6992602783223844,0.988545589028624,0.8870369060213331,0.9054116865286785,0.6656779137313065,0.5806451612903226,0.7553913456049042,0.0035900185489511744,210.41432942612292,88.96910301257616,fast_genus_and_geometry
218,0.8660633042679499,0.9999999910686904,0.8660632965328704,non-portable,0.8731503843158879,0.30755213130674525,1.0,1.0,0.9746579795866275,25,62,0.4032258064516129,0.24366449489665687,0.33384383446009225,34,62,0.5483870967741935,0.04989395724477566,0.6966731441308909,0.9708795322834873,0.8870369060213331,0.9054116865286785,0.6656779137313065,0.6451612903225806,0.749577723242495,0.003804007702920556,197.04947565353274,87.37915790551386,fast_genus_and_geometry
219,0.841386016188998,0.9999999956130923,0.8413860124979152,non-portable,0.8731503843158879,0.30755213130674525,1.0,0.8870967741935484,0.8198218954269461,23,62,0.3709677419354839,0.20495547385673651,0.3040210759504733,11,62,0.1774193548387097,0.14788505189534448,0.7069697451575246,0.896630029402034,0.8870369060213331,0.9054116865286785,0.6656779137313065,0.6774193548387096,0.7446026767683916,0.0028906159831800773,257.59308088694155,80.69670264618306,fast_genus_and_geometry
220,0.8671278131740952,0.9999999349341153,0.8671277567536568,non-portable,0.8731503843158879,0.30755213130674525,1.0,1.0,0.9959481577095346,21,62,0.3387096774193548,0.24898703942738365,0.3187539800714041,13,62,0.20967741935483872,0.10541649883000123,0.7051695098490717,0.9638844568281557,0.8870369060213331,0.9054116865286785,0.6656779137313065,0.5806451612903226,0.7495700116357139,0.003053502819097698,245.47873574821517,86.74960111453402,fast_genus_and_geometry
221,0.8565967394208405,0.9999995441501139,0.8565963489413144,non-portable,0.8731503843158879,0.30755213130674525,1.0,0.9677419354838709,0.8821008761928288,24,62,0.3870967741935484,0.2205252190482072,0.3046509417655653,12,62,0.1935483870967742,0.11416259462431542,0.7067247104179423,0.9676627362694995,0.8870369060213331,0.9054116865286785,0.6656779137313065,0.5161290322580645,0.7536433931921432,0.0029450595948453456,255.90089739142255,87.08964626425495,fast_genus_and_geometry
222,0.8609209359465289,0.9999999997072793,0.8609209356945194,non-portable,0.8731503843158879,0.30755213130674525,1.0,0.9677419354838709,0.9685848067065967,28,62,0.45161290322580644,0.2421462016766492,0.31813597241659564,12,62,0.1935483870967742,0.16060929181089195,0.7049859297735244,0.9673729963195556,0.8870369060213331,0.9054116865286785,0.6656779137313065,0.7580645161290323,0.7568579545369433,0.003098273429463776,244.2837831352845,87.06356966876001,fast_genus_and_geometry
223,0.8625528510182711,0.9999999942928579,0.8625528460955594,non-portable,0.8731503843158879,0.30755213130674525,1.0,1.0,0.9044489145930521,30,62,0.4838709677419355,0.22611222864826303,0.3299264314273768,16,62,0.25806451612903225,0.1687051177703639,0.701438635568159,0.9592243538457879,0.8870369060213331,0.9054116865286785,0.6656779137313065,0.6612903225806451,0.7498437726807597,0.0033691672895938642,222.56056414792914,86.33019184612091,fast_genus_and_geometry
224,0.7706411636098188,0.999999573402372,0.7706408348561264,non-portable,0.8731503843158879,0.30755213130674525,1.0,0.4032258064516129,0.8565377470691704,25,62,0.4032258064516129,0.2141344367672926,0.314899830306059,5,62,0.08064516129032258,0.12419430701925331,0.7058878113098732,0.9859490026214023,0.8870369060213331,0.9054116865286785,0.6656779137313065,0.5161290322580645,0.7517530871474859,0.003004306769251806,250.2251417336795,88.73541023592621,fast_genus_and_geometry
225,0.8673304052886185,0.9999999596021144,0.867330370250304,non-portable,0.8731503843158879,0.30755213130674525,1.0,1.0,1.0,18,62,0.2903225806451613,0.34253218871054825,0.3183008080092671,13,62,0.20967741935483872,0.15863293718721239,0.7046495267677508,0.9601639708870185,0.8870369060213331,0.9054116865286785,0.6656779137313065,0.5967741935483871,0.7549777894019764,0.003118288067554845,242.11290716126172,86.41475737983167,fast_genus_and_geometry
226,0.8624916956111991,0.9999998954453866,0.8624916054337133,non-portable,0.8731503843158879,0.30755213130674525,1.0,0.9677419354838709,1.0,18,62,0.2903225806451613,0.29049100367049485,0.33588998375150003,12,62,0.1935483870967742,0.15456789582888852,0.6987893988042817,0.9682428769624,0.8870369060213331,0.9054116865286785,0.6656779137313065,0.5645161290322581,0.7542519353522151,0.0036279736464835764,207.8989565106891,87.141858926616,fast_genus_and_geometry
227,0.8624916956111991,0.999999996217418,0.8624916923487536,non-portable,0.8731503843158879,0.30755213130674525,1.0,0.9677419354838709,1.0,24,62,0.3870967741935484,0.2515778297587353,0.33693233537085615,12,62,0.1935483870967742,0.18061107014030847,0.699977106106475,0.9374963257800347,0.8870369060213331,0.9054116865286785,0.6656779137313065,0.6774193548387096,0.7557559727441978,0.003526341008476904,214.3173252182504,84.37466932020313,fast_genus_and_geometry
228,0.8599796046502413,0.9999999961688231,0.8599796013555072,non-portable,0.8731503843158879,0.30755213130674525,1.0,0.9677419354838709,0.9497581807808433,27,62,0.43548387096774194,0.23743954519521082,0.3186348222289443,12,62,0.1935483870967742,0.12821036190480237,0.7052847384229386,0.9339767425740432,0.8870369060213331,0.9054116865286785,0.6656779137313065,0.6774193548387096,0.7503238071494063,0.003047216613542542,246.23251389966572,84.05790683166389,fast_genus_and_geometry
229,0.8620914978961093,0.9999994726314277,0.8620910432561468,non-portable,0.8731503843158879,0.30755213130674525,1.0,1.0,0.8952218521498172,20,62,0.3225806451612903,0.2238054630374543,0.29407487219617623,26,62,0.41935483870967744,0.052635432143381476,0.7070346724276191,0.9274806376430068,0.8870369060213331,0.9054116865286785,0.6656779137313065,0.5161290322580645,0.7535775793099262,0.0029203475122202044,258.0438034023616,83.47325738787062,fast_genus_and_geometry
230,0.8673304052886185,0.9999998621265987,0.8673302857068255,non-portable,0.8731503843158879,0.30755213130674525,1.0,1.0,1.0,22,62,0.3548387096774194,0.31793994434446626,0.34670245210323425,45,62,0.7258064516129032,0.050155738513351034,0.6977596471256988,0.8919719973408833,0.8870369060213331,0.9054116865286785,0.6656779137313065,0.5645161290322581,0.7462414087089797,0.0036846258074585865,202.5284106729112,80.2774797606795,fast_genus_and_geometry
231,0.8653511967327184,0.9999999832815124,0.8653511822653552,non-portable,0.8731503843158879,0.30755213130674525,1.0,1.0,0.9604158288819995,26,62,0.41935483870967744,0.24010395722049988,0.35876657612321244,14,62,0.22580645161290322,0.16164608502149236,0.692932618087212,0.9331515473993954,0.8870369060213331,0.9054116865286785,0.6656779137313065,0.6290322580645161,0.7567630501137707,0.004214612948175471,179.5569508800037,83.98363926594558,fast_genus_and_geometry
232,0.826201373030554,0.9999996876186911,0.8262011149406876,non-portable,0.8731503843158879,0.30755213130674525,1.0,0.7258064516129032,1.0,20,62,0.3225806451612903,0.30657841470139724,0.328829384086882,9,62,0.14516129032258066,0.11479320784540667,0.7005431109342386,0.9367333386486897,0.8870369060213331,0.9054116865286785,0.6656779137313065,0.532258064516129,0.7529656739471211,0.0034624925534508287,217.46347820927207,84.30600047838207,fast_genus_and_geometry
233,0.8673304052886185,0.9999999544221775,0.8673303657575873,non-portable,0.8731503843158879,0.30755213130674525,1.0,1.0,1.0,20,62,0.3225806451612903,0.254721963984354,0.32161772548274403,13,62,0.20967741935483872,0.1162854865309197,0.7026424258903181,0.9269002958245766,0.8870369060213331,0.9054116865286785,0.6656779137313065,0.5967741935483871,0.75250276643252,0.003276729404290559,229.65056725379603,83.42102662421189,fast_genus_and_geometry
234,0.8624916956111991,0.9999999731567388,0.8624916724591093,non-portable,0.8731503843158879,0.30755213130674525,1.0,0.9677419354838709,1.0,22,62,0.3548387096774194,0.283962073291503,0.3492599070297593,12,62,0.1935483870967742,0.18729948244978178,0.6964389866118341,0.9377331791600063,0.8870369060213331,0.9054116865286785,0.6656779137313065,0.6129032258064516,0.7444948711025114,0.0038005145441778296,195.89317773906035,84.39598612440057,fast_genus_and_geometry
235,0.8673304052886185,0.9999988393249646,0.8673293985998696,non-portable,0.8731503843158879,0.30755213130674525,1.0,1.0,1.0,20,62,0.3225806451612903,0.2803563877000935,0.3124488287305252,18,62,0.2903225806451613,0.11535950909164744,0.7056593628336043,0.9802463178249043,0.8870369060213331,0.9054116865286785,0.6656779137313065,0.4838709677419355,0.7534891760321868,0.0030296716645298303,248.70324558721433,88.22216860424139,fast_genus_and_geometry
236,0.867307530602408,0.9999996969374184,0.8673072677539487,non-portable,0.8731503843158879,0.30755213130674525,1.0,1.0,0.9995425062757901,24,62,0.3870967741935484,0.24988562656894753,0.33832482686309157,16,62,0.25806451612903225,0.10394245752492204,0.6988347289186726,0.9450835341862578,0.8870369060213331,0.9054116865286785,0.6656779137313065,0.532258064516129,0.7452235268555583,0.0035804049000075933,208.13945563921493,85.0575180767632,fast_genus_and_geometry
237,0.8566261767600436,0.9999998257421601,0.8566260274862164,non-portable,0.8731503843158879,0.30755213130674525,1.0,1.0,0.7859154294285025,23,62,0.3709677419354839,0.1964788573571256,0.30081011779417666,13,62,0.20967741935483872,0.15777227022084808,0.7065287538968085,0.9625328087618694,0.8870369060213331,0.9054116865286785,0.6656779137313065,0.5483870967741935,0.7542843856375868,0.0029631183413070207,254.55763110185964,86.62795278856825,fast_genus_and_geometry
238,0.8382898545702953,0.9999999782296234,0.8382898363204094,non-portable,0.8731503843158879,0.30755213130674525,1.0,0.8064516129032258,0.9998341469238596,24,62,0.3870967741935484,0.2499585367309649,0.3267389404897126,10,62,0.16129032258064516,0.10617025518948574,0.7008520842938056,0.9954863582994542,0.8870369060213331,0.9054116865286785,0.6656779137313065,0.6129032258064516,0.7471744728487755,0.0034085591785493223,219.20536910459973,89.59377224695088,fast_genus_and_geometry
239,0.8624916956111991,0.999999975265323,0.8624916742777456,non-portable,0.8731503843158879,0.30755213130674525,1.0,0.9677419354838709,1.0,24,62,0.3870967741935484,0.2797705373304765,0.33748536575965316,12,62,0.1935483870967742,0.11843280842739452,0.700544172268045,0.9602892933689683,0.8870369060213331,0.9054116865286785,0.6656779137313065,0.6129032258064516,0.7547888634985924,0.003470781419471047,217.46943188765357,86.42603640320715,fast_genus_and_geometry
240,0.794747574570833,0.9999999779059019,0.7947475570116022,non-portable,0.8731503843158879,0.30755213130674525,1.0,0.564516129032258,0.8547949985475176,28,62,0.45161290322580644,0.2136987496368794,0.29657029813685293,7,62,0.11290322580645161,0.10960183101300425,0.7077489900970477,0.9914166655552473,0.8870369060213331,0.9054116865286785,0.6656779137313065,0.6129032258064516,0.7532053709375665,0.0028631560006961115,263.0682263748261,89.22749989997226,fast_genus_and_geometry
241,0.8673304052886185,0.9999999914046901,0.8673303978336449,non-portable,0.8731503843158879,0.30755213130674525,1.0,1.0,1.0,25,62,0.4032258064516129,0.25785261188648506,0.34912426961749754,13,62,0.20967741935483872,0.15938380803682523,0.6972360975872332,0.9814523088086471,0.8870369060213331,0.9054116865286785,0.6656779137313065,0.6451612903225806,0.7579543084237039,0.003792336751579384,199.86471615634892,88.33070779277824,fast_genus_and_geometry
242,0.8592389527650761,0.9999999274801398,0.8592388904531874,non-portable,0.8731503843158879,0.30755213130674525,1.0,1.0,0.8381709495291532,28,62,0.45161290322580644,0.2095427373822883,0.31785693898327677,17,62,0.27419354838709675,0.11411317267761605,0.7017112353367707,0.9339800508924095,0.8870369060213331,0.9054116865286785,0.6656779137313065,0.5806451612903226,0.7474757994624036,0.0033348344324251517,224.1418021220399,84.05820458031685,fast_genus_and_geometry
243,0.8624916956111991,0.9999996999424786,0.8624914368140787,non-portable,0.8731503843158879,0.30755213130674525,1.0,0.9677419354838709,1.0,19,62,0.3064516129032258,0.28284208886402196,0.29524007079003345,12,62,0.1935483870967742,0.14324748971213128,0.7079950789733973,0.9478311010957812,0.8870369060213331,0.9054116865286785,0.6656779137313065,0.532258064516129,0.7507064394923244,0.002834700286976027,264.827446817369,85.30479909862031,fast_genus_and_geometry
244,0.8396638663221933,0.9999998995189657,0.8396637819518995,non-portable,0.8731503843158879,0.30755213130674525,1.0,0.8870967741935484,0.7853788980908518,26,62,0.41935483870967744,0.19634472452271295,0.3052518372741806,11,62,0.1774193548387097,0.12061685003441663,0.7032540582708896,0.9792000664621356,0.8870369060213331,0.9054116865286785,0.6656779137313065,0.5645161290322581,0.7444939393389044,0.003190305046223643,233.361364682089,88.12800598159221,fast_genus_and_geometry
245,0.8673304052886185,0.9999998234117816,0.8673302521282875,non-portable,0.8731503843158879,0.30755213130674525,1.0,1.0,1.0,26,62,0.41935483870967744,0.252039257400786,0.32657961229596233,19,62,0.3064516129032258,0.09913270055627953,0.7015782311671753,0.9588700229980824,0.8870369060213331,0.9054116865286785,0.6656779137313065,0.5483870967741935,0.7464088688385753,0.003341602382919226,223.36854697431474,86.29830206982741,fast_genus_and_geometry
246,0.8557480782166517,0.9999999744602865,0.855748056361091,non-portable,0.8731503843158879,0.30755213130674525,1.0,0.9677419354838709,0.8651276521090518,28,62,0.45161290322580644,0.21628191302726296,0.34999082243228263,12,62,0.1935483870967742,0.158443689475883,0.6960748267245631,0.9514584715917109,0.8870369060213331,0.9054116865286785,0.6656779137313065,0.6129032258064516,0.7496435753403339,0.0038619163756499586,194.11180937706587,85.63126244325399,fast_genus_and_geometry
247,0.8595375542123119,0.9999999761000661,0.8595375336694212,non-portable,0.8731503843158879,0.30755213130674525,1.0,1.0,0.8441429784738705,22,62,0.3548387096774194,0.21103574461846764,0.3051053423406875,13,62,0.20967741935483872,0.16660137224208194,0.705425574024326,0.9697548298103484,0.8870369060213331,0.9054116865286785,0.6656779137313065,0.6129032258064516,0.74977662995634,0.0030335956010243514,247.15773905498926,87.27793468293136,fast_genus_and_geometry
248,0.7778142762563603,0.9999999902115019,0.7778142686427267,non-portable,0.8731503843158879,0.30755213130674525,1.0,0.4032258064516129,1.0,22,62,0.3548387096774194,0.27541617005425756,0.3178362258269404,5,62,0.08064516129032258,0.10841961793223577,0.7046516480418646,0.9456113525874942,0.8870369060213331,0.9054116865286785,0.6656779137313065,0.6451612903225806,0.7497656282864291,0.0030965861449109306,242.12652036780173,85.10502173287448,fast_genus_and_geometry
249,0.8667210822470096,0.9999996634491846,0.8667207905513227,non-portable,0.8731503843158879,0.30755213130674525,1.0,1.0,0.9878135391678224,27,62,0.43548387096774194,0.2469533847919556,0.3254401617664574,43,62,0.6935483870967742,0.05246121052633988,0.7007477312932809,0.916185564929563,0.8870369060213331,0.9054116865286785,0.6656779137313065,0.532258064516129,0.7499649026493821,0.003430526376793852,218.61511041646457,82.45670084366067,fast_genus_and_geometry
250,0.8673304052886185,0.9999999542633026,0.8673303656197902,non-portable,0.8731503843158879,0.30755213130674525,1.0,1.0,1.0,24,62,0.3870967741935484,0.27799258672414395,0.32114375699837333,13,62,0.20967741935483872,0.16463643751477608,0.7059245971705645,0.9259408719210995,0.8870369060213331,0.9054116865286785,0.6656779137313065,0.5967741935483871,0.754908930272273,0.0030139539092280286,250.47129219890084,83.33467847289896,fast_genus_and_geometry
251,0.8673304052886185,0.9999998887592924,0.8673303088061705,non-portable,0.8731503843158879,0.30755213130674525,1.0,1.0,1.0,24,62,0.3870967741935484,0.25559487901440847,0.33114593047722335,14,62,0.22580645161290322,0.17983124329523803,0.7008995433288576,0.9511519854466935,0.8870369060213331,0.9054116865286785,0.6656779137313065,0.5645161290322581,0.7496345270350682,0.0034155886416504444,219.47447590551704,85.60367869020241,fast_genus_and_geometry
252,0.8624916956111991,0.9999999760885446,0.8624916749877674,non-portable,0.8731503843158879,0.30755213130674525,1.0,0.9677419354838709,1.0,19,62,0.3064516129032258,0.27697234947961014,0.3277200456713253,12,62,0.1935483870967742,0.17637846386754966,0.7010295696978294,0.96962194436133,0.8870369060213331,0.9054116865286785,0.6656779137313065,0.6129032258064516,0.7531769405038368,0.0034202063392761877,220.21388939453,87.2659749925197,fast_genus_and_geometry
253,0.8616342449593262,0.9999999723483536,0.8616342211337207,non-portable,0.8731503843158879,0.30755213130674525,1.0,1.0,0.886076793414154,20,62,0.3225806451612903,0.2215191983535385,0.3121816512306637,14,62,0.22580645161290322,0.15106426526422434,0.705656910068449,0.9295524955161344,0.8870369060213331,0.9054116865286785,0.6656779137313065,0.6129032258064516,0.7551081622769652,0.0030363801004013313,248.68696846523244,83.6597245964521,fast_genus_and_geometry
254,0.8579455520530234,0.9999999284168906,0.857945490638613,non-portable,0.8731503843158879,0.30755213130674525,1.0,1.0,0.8123029352880984,23,62,0.3709677419354839,0.2030757338220246,0.31390649827846906,35,62,0.5645161290322581,0.052125689886549184,0.7046951060547633,0.9375647481058512,0.8870369060213331,0.9054116865286785,0.6656779137313065,0.5806451612903226,0.7501121361692535,0.0030944502484160303,242.4056216619468,84.38082732952661,fast_genus_and_geometry
255,0.8673304052886185,0.9999995077235034,0.8673299783222452,non-portable,0.8731503843158879,0.30755213130674525,1.0,1.0,1.0,19,62,0.3064516129032258,0.25563195136902517,0.311681405632364,18,62,0.2903225806451613,0.0842037538733283,0.7062834600106735,0.94646635423948,0.8870369060213331,0.9054116865286785,0.6656779137313065,0.5161290322580645,0.7540362034357929,0.0029816936275491863,252.88855852557046,85.1819718815532,fast_genus_and_geometry
256,0.8673304052886185,0.9999999750539852,0.8673303836521814,non-portable,0.8731503843158879,0.30755213130674525,1.0,1.0,1.0,23,62,0.3709677419354839,0.29119640319347306,0.3453183249109203,13,62,0.20967741935483872,0.1482520495898446,0.6986206806251882,0.9579435126528095,0.8870369060213331,0.9054116865286785,0.6656779137313065,0.6129032258064516,0.7538653122815071,0.0036417403393331524,207.00688188536506,86.21491613875286,fast_genus_and_geometry
257,0.8285432013673225,0.9999997252261776,0.8285429737053401,non-portable,0.8731503843158879,0.30755213130674525,1.0,0.8064516129032258,0.8049010828644052,19,62,0.3064516129032258,0.2012252707161013,0.3117367332215667,10,62,0.16129032258064516,0.10274216642039982,0.7026976029994245,0.9721014368693209,0.8870369060213331,0.9054116865286785,0.6656779137313065,0.532258064516129,0.755456226279897,0.0032848453456496914,229.98228129077395,87.48912931823888,fast_genus_and_geometry
258,0.8624916956111991,0.999999997998354,0.8624916938847961,non-portable,0.8731503843158879,0.30755213130674525,1.0,0.9677419354838709,1.0,21,62,0.3387096774193548,0.2744626113621649,0.3223850397979453,12,62,0.1935483870967742,0.13140643413634356,0.7042794440172461,0.9778394690503623,0.8870369060213331,0.9054116865286785,0.6656779137313065,0.6935483870967742,0.7516220942601177,0.0031349916549197935,239.7525023968038,88.00555221453261,fast_genus_and_geometry
259,0.858392418930162,0.9999834959263395,0.8583782519584504,non-portable,0.8731503843158879,0.30755213130674525,1.0,0.9677419354838709,0.9180144663792604,16,62,0.25806451612903225,0.2295036165948151,0.2961822739722185,12,62,0.1935483870967742,0.1287493914583841,0.7076807008724331,0.9239896159861247,0.8870369060213331,0.9054116865286785,0.6656779137313065,0.4032258064516129,0.7441131312174964,0.002833824601524021,262.58263507816076,83.15906543875123,fast_genus_and_geometry
260,0.8624916956111991,0.9999999918241574,0.8624916885596028,non-portable,0.8731503843158879,0.30755213130674525,1.0,0.9677419354838709,1.0,24,62,0.3870967741935484,0.26371324492263404,0.3349211447144539,12,62,0.1935483870967742,0.13840570816406617,0.7006504801422271,0.9952472850529075,0.8870369060213331,0.9054116865286785,0.6656779137313065,0.6451612903225806,0.7474608199027672,0.00342766879493639,218.0668158507533,89.57225565476168,fast_genus_and_geometry
261,0.8503949214176507,0.9999999204001438,0.8503948537263373,non-portable,0.8731503843158879,0.30755213130674525,1.0,0.8870967741935484,1.0,21,62,0.3387096774193548,0.2662853438529005,0.3228127447599893,11,62,0.1774193548387097,0.13094846182599254,0.7020378530451233,0.9082964090298289,0.8870369060213331,0.9054116865286785,0.6656779137313065,0.5806451612903226,0.7473524008736738,0.0033060649466758203,226.0549665320765,81.7466768126846,fast_genus_and_geometry
262,0.8624916956111991,0.9999999774611751,0.8624916761716498,non-portable,0.8731503843158879,0.30755213130674525,1.0,0.9677419354838709,1.0,26,62,0.41935483870967744,0.2772756982662988,0.3283451575171554,12,62,0.1935483870967742,0.143706264333617,0.7029759216491615,0.9859219201076649,0.8870369060213331,0.9054116865286785,0.6656779137313065,0.6129032258064516,0.7566651457558089,0.0032662087952015275,231.66465869158316,88.73297280968984,fast_genus_and_geometry
263,0.8673304052886185,0.9999999959055128,0.8673304017373452,non-portable,0.8731503843158879,0.30755213130674525,1.0,1.0,1.0,22,62,0.3548387096774194,0.27797911782430684,0.3298302531675769,23,62,0.3709677419354839,0.10492567617996039,0.7001713222511441,0.9156499113732163,0.8870369060213331,0.9054116865286785,0.6656779137313065,0.6774193548387096,0.7615671232693897,0.0035357523004976754,215.3904059292262,82.40849202358946,fast_genus_and_geometry
264,0.7899110504499087,0.9999999427403181,0.7899110052198532,non-portable,0.8731503843158879,0.30755213130674525,1.0,0.48387096774193544,1.0,19,62,0.3064516129032258,0.2593201340500646,0.3108714581602673,6,62,0.0967741935483871,0.11265187817682197,0.7058249694981099,0.9991222238297154,0.8870369060213331,0.9054116865286785,0.6656779137313065,0.5806451612903226,0.7468237456121731,0.002989622837600752,249.80533872678,89.92100014467438,fast_genus_and_geometry
265,0.8624916956111991,0.9999999966675024,0.8624916927369476,non-portable,0.8731503843158879,0.30755213130674525,1.0,0.9677419354838709,1.0,24,62,0.3870967741935484,0.26482407832706967,0.32702779628190287,12,62,0.1935483870967742,0.11994270385185857,0.7023022314773311,0.9724256214974387,0.8870369060213331,0.9054116865286785,0.6656779137313065,0.6774193548387096,0.7532204514867411,0.003309134422885618,227.61857187714992,87.51830593476949,fast_genus_and_geometry
266,0.860981416249283,0.9999999402596047,0.8609813648139129,non-portable,0.8731503843158879,0.30755213130674525,1.0,1.0,0.8730202192132913,22,62,0.3548387096774194,0.21825505480332283,0.29873109618395927,15,62,0.24193548387096775,0.12875343370722875,0.7080394102543417,0.9874285561629544,0.8870369060213331,0.9054116865286785,0.6656779137313065,0.5806451612903226,0.7489509836599341,0.0028246747552608605,265.14591892926376,88.8685700546659,fast_genus_and_geometry
267,0.8508967827249916,0.9999998398658031,0.8508966464673187,non-portable,0.8731503843158879,0.30755213130674525,1.0,0.9677419354838709,0.7681017422758503,25,62,0.4032258064516129,0.19202543556896257,0.2973519890950579,12,62,0.1935483870967742,0.1378343960854064,0.708314302026495,0.9858375624736844,0.8870369060213331,0.9054116865286785,0.6656779137313065,0.5483870967741935,0.7545256709269921,0.002824548441298227,267.1314323716094,88.72538062263159,fast_genus_and_geometry
268,0.8647224181773076,0.9999999283102561,0.8647223561855788,non-portable,0.8731503843158879,0.30755213130674525,1.0,1.0,0.9478402577737812,22,62,0.3548387096774194,0.2369600644434453,0.3287389228750383,13,62,0.20967741935483872,0.14420203827834482,0.7004701685517143,0.9371543269167206,0.8870369060213331,0.9054116865286785,0.6656779137313065,0.5806451612903226,0.7453030586882449,0.00343370935661676,217.05478865066007,84.34388942250486,fast_genus_and_geometry
269,0.8382981472241023,0.9999999775050338,0.8382981283666139,non-portable,0.8731503843158879,0.30755213130674525,1.0,0.8064516129032258,1.0,22,62,0.3548387096774194,0.25208104654069297,0.31573344123238617,10,62,0.16129032258064516,0.13853274853862735,0.7020123765356308,0.986458968582531,0.8870369060213331,0.9054116865286785,0.6656779137313065,0.6129032258064516,0.7512804588047576,0.00332564771358328,225.90500362868463,88.78130717242779,fast_genus_and_geometry
270,0.8633432022989311,0.9999998807278994,0.8633430993261738,non-portable,0.8731503843158879,0.30755213130674525,1.0,1.0,0.9202559402062536,24,62,0.3870967741935484,0.2300639850515634,0.30961639257137885,49,62,0.7903225806451613,0.0562152776508902,0.7067827128891739,0.9319313878475791,0.8870369060213331,0.9054116865286785,0.6656779137313065,0.5645161290322581,0.7613092326299915,0.002970380976443761,256.300198078112,83.87382490628212,fast_genus_and_geometry
271,0.8673304052886185,0.9999999525422365,0.8673303641270572,non-portable,0.8731503843158879,0.30755213130674525,1.0,1.0,1.0,20,62,0.3225806451612903,0.2740003660832021,0.3182208391400678,48,62,0.7741935483870968,0.04683276799860209,0.7037630430917351,0.9157560827174063,0.8870369060213331,0.9054116865286785,0.6656779137313065,0.5967741935483871,0.7544977036908711,0.0031901734075210847,236.50679988494775,82.41804744456657,fast_genus_and_geometry
272,0.8673304052886185,0.9999999380867096,0.8673303515893392,non-portable,0.8731503843158879,0.30755213130674525,1.0,1.0,1.0,23,62,0.3709677419354839,0.2816551135864618,0.3205962361042094,13,62,0.20967741935483872,0.12309421090537019,0.7047508831384537,0.9775781325946488,0.8870369060213331,0.9054116865286785,0.6656779137313065,0.5806451612903226,0.756451122872493,0.0031159882949084432,242.76443018368906,87.98203193351839,fast_genus_and_geometry
273,0.857888154872857,0.9999999891081152,0.857888145528838,non-portable,0.8731503843158879,0.30755213130674525,1.0,1.0,0.81115499168477,25,62,0.4032258064516129,0.2027887479211925,0.32041132038158476,23,62,0.3709677419354839,0.06270174957284907,0.7018778883342515,0.9161619127153864,0.8870369060213331,0.9054116865286785,0.6656779137313065,0.6451612903225806,0.7511822667564994,0.003336876019379845,225.11542604334034,82.45457214438477,fast_genus_and_geometry
274,0.8585207623142267,0.9999999568405938,0.8585207252609804,non-portable,0.8731503843158879,0.30755213130674525,1.0,0.9677419354838709,0.9205813340605524,24,62,0.3870967741935484,0.2301453335151381,0.3102891928257895,12,62,0.1935483870967742,0.14299603635605118,0.7049733602377908,0.9419326845813847,0.8870369060213331,0.9054116865286785,0.6656779137313065,0.5967741935483871,0.7499044899349239,0.0030708338838630936,244.20223245405504,84.77394161232462,fast_genus_and_geometry
275,0.8569210329542948,0.9999999940803495,0.8569210278816217,non-portable,0.8731503843158879,0.30755213130674525,1.0,0.9677419354838709,0.8885867468619146,29,62,0.46774193548387094,0.22214668671547866,0.3084069645618829,12,62,0.1935483870967742,0.15999550336219803,0.7065269126768582,0.949144369422807,0.8870369060213331,0.9054116865286785,0.6656779137313065,0.6612903225806451,0.7505214977305558,0.002948481980713034,254.54505153497885,85.42299324805263,fast_genus_and_geometry
276,0.8673304052886185,0.9999999962634398,0.8673304020477862,non-portable,0.8731503843158879,0.30755213130674525,1.0,1.0,1.0,25,62,0.4032258064516129,0.25843041632500685,0.3205489046925817,13,62,0.20967741935483872,0.1607115489769667,0.7039506038643011,0.9408715113786554,0.8870369060213331,0.9054116865286785,0.6656779137313065,0.6774193548387096,0.7556560131090788,0.0031793097799438894,237.67926544182654,84.67843602407899,fast_genus_and_geometry
277,0.864612512984479,0.9999999916494676,0.8646125057645043,non-portable,0.8731503843158879,0.30755213130674525,1.0,1.0,0.9456421539172126,30,62,0.4838709677419355,0.23641053847930316,0.3369765102991113,16,62,0.25806451612903225,0.12584063428742448,0.6997767440998544,0.9894181873726364,0.8870369060213331,0.9054116865286785,0.6656779137313065,0.6451612903225806,0.7484620433798964,0.00351032498828411,213.21730776436,89.04763686353728,fast_genus_and_geometry
278,0.8569158054904165,0.9999999575970209,0.8569157691546334,non-portable,0.8731503843158879,0.30755213130674525,1.0,0.9677419354838709,0.8884821975843478,23,62,0.3709677419354839,0.22212054939608694,0.3048433613815903,12,62,0.1935483870967742,0.12707474332557706,0.7071643320271875,0.9468078650658375,0.8870369060213331,0.9054116865286785,0.6656779137313065,0.5967741935483871,0.7585618424818993,0.0029294113750439952,258.9468481430017,85.21270785592537,fast_genus_and_geometry
279,0.8594229028277538,0.9999995507026243,0.8594225166912989,non-portable,0.8731503843158879,0.30755213130674525,1.0,1.0,0.8418499507827075,24,62,0.3870967741935484,0.21046248769567688,0.31260314506267717,14,62,0.22580645161290322,0.136665264866134,0.7046808462873401,0.9716547446608257,0.8870369060213331,0.9054116865286785,0.6656779137313065,0.5161290322580645,0.748500477162463,0.0030889692215568384,242.31399650697048,87.44892701947431,fast_genus_and_geometry
280,0.8382981472241023,0.99999986371406,0.8382980329758514,non-portable,0.8731503843158879,0.30755213130674525,1.0,0.8064516129032258,1.0,20,62,0.3225806451612903,0.26607641704017915,0.30859840670931615,10,62,0.16129032258064516,0.1271816337680775,0.7052551964833343,0.8951650066865208,0.8870369060213331,0.9054116865286785,0.6656779137313065,0.5645161290322581,0.7449819896692064,0.0030279021992460644,246.03898694439468,80.56485060178687,fast_genus_and_geometry
281,0.8551704134507807,0.9999997016250437,0.855170158289346,non-portable,0.8731503843158879,0.30755213130674525,1.0,0.9677419354838709,0.8535743567916341,24,62,0.3870967741935484,0.21339358919790852,0.2856229452757893,12,62,0.1935483870967742,0.14752723949907307,0.710816527195398,0.9493815347091175,0.8870369060213331,0.9054116865286785,0.6656779137313065,0.532258064516129,0.7504781815573054,0.002623259165198374,286.086175362911,85.44433812382057,fast_genus_and_geometry
282,0.862722375953259,0.9999999414771964,0.8627223254643268,non-portable,0.8731503843158879,0.30755213130674525,1.0,1.0,0.9078394132928107,25,62,0.4032258064516129,0.22695985332320268,0.33070097127645354,17,62,0.27419354838709675,0.10657780379041415,0.7008594884847604,0.9931061272634387,0.8870369060213331,0.9054116865286785,0.6656779137313065,0.5806451612903226,0.7539056791832962,0.003438608322376912,219.2473258082981,89.37955145370948,fast_genus_and_geometry
283,0.861591412333146,0.9999998264023301,0.8615912627628843,non-portable,0.8731503843158879,0.30755213130674525,1.0,0.9677419354838709,0.9819943344389372,25,62,0.4032258064516129,0.2454985836097343,0.3167955519270449,12,62,0.1935483870967742,0.15037208961481546,0.7044757253829302,0.9635793412280118,0.8870369060213331,0.9054116865286785,0.6656779137313065,0.5483870967741935,0.7509301810986709,0.0031158826645842157,241.0007891612553,86.72214071052106,fast_genus_and_geometry
284,0.8624916956111991,0.9999999739250407,0.8624916731217632,non-portable,0.8731503843158879,0.30755213130674525,1.0,0.9677419354838709,1.0,20,62,0.3225806451612903,0.3285638805116069,0.3277021163887542,12,62,0.1935483870967742,0.15118606355283054,0.70302424448152,0.9457398558570492,0.8870369060213331,0.9054116865286785,0.6656779137313065,0.6129032258064516,0.7506655009854144,0.0032362084379327746,231.95832882288772,85.11658702713443,fast_genus_and_geometry
285,0.8560109528139214,0.9999999950364782,0.8560109485650923,non-portable,0.8731503843158879,0.30755213130674525,1.0,0.9677419354838709,0.8703851440544463,27,62,0.43548387096774194,0.21759628601361158,0.33392342230067423,12,62,0.1935483870967742,0.1721688523141006,0.7002939170703324,0.9977153737785879,0.8870369060213331,0.9054116865286785,0.6656779137313065,0.6612903225806451,0.758702634092143,0.003511354146212473,216.07123704981984,89.79438364007291,fast_genus_and_geometry
286,0.8673304052886185,0.9999996990093254,0.8673301442302547,non-portable,0.8731503843158879,0.30755213130674525,1.0,1.0,1.0,18,62,0.2903225806451613,0.2725907782238262,0.3127120707565978,13,62,0.20967741935483872,0.14331935035245216,0.7033230751408578,0.9469749718148364,0.8870369060213331,0.9054116865286785,0.6656779137313065,0.532258064516129,0.7594742890496421,0.0032486043150440416,233.78479352889298,85.22774746333528,fast_genus_and_geometry
287,0.8673304052886185,0.9999999918753856,0.8673303982418934,non-portable,0.8731503843158879,0.30755213130674525,1.0,1.0,1.0,23,62,0.3709677419354839,0.2812991861603882,0.3144205167153936,13,62,0.20967741935483872,0.11631955197460464,0.7037431742900255,0.9969803161253676,0.8870369060213331,0.9054116865286785,0.6656779137313065,0.6451612903225806,0.7505224456348776,0.003175026864817653,236.3830221253833,89.72822845128309,fast_genus_and_geometry
288,0.8673304052886185,0.9999999915924765,0.8673303979965178,non-portable,0.8731503843158879,0.30755213130674525,1.0,1.0,1.0,20,62,0.3225806451612903,0.28199009671424635,0.32322103586511736,13,62,0.20967741935483872,0.1286595008639525,0.7020199433801798,0.9875428447362935,0.8870369060213331,0.9054116865286785,0.6656779137313065,0.6451612903225806,0.7510929337651372,0.0033241623863469205,225.949531481989,88.87885602626642,fast_genus_and_geometry
289,0.8673304052886185,0.9999999240532094,0.8673303394176578,non-portable,0.8731503843158879,0.30755213130674525,1.0,1.0,1.0,21,62,0.3387096774193548,0.27540173617946473,0.32594300466758225,36,62,0.5806451612903226,0.04814632397878692,0.7031323554231631,0.9212494549046187,0.8870369060213331,0.9054116865286785,0.6656779137313065,0.5806451612903226,0.7527161645710417,0.0032358599978799013,232.61703691266396,82.91245094141568,fast_genus_and_geometry
290,0.8641815927765505,0.999999994932417,0.8641815883972386,non-portable,0.8731503843158879,0.30755213130674525,1.0,1.0,0.9370237497586399,30,62,0.4838709677419355,0.23425593743965997,0.3371150032078677,13,62,0.20967741935483872,0.12168818929946466,0.6997649184474523,0.9919946607371091,0.8870369060213331,0.9054116865286785,0.6656779137313065,0.6612903225806451,0.7508244658328047,0.0035224737996481007,213.15260482783802,89.27951946633982,fast_genus_and_geometry
291,0.8515686134086135,0.9999999985357493,0.8515686121617035,non-portable,0.8731503843158879,0.30755213130674525,1.0,0.9677419354838709,0.7815383559482889,25,62,0.4032258064516129,0.19538458898707223,0.3186470051173435,12,62,0.1935483870967742,0.16990887909358215,0.7018169011083818,0.9289021184742622,0.8870369060213331,0.9054116865286785,0.6656779137313065,0.7096774193548387,0.7591630239935051,0.0033776830955535484,224.75851123892676,83.60119066268359,fast_genus_and_geometry
292,0.8627202652270473,0.9999999796301915,0.8627202476536007,non-portable,0.8731503843158879,0.30755213130674525,1.0,1.0,0.9077971987685758,18,62,0.2903225806451613,0.22694929969214395,0.2850165430637702,47,62,0.7580645161290323,0.05374043294673922,0.7102756223135817,0.8786865709624788,0.8870369060213331,0.9054116865286785,0.6656779137313065,0.6290322580645161,0.7546888237210465,0.00267762507092869,281.8500737518473,79.0817913866231,fast_genus_and_geometry
293,0.8660577850870329,0.9999999425773813,0.8660577353557269,non-portable,0.8731503843158879,0.30755213130674525,1.0,1.0,0.9745475959682892,21,62,0.3387096774193548,0.2436368989920723,0.3113942849962447,43,62,0.6935483870967742,0.05518530586845733,0.7044469867956177,0.8632047298239313,0.8870369060213331,0.9054116865286785,0.6656779137313065,0.5967741935483871,0.7606543516183877,0.0031586338576879264,240.8175134851418,77.68842568415381,fast_genus_and_geometry
294,0.7778142762563603,0.9999999592837922,0.7778142445867126,non-portable,0.8731503843158879,0.30755213130674525,1.0,0.4032258064516129,1.0,25,62,0.4032258064516129,0.2591038892388795,0.3382217680933666,5,62,0.08064516129032258,0.12972632812926507,0.699760081909781,0.9579999177898617,0.8870369060213331,0.9054116865286785,0.6656779137313065,0.5967741935483871,0.7508445948444741,0.0035230054942449276,213.12614926971602,86.21999260108755,fast_genus_and_geometry
295,0.8552992045950931,0.9999999417410771,0.8552991547662827,non-portable,0.8731503843158879,0.30755213130674525,1.0,1.0,0.7593759861294929,29,62,0.46774193548387094,0.18984399653237322,0.29815731103923515,13,62,0.20967741935483872,0.1471921077438238,0.7093648226190512,0.9943521581142043,0.8870369060213331,0.9054116865286785,0.6656779137313065,0.5806451612903226,0.7588797155645156,0.0027606428502882506,274.8923916345346,89.49169423027838,fast_genus_and_geometry
296,0.8673304052886185,0.9999999260704103,0.8673303411672375,non-portable,0.8731503843158879,0.30755213130674525,1.0,1.0,1.0,22,62,0.3548387096774194,0.25505031853772686,0.3352481162202999,34,62,0.5483870967741935,0.04814521881960268,0.6994246134237094,0.9286717362442837,0.8870369060213331,0.9054116865286785,0.6656779137313065,0.5806451612903226,0.7533554149284869,0.0035653158713821968,211.30116996798577,83.58045626198553,fast_genus_and_geometry
297,0.8503949214176507,0.9999999281592886,0.8503948603246746,non-portable,0.8731503843158879,0.30755213130674525,1.0,0.8870967741935484,1.0,23,62,0.3709677419354839,0.2544071201748981,0.33580662438872966,11,62,0.1774193548387097,0.10540615097846515,0.6987599116933688,0.9365743187947899,0.8870369060213331,0.9054116865286785,0.6656779137313065,0.5806451612903226,0.7474982343329715,0.003598192548107111,207.74269979693148,84.29168869153109,fast_genus_and_geometry
298,0.8672609523931758,0.9999994488209101,0.8672604743770733,non-portable,0.8731503843158879,0.30755213130674525,1.0,1.0,0.9986109420911475,21,62,0.3387096774193548,0.24965273552278688,0.29935732239898777,13,62,0.20967741935483872,0.15023489962958203,0.7090273031679268,0.9153048942898563,0.8870369060213331,0.9054116865286785,0.6656779137313065,0.5161290322580645,0.7477196084271264,0.0027452492990607,272.368563643004,82.37744048608707,fast_genus_and_geometry
299,0.8294841566136716,0.9999980497942161,0.8294825389488717,non-portable,0.8731503843158879,0.30755213130674525,0.8387096774193549,0.9677419354838709,0.9850105103720312,13,62,0.20967741935483872,0.2462526275930078,0.2692461335841954,12,62,0.1935483870967742,0.1348255096901712,0.7117404344446538,0.9723009029861122,0.8870369060213331,0.9054116865286785,0.6656779137313065,0.46774193548387094,0.7485310973652923,0.002550300600015188,293.50700751152027,87.5070812687501,fast_genus_and_geometry
300,0.8599572480743645,0.9999999965458211,0.8599572451039182,non-portable,0.8731503843158879,0.30755213130674525,1.0,0.9677419354838709,0.9493110492633081,26,62,0.41935483870967744,0.23732776231582703,0.3667077193773586,12,62,0.1935483870967742,0.16406965549143943,0.6907270491719633,0.9625376128337937,0.8870369060213331,0.9054116865286785,0.6656779137313065,0.6774193548387096,0.7502399081842133,0.00440915383440999,170.15507654307245,86.62838515504143,fast_genus_and_geometry
301,0.8673304052886185,0.9999999587154235,0.86733036948125,non-portable,0.8731503843158879,0.30755213130674525,1.0,1.0,1.0,21,62,0.3387096774193548,0.26734342915492126,0.35620881719660275,13,62,0.20967741935483872,0.1272297856165895,0.6951114939552445,0.9541777103167863,0.8870369060213331,0.9054116865286785,0.6656779137313065,0.5967741935483871,0.7560482248233487,0.003989769470182607,189.4967191647655,85.87599392851077,fast_genus_and_geometry
302,0.765717502062812,0.9999998307244808,0.7657173724455842,non-portable,0.8731503843158879,0.30755213130674525,1.0,0.3225806451612903,1.0,22,62,0.3548387096774194,0.2612151214519592,0.31869315305461976,4,62,0.06451612903225806,0.12683251630115158,0.7026854389674407,0.9705309391345364,0.8870369060213331,0.9054116865286785,0.6656779137313065,0.5483870967741935,0.7535989965925474,0.0032778127973706814,229.9091019465943,87.34778452210827,fast_genus_and_geometry
303,0.8585841868556754,0.9999999481381998,0.8585841423279539,non-portable,0.8731503843158879,0.30755213130674525,1.0,1.0,0.8250756313411386,24,62,0.3870967741935484,0.20626890783528465,0.3064292728342915,13,62,0.20967741935483872,0.17037579352167734,0.7046836387716892,0.8912882103955493,0.8870369060213331,0.9054116865286785,0.6656779137313065,0.5967741935483871,0.7500858835894779,0.003095282841951364,242.33193601028074,80.21593893559944,fast_genus_and_geometry
304,0.8624916956111991,0.9999999331992651,0.8624916379961199,non-portable,0.8731503843158879,0.30755213130674525,1.0,0.9677419354838709,1.0,21,62,0.3387096774193548,0.2559142477068139,0.321552427120986,12,62,0.1935483870967742,0.12130446265599346,0.7044643222155066,0.9566292905740909,0.8870369060213331,0.9054116865286785,0.6656779137313065,0.5806451612903226,0.7550161579491282,0.0031337827585551144,240.92804642822202,86.09663615166818,fast_genus_and_geometry
305,0.8664913865786177,0.999999994209736,0.8664913815614038,non-portable,0.8731503843158879,0.30755213130674525,1.0,1.0,0.983219625799985,24,62,0.3870967741935484,0.24580490644999625,0.33435948048837033,13,62,0.20967741935483872,0.13782359793816484,0.6994244423880679,0.9552376033768271,0.8870369060213331,0.9054116865286785,0.6656779137313065,0.6612903225806451,0.7543782502361756,0.0035701721590963324,211.30024453137878,85.97138430391443,fast_genus_and_geometry
306,0.8590481772932154,0.9999999709407477,0.8590481523299176,non-portable,0.8731503843158879,0.30755213130674525,1.0,1.0,0.8343554400919375,25,62,0.4032258064516129,0.20858886002298438,0.3025250453491463,17,62,0.27419354838709675,0.12018725401176986,0.705803683643675,0.9158626367730653,0.8870369060213331,0.9054116865286785,0.6656779137313065,0.6129032258064516,0.7563188895367993,0.0030293549813850563,249.66334225743378,82.42763730957589,fast_genus_and_geometry
307,0.8624916956111991,0.9999998878731763,0.8624915989027447,non-portable,0.8731503843158879,0.30755213130674525,1.0,0.9677419354838709,1.0,21,62,0.3387096774193548,0.30940186373440737,0.31644653729119543,12,62,0.1935483870967742,0.1639583186152878,0.7042210283254638,0.9489643840679857,0.8870369060213331,0.9054116865286785,0.6656779137313065,0.5645161290322581,0.7501180746228744,0.0031335535577561354,239.38256066062468,85.4067945661187,fast_genus_and_geometry
308,0.8570663158405817,0.999999590748801,0.8570659650851643,non-portable,0.8731503843158879,0.30755213130674525,1.0,1.0,0.7947182110392657,25,62,0.4032258064516129,0.1986795527598164,0.29471846986180983,13,62,0.20967741935483872,0.11940384889808808,0.7082876940435262,0.9973946421425999,0.8870369060213331,0.9054116865286785,0.6656779137313065,0.5161290322580645,0.7493074823348564,0.002807042303675843,266.9384360020626,89.76551779283399,fast_genus_and_geometry
309,0.8247306317640699,0.9999999549359964,0.8247305945984057,non-portable,0.8731503843158879,0.30755213130674525,1.0,0.7258064516129032,0.9705851746703202,18,62,0.2903225806451613,0.24264629366758006,0.28395228774460846,9,62,0.14516129032258066,0.10649040282814136,0.7117068387607515,0.9300262419436746,0.8870369060213331,0.9054116865286785,0.6656779137313065,0.5967741935483871,0.7543110843833447,0.0025723950036685285,293.2329923311199,83.70236177493071,fast_genus_and_geometry
310,0.8624916956111991,0.9999999352238007,0.8624916397422652,non-portable,0.8731503843158879,0.30755213130674525,1.0,0.9677419354838709,1.0,19,62,0.3064516129032258,0.3087695729468207,0.3112554268275529,12,62,0.1935483870967742,0.1826120904753709,0.70601893508484,0.965114745508185,0.8870369060213331,0.9054116865286785,0.6656779137313065,0.5806451612903226,0.7489943895632892,0.0029828062706507156,251.10393421557745,86.86032709573665,fast_genus_and_geometry
311,0.8594953218612128,0.9999999912971448,0.8594953143811495,non-portable,0.8731503843158879,0.30755213130674525,1.0,1.0,0.843298331451887,26,62,0.41935483870967744,0.21082458286297176,0.3266517080331493,17,62,0.27419354838709675,0.07971542044933747,0.70189858332398,0.9780239021658828,0.8870369060213331,0.9054116865286785,0.6656779137313065,0.6451612903225806,0.7510946910307067,0.0033346905250934062,225.2367004910203,88.02215119492945,fast_genus_and_geometry
312,0.8672165121050188,0.9999997368384315,0.8672162838869613,non-portable,0.8731503843158879,0.30755213130674525,1.0,1.0,0.9977221363280067,27,62,0.43548387096774194,0.24943053408200166,0.35743198880347826,14,62,0.22580645161290322,0.17011384543917385,0.6944348522880229,0.9840069787301643,0.8870369060213331,0.9054116865286785,0.6656779137313065,0.532258064516129,0.7553799706671048,0.004053828625673563,186.33742084782747,88.56062808571478,fast_genus_and_geometry
313,0.8620163935662412,0.9999999957691081,0.862016389919143,non-portable,0.8731503843158879,0.30755213130674525,1.0,1.0,0.8937197655524534,23,62,0.3709677419354839,0.22342994138811334,0.3019488261877014,14,62,0.22580645161290322,0.20356788091998135,0.7075845875603194,0.9066142729840424,0.8870369060213331,0.9054116865286785,0.6656779137313065,0.6774193548387096,0.7609434113244977,0.002905461060351474,261.90108747575033,81.59528456856381,fast_genus_and_geometry
314,0.8503949214176507,0.9999999978661516,0.8503949196030368,non-portable,0.8731503843158879,0.30755213130674525,1.0,0.8870967741935484,1.0,21,62,0.3387096774193548,0.2733885112477258,0.3459344059543656,11,62,0.1774193548387097,0.13988411575541218,0.6975805255962211,0.9602052786021708,0.8870369060213331,0.9054116865286785,0.6656779137313065,0.6935483870967742,0.753840258977954,0.0037390627413623812,201.61209135080773,86.41847507419537,fast_genus_and_geometry
315,0.8673304052886185,0.9999998736323028,0.8673302956860724,non-portable,0.8731503843158879,0.30755213130674525,1.0,1.0,1.0,21,62,0.3387096774193548,0.29846342166744133,0.3321795775117556,22,62,0.3548387096774194,0.12808335688806918,0.7006809732395068,0.9159980687153684,0.8870369060213331,0.9054116865286785,0.6656779137313065,0.5645161290322581,0.751736336338411,0.0034445625848817632,218.2385478022066,82.43982618438315,fast_genus_and_geometry
316,0.8579787286113935,0.9999999748940607,0.8579787070710315,non-portable,0.8731503843158879,0.30755213130674525,1.0,0.9677419354838709,0.9097406600038886,23,62,0.3709677419354839,0.22743516500097216,0.34071766233873146,12,62,0.1935483870967742,0.11737896448127288,0.6974507298004666,0.9561815733336273,0.8870369060213331,0.9054116865286785,0.6656779137313065,0.6129032258064516,0.7458442099038164,0.0037115659234709616,200.9513572660248,86.05634160002646,fast_genus_and_geometry
317,0.8548459834263258,0.999999996123649,0.8548459801126427,non-portable,0.8731503843158879,0.30755213130674525,1.0,0.9677419354838709,0.8470857563025351,26,62,0.41935483870967744,0.21177143907563378,0.31980334662080245,12,62,0.1935483870967742,0.1991289968381691,0.7030488183730835,0.9307447173011707,0.8870369060213331,0.9054116865286785,0.6656779137313065,0.6774193548387096,0.7478852678774056,0.00322214552245875,232.1078494638288,83.76702455710536,fast_genus_and_geometry
318,0.8628747392448036,0.9999999975157878,0.8628747371012397,non-portable,0.8731503843158879,0.30755213130674525,1.0,1.0,0.9108866791237037,27,62,0.43548387096774194,0.22772166978092592,0.31376308398761255,34,62,0.5483870967741935,0.05094432208994064,0.7022681632008165,0.9182883021057532,0.8870369060213331,0.9054116865286785,0.6656779137313065,0.6935483870967742,0.7513546959397044,0.003303873192917078,227.41632383182153,82.64594718951778,fast_genus_and_geometry
319,0.8490656287788401,0.9999999769996414,0.8490656092500262,non-portable,0.8731503843158879,0.30755213130674525,1.0,0.8870967741935484,0.9734141472237878,21,62,0.3387096774193548,0.24335353680594696,0.31328782783857595,11,62,0.1774193548387097,0.11024617985222651,0.7043513376198891,0.9803329953669384,0.8870369060213331,0.9054116865286785,0.6656779137313065,0.6129032258064516,0.751978161617322,0.0031305190304967492,240.20878144861445,88.22996958302446,fast_genus_and_geometry
320,0.8673304052886185,0.9999999948273002,0.8673304008021786,non-portable,0.8731503843158879,0.30755213130674525,1.0,1.0,1.0,23,62,0.3709677419354839,0.2537955768871023,0.3288484850335876,14,62,0.22580645161290322,0.10360637500612116,0.7019269669759021,0.9863339536536562,0.8870369060213331,0.9054116865286785,0.6656779137313065,0.6612903225806451,0.7485374200957116,0.0033208824826231804,225.40316437347653,88.77005582882906,fast_genus_and_geometry
321,0.8673304052886185,0.999999975669159,0.8673303841857403,non-portable,0.8731503843158879,0.30755213130674525,1.0,1.0,1.0,21,62,0.3387096774193548,0.25029933832063556,0.287176776947983,14,62,0.22580645161290322,0.1807284151063145,0.7113468368361451,0.9648280151753142,0.8870369060213331,0.9054116865286785,0.6656779137313065,0.6129032258064516,0.752595847040617,0.0025923276281322183,290.31664010110677,86.83452136577829,fast_genus_and_geometry
322,0.8673304052886185,0.9999999784603213,0.8673303866066002,non-portable,0.8731503843158879,0.30755213130674525,1.0,1.0,1.0,22,62,0.3548387096774194,0.2723104143752828,0.29516715219549594,14,62,0.22580645161290322,0.15246109334939986,0.7106235298330209,0.9984236997816661,0.8870369060213331,0.9054116865286785,0.6656779137313065,0.6129032258064516,0.7492655796642523,0.0026330147227635555,284.56566276919233,89.85813298034995,fast_genus_and_geometry
323,0.8620033761974432,0.999999962871476,0.8620033441925301,non-portable,0.8731503843158879,0.30755213130674525,1.0,1.0,0.8934594181764945,27,62,0.43548387096774194,0.22336485454412364,0.3316121625993106,14,62,0.22580645161290322,0.18761729983150985,0.7025107026917856,0.9834323511093809,0.8870369060213331,0.9054116865286785,0.6656779137313065,0.5967741935483871,0.7568505862290084,0.003307030371010353,228.86109328284695,88.50891159984428,fast_genus_and_geometry
324,0.8673304052886185,0.9999999304769898,0.8673303449891978,non-portable,0.8731503843158879,0.30755213130674525,1.0,1.0,1.0,21,62,0.3387096774193548,0.30042882370278856,0.3043681702433171,13,62,0.20967741935483872,0.1593853502125022,0.7080416788925324,0.9456160914383845,0.8870369060213331,0.9054116865286785,0.6656779137313065,0.5806451612903226,0.7510401467423968,0.002832379815858628,265.16222949241757,85.10544822945461,fast_genus_and_geometry
325,0.8596448593290031,0.9999999503419303,0.8596448166406988,non-portable,0.8731503843158879,0.30755213130674525,1.0,1.0,0.8462890808076944,24,62,0.3870967741935484,0.2115722702019236,0.33061586388547826,29,62,0.46774193548387094,0.047637007325975325,0.69814583666899,0.9032603248740768,0.8870369060213331,0.9054116865286785,0.6656779137313065,0.5967741935483871,0.7508499544162243,0.0036712450981617054,204.52188136177443,81.29342923866692,fast_genus_and_geometry
326,0.8673304052886185,0.9999998785251655,0.867330299929801,non-portable,0.8731503843158879,0.30755213130674525,1.0,1.0,1.0,19,62,0.3064516129032258,0.30388996958185865,0.3172186521989538,14,62,0.22580645161290322,0.16953632584896502,0.702979225680054,0.9268858364465544,0.8870369060213331,0.9054116865286785,0.6656779137313065,0.5645161290322581,0.7524981001235205,0.003247940086169675,231.68472328901493,83.4197252801899,fast_genus_and_geometry
327,0.8657545745208538,0.9999998918949259,0.8657544809283914,non-portable,0.8731503843158879,0.30755213130674525,1.0,1.0,0.9684833846447063,25,62,0.4032258064516129,0.24212084616117657,0.33305778927743074,13,62,0.20967741935483872,0.1598498676188212,0.7015519466609286,0.9590355168116288,0.8870369060213331,0.9054116865286785,0.6656779137313065,0.5645161290322581,0.7516571122311023,0.003367396025983087,223.2161309306236,86.31319651304659,fast_genus_and_geometry
328,0.8267503067340601,0.9999998900687453,0.8267502158483616,non-portable,0.8731503843158879,0.30755213130674525,1.0,0.8064516129032258,0.7690431901991559,23,62,0.3709677419354839,0.19226079754978898,0.31710994702770695,10,62,0.16129032258064516,0.09173809460897375,0.7026602546638508,0.9544168118727807,0.8870369060213331,0.9054116865286785,0.6656779137313065,0.5645161290322581,0.7547442350392309,0.0032849575227775246,229.75768478158992,85.89751306855027,fast_genus_and_geometry
329,0.8428346050652865,0.9999999899622493,0.8428345966051228,non-portable,0.8731503843158879,0.30755213130674525,1.0,0.8870967741935484,0.8487936729527163,23,62,0.3709677419354839,0.2121984182381791,0.3027278442395864,11,62,0.1774193548387097,0.125766091984802,0.7052630582940058,0.9386784158904812,0.8870369060213331,0.9054116865286785,0.6656779137313065,0.6451612903225806,0.7507303572190955,0.0030506275020829297,246.0904704709134,84.48105743014331,fast_genus_and_geometry
330,0.8503949214176507,0.999999748750685,0.8503947077565092,non-portable,0.8731503843158879,0.30755213130674525,1.0,0.8870967741935484,1.0,23,62,0.3709677419354839,0.25908134955381623,0.31480823667798613,11,62,0.1774193548387097,0.09904179614982674,0.7054341470235339,0.996778914588323,0.8870369060213331,0.9054116865286785,0.6656779137313065,0.532258064516129,0.7479347270565666,0.003025452126180617,247.21420001471725,89.71010231294908,fast_genus_and_geometry
331,0.8624916956111991,0.9999998288813863,0.8624915480228158,non-portable,0.8731503843158879,0.30755213130674525,1.0,0.9677419354838709,1.0,21,62,0.3387096774193548,0.26009415908638167,0.2892483238398471,12,62,0.1935483870967742,0.09754152332856317,0.7099035692341111,0.9675451093937409,0.8870369060213331,0.9054116865286785,0.6656779137313065,0.5483870967741935,0.7508105053349582,0.0026912537476447744,278.9816850202338,87.07905984543669,fast_genus_and_geometry
332,0.8184144378505764,0.9999996926443396,0.8184141863062664,non-portable,0.8731503843158879,0.30755213130674525,1.0,0.7258064516129032,0.8442612964004503,23,62,0.3709677419354839,0.21106532410011258,0.31008787972415625,9,62,0.14516129032258066,0.11601864129489077,0.7038732113898574,0.9412052123753477,0.8870369060213331,0.9054116865286785,0.6656779137313065,0.532258064516129,0.7468852624290594,0.003148829172354851,237.19459568856237,84.70846911378129,fast_genus_and_geometry
333,0.8575954637478008,0.9999993028823687,0.8575948659028826,non-portable,0.8731503843158879,0.30755213130674525,1.0,0.9677419354838709,0.902075362732035,19,62,0.3064516129032258,0.22551884068300876,0.28655068502778647,12,62,0.1935483870967742,0.09893594648248341,0.7109468916879284,0.9856742662519415,0.8870369060213331,0.9054116865286785,0.6656779137313065,0.5,0.7445150792811451,0.0025930542505293464,287.118975289144,88.71068396267474,fast_genus_and_geometry
334,0.8511856492601864,0.999999977160429,0.8511856298194713,non-portable,0.8731503843158879,0.30755213130674525,1.0,0.9677419354838709,0.7738790729797458,25,62,0.4032258064516129,0.19346976824493645,0.3131111210015229,12,62,0.1935483870967742,0.1260831281437854,0.7021311034397164,0.9822672145956252,0.8870369060213331,0.9054116865286785,0.6656779137313065,0.6129032258064516,0.7483479083998377,0.003302434316113682,226.6049334420969,88.40404931360627,fast_genus_and_geometry
335,0.8673304052886185,0.9999999755217185,0.8673303840578607,non-portable,0.8731503843158879,0.30755213130674525,1.0,1.0,1.0,21,62,0.3387096774193548,0.31904772383439006,0.3361534469642203,13,62,0.20967741935483872,0.1312021778232923,0.7009604011081705,0.9631622550881976,0.8870369060213331,0.9054116865286785,0.6656779137313065,0.6129032258064516,0.7541064583503395,0.0034305608921319716,219.82016412531573,86.68460295793778,fast_genus_and_geometry
336,0.8673304052886185,0.9999999899785027,0.8673303965966692,non-portable,0.8731503843158879,0.30755213130674525,1.0,1.0,1.0,19,62,0.3064516129032258,0.28452519480337957,0.3131191661990685,14,62,0.22580645161290322,0.126724872842747,0.7038749260595187,0.9391252253512095,0.8870369060213331,0.9054116865286785,0.6656779137313065,0.6451612903225806,0.7479967174813277,0.0031533724297225633,237.20532038365576,84.52127028160885,fast_genus_and_geometry
337,0.8531939429002221,0.9999999778207198,0.8531939239769946,non-portable,0.8731503843158879,0.30755213130674525,1.0,0.9677419354838709,0.8140449457804602,26,62,0.41935483870967744,0.20351123644511504,0.31659307079362053,12,62,0.1935483870967742,0.1339961461714122,0.7023123862274696,0.9903557013370362,0.8870369060213331,0.9054116865286785,0.6656779137313065,0.6129032258064516,0.7538725978175648,0.0033111219306328726,227.67889966331535,89.13201312033326,fast_genus_and_geometry
338,0.8651160651856682,0.9999999988563357,0.8651160641962659,non-portable,0.8731503843158879,0.30755213130674525,1.0,1.0,0.9557131979409946,28,62,0.45161290322580644,0.23892829948524866,0.3392266699361014,13,62,0.20967741935483872,0.14775413493893236,0.699889539084691,0.9970337881428563,0.8870369060213331,0.9054116865286785,0.6656779137313065,0.7096774193548387,0.7501417161834084,0.003508028514352765,213.83569521008022,89.73304093285707,fast_genus_and_geometry
339,0.8605589555727471,0.9999999602080956,0.8605589213294673,non-portable,0.8731503843158879,0.30755213130674525,1.0,0.9677419354838709,0.9613451992309598,26,62,0.41935483870967744,0.24033629980773996,0.320553806873029,12,62,0.1935483870967742,0.126414336632091,0.703447717423217,0.9643311633095727,0.8870369060213331,0.9054116865286785,0.6656779137313065,0.5967741935483871,0.7456383898596348,0.003178990593089935,234.5519333968474,86.78980469786154,fast_genus_and_geometry
340,0.8673304052886185,0.9999999805731613,0.8673303884391306,non-portable,0.8731503843158879,0.30755213130674525,1.0,1.0,1.0,25,62,0.4032258064516129,0.2516091225945658,0.3561801031861057,22,62,0.3548387096774194,0.10671911858257696,0.6970640096304666,0.8917551338263567,0.8870369060213331,0.9054116865286785,0.6656779137313065,0.6290322580645161,0.7587819701996823,0.0038129977639750584,198.99879757827355,80.2579620443721,fast_genus_and_geometry
341,0.8612170029009292,0.999999955050938,0.8612169641900327,non-portable,0.8731503843158879,0.30755213130674525,1.0,1.0,0.8777319522462155,26,62,0.41935483870967744,0.21943298806155387,0.31914155635759334,13,62,0.20967741935483872,0.1382846902688481,0.7047200804920598,0.9307303941360918,0.8870369060213331,0.9054116865286785,0.6656779137313065,0.5967741935483871,0.7571562024258511,0.003121441526868598,242.56619767131227,83.76573547224827,fast_genus_and_geometry
342,0.8549173025614091,0.99999999302184,0.8549172965956593,non-portable,0.8731503843158879,0.30755213130674525,1.0,0.9677419354838709,0.8485121390041996,27,62,0.43548387096774194,0.2121280347510499,0.29599254349517456,12,62,0.1935483870967742,0.20925226118067886,0.7084904765846252,0.9037865778321286,0.8870369060213331,0.9054116865286785,0.6656779137313065,0.6612903225806451,0.7481952853226423,0.002787470664691759,268.41368944249626,81.34079200489157,fast_genus_and_geometry
343,0.8637822730910018,0.9999999898705846,0.8637822643413923,non-portable,0.8731503843158879,0.30755213130674525,1.0,1.0,0.9290373560476652,23,62,0.3709677419354839,0.2322593390119163,0.29303001920465455,31,62,0.5,0.05083364450216156,0.7103010925112448,0.9361719819664835,0.8870369060213331,0.9054116865286785,0.6656779137313065,0.6451612903225806,0.7546672426874625,0.002675671611817026,282.04778170628134,84.25547837698352,fast_genus_and_geometry
344,0.8546824065881462,0.9999994942516921,0.8546819743339653,non-portable,0.8731503843158879,0.30755213130674525,1.0,0.9677419354838709,0.8438142195389435,21,62,0.3387096774193548,0.21095355488473588,0.3026693238777682,12,62,0.1935483870967742,0.13390533545735359,0.705700676317074,0.9390223529585752,0.8870369060213331,0.9054116865286785,0.6656779137313065,0.5161290322580645,0.7486448938627729,0.003006876354621118,248.97761183702082,84.51201176627177,fast_genus_and_geometry
345,0.8593122826740068,0.999999986318409,0.8593122709172477,non-portable,0.8731503843158879,0.30755213130674525,1.0,1.0,0.8396375477077673,28,62,0.45161290322580644,0.20990938692694183,0.3550033536368476,19,62,0.3064516129032258,0.05017921300326157,0.6944635703817464,0.9884230774673343,0.8870369060213331,0.9054116865286785,0.6656779137313065,0.6290322580645161,0.7576575511090338,0.0040631571895609585,186.4701550448512,88.95807697206008,fast_genus_and_geometry
346,0.8672781077925873,0.999999984107409,0.867278094009291,non-portable,0.8731503843158879,0.30755213130674525,1.0,1.0,0.9989540500793765,25,62,0.4032258064516129,0.24973851251984414,0.3140531755027342,13,62,0.20967741935483872,0.16787499081259247,0.703076197015208,0.9471200119419217,0.8870369060213331,0.9054116865286785,0.6656779137313065,0.6290322580645161,0.7567395719025007,0.0032579526297399695,232.27457790351582,85.24080107477296,fast_genus_and_geometry
347,0.8673304052886185,0.9999998945501436,0.8673303138287518,non-portable,0.8731503843158879,0.30755213130674525,1.0,1.0,1.0,17,62,0.27419354838709675,0.32063560325360796,0.31048724205765343,13,62,0.20967741935483872,0.16282638382656928,0.7059003448308235,0.9658921064474271,0.8870369060213331,0.9054116865286785,0.6656779137313065,0.5645161290322581,0.751764353454516,0.0030033455780775526,250.30897507829312,86.93028958026844,fast_genus_and_geometry
348,0.7415239536757152,0.9999997338757811,0.7415237563382323,non-portable,0.8731503843158879,0.30755213130674525,1.0,0.16129032258064516,1.0,22,62,0.3548387096774194,0.2918970765608979,0.3191509189222354,2,62,0.03225806451612903,0.13088147199893596,0.7054402950385182,0.9809203102700617,0.8870369060213331,0.9054116865286785,0.6656779137313065,0.532258064516129,0.7463409890607009,0.0030185108249994826,247.2547001917175,88.28282792430555,fast_genus_and_geometry
349,0.8656516855934416,0.9999999338047175,0.8656516282913838,non-portable,0.8731503843158879,0.30755213130674525,1.0,1.0,0.9664256060964629,25,62,0.4032258064516129,0.24160640152411572,0.3290365654435211,13,62,0.20967741935483872,0.11343623698208664,0.701566151855164,0.9591396713118627,0.8870369060213331,0.9054116865286785,0.6656779137313065,0.5806451612903226,0.7514507385591548,0.003365229879309877,223.29848643601673,86.32257041806764,fast_genus_and_geometry
350,0.8501921411790744,0.999999998691848,0.8501921400668938,non-portable,0.8731503843158879,0.30755213130674525,1.0,0.9677419354838709,0.7540089113575069,34,62,0.5483870967741935,0.18850222783937673,0.3309125037221947,12,62,0.1935483870967742,0.1159664909739101,0.7000946487299284,0.9599832936345407,0.8870369060213331,0.9054116865286785,0.6656779137313065,0.7096774193548387,0.7518071108437829,0.0034973308665026018,214.96596677328517,86.39849642710867,fast_genus_and_geometry
351,0.8314851796870493,0.99999993762121,0.8314851278200098,non-portable,0.8731503843158879,0.30755213130674525,1.0,0.8064516129032258,0.8637406492589403,28,62,0.45161290322580644,0.21593516231473509,0.3281941734108266,10,62,0.16129032258064516,0.10421771207346864,0.7001329359708461,0.9755128802507935,0.8870369060213331,0.9054116865286785,0.6656779137313065,0.5806451612903226,0.7538247073015834,0.0035032646216890074,215.17778092884873,87.79615922257142,fast_genus_and_geometry
352,0.8650963134654427,0.9999999759078481,0.8650962926234108,non-portable,0.8731503843158879,0.30755213130674525,1.0,1.0,0.9553181635364858,27,62,0.43548387096774194,0.23882954088412145,0.31214824193312174,14,62,0.22580645161290322,0.122444800226436,0.7059972927363646,0.967546204010406,0.8870369060213331,0.9054116865286785,0.6656779137313065,0.6129032258064516,0.7478019021763108,0.0029797816783599168,250.95862143427362,87.07915836093655,fast_genus_and_geometry
353,0.8673304052886185,0.9999998965623413,0.8673303155739921,non-portable,0.8731503843158879,0.30755213130674525,1.0,1.0,1.0,19,62,0.3064516129032258,0.2728278430563611,0.306739779331497,13,62,0.20967741935483872,0.12292755363673206,0.7066446155819852,0.9712042139441732,0.8870369060213331,0.9054116865286785,0.6656779137313065,0.5645161290322581,0.7524649587957812,0.002946789283553697,255.35078568235525,87.40837925497559,fast_genus_and_geometry
354,0.8611619536259538,0.9999999813178652,0.8611619375376101,non-portable,0.8731503843158879,0.30755213130674525,1.0,0.9677419354838709,0.9734051602950964,23,62,0.3709677419354839,0.2433512900737741,0.32165773236454415,12,62,0.1935483870967742,0.21521446139016875,0.7031407599774351,0.9025323551739182,0.8870369060213331,0.9054116865286785,0.6656779137313065,0.6290322580645161,0.7496288954063856,0.0032218774829902413,232.668343027945,81.22791196565264,fast_genus_and_geometry
355,0.8568334750069654,0.9999999860211908,0.8568334630294537,non-portable,0.8731503843158879,0.30755213130674525,1.0,0.9677419354838709,0.8868355879153258,24,62,0.3870967741935484,0.22170889697883145,0.2997798722554926,12,62,0.1935483870967742,0.11876084739740075,0.7082091259874542,0.9824975238127023,0.8870369060213331,0.9054116865286785,0.6656779137313065,0.6290322580645161,0.7542281261644249,0.0028315100777970034,266.3695715154354,88.4247771431432,fast_genus_and_geometry
356,0.8673304052886185,0.9999999019196096,0.8673303202205138,non-portable,0.8731503843158879,0.30755213130674525,1.0,1.0,1.0,22,62,0.3548387096774194,0.2925735897356534,0.3409835856792153,20,62,0.3225806451612903,0.07164777493027515,0.6999668286108018,0.9858673547735408,0.8870369060213331,0.9054116865286785,0.6656779137313065,0.5645161290322581,0.745251644957446,0.003478246595591957,214.26072720143432,88.72806192961868,fast_genus_and_geometry
357,0.8621110796534781,0.9999999861637221,0.8621110677250696,non-portable,0.8731503843158879,0.30755213130674525,1.0,1.0,0.8956134872971928,28,62,0.45161290322580644,0.2239033718242982,0.33169798721918686,13,62,0.20967741935483872,0.11933559425445427,0.7009795673607171,0.985323242691175,0.8870369060213331,0.9054116865286785,0.6656779137313065,0.6290322580645161,0.75075716291317,0.0034136315176047866,219.92917485128777,88.67909184220575,fast_genus_and_geometry
358,0.8503949214176507,0.9999999779587005,0.8503949026738417,non-portable,0.8731503843158879,0.30755213130674525,1.0,0.8870967741935484,1.0,26,62,0.41935483870967744,0.25147748226780275,0.3520968995417835,11,62,0.1774193548387097,0.12624546707339115,0.6955987520606338,0.9920763425899706,0.8870369060213331,0.9054116865286785,0.6656779137313065,0.6129032258064516,0.7480710018398817,0.0038999895041976424,191.8135936096025,89.28687083309735,fast_genus_and_geometry
359,0.8425860020000415,0.9999999909881564,0.8425859944067883,non-portable,0.8731503843158879,0.30755213130674525,1.0,0.8870967741935484,0.8438216116478164,26,62,0.41935483870967744,0.2109554029119541,0.32417794336279754,11,62,0.1774193548387097,0.1143253556961767,0.7021066949927057,0.9684045072104769,0.8870369060213331,0.9054116865286785,0.6656779137313065,0.6451612903225806,0.7506945962225159,0.003314898386253622,226.4608168188599,87.15640564894292,fast_genus_and_geometry
360,0.8578002077158061,0.999999997777463,0.8578002058093134,non-portable,0.8731503843158879,0.30755213130674525,1.0,0.9677419354838709,0.9061702420921416,24,62,0.3870967741935484,0.2265425605230354,0.3150986953232529,12,62,0.1935483870967742,0.18738278534557734,0.7032398373129843,0.9489774399576285,0.8870369060213331,0.9054116865286785,0.6656779137313065,0.6935483870967742,0.7568893664158581,0.0032446333477570647,233.27423634447854,85.40796959618656,fast_genus_and_geometry
361,0.8673304052886185,0.9999998226252379,0.8673302514460942,non-portable,0.8731503843158879,0.30755213130674525,1.0,1.0,1.0,17,62,0.27419354838709675,0.339699722233072,0.31053256406512925,13,62,0.20967741935483872,0.17646545495117597,0.7043164090488453,0.9576446707255287,0.8870369060213331,0.9054116865286785,0.6656779137313065,0.5483870967741935,0.7507497714852698,0.0031282939065119596,239.98696859092567,86.18802036529759,fast_genus_and_geometry
362,0.8673304052886185,0.999999528317824,0.8673299961843256,non-portable,0.8731503843158879,0.30755213130674525,1.0,1.0,1.0,21,62,0.3387096774193548,0.2527178194717248,0.29266706236052487,13,62,0.20967741935483872,0.09337546065905834,0.7097405877007433,0.9582492092616499,0.8870369060213331,0.9054116865286785,0.6656779137313065,0.5161290322580645,0.7512032609923387,0.0027047323702700248,277.7366327439424,86.24242883354849,fast_genus_and_geometry
363,0.8559161176123957,0.9999999942864883,0.855916112722109,non-portable,0.8731503843158879,0.30755213130674525,1.0,0.9677419354838709,0.8684884400239326,25,62,0.4032258064516129,0.21712211000598314,0.32603536333560745,12,62,0.1935483870967742,0.13795802158892692,0.701243221043575,0.9589168054487748,0.8870369060213331,0.9054116865286785,0.6656779137313065,0.6612903225806451,0.74732003777959,0.0033748859114837272,221.43564475370366,86.30251249038973,fast_genus_and_geometry
364,0.8607608327979622,0.9999999847719205,0.8607608196902279,non-portable,0.8731503843158879,0.30755213130674525,1.0,1.0,0.8686085501868759,25,62,0.4032258064516129,0.21715213754671897,0.33969836785514035,13,62,0.20967741935483872,0.1685567214731405,0.6985821880370986,0.9588964724750767,0.8870369060213331,0.9054116865286785,0.6656779137313065,0.6290322580645161,0.749259469545128,0.0036230409285700526,206.8040312867365,86.3006825227569,fast_genus_and_geometry
365,0.8503949214176507,0.9999998067411466,0.8503947570713033,non-portable,0.8731503843158879,0.30755213130674525,1.0,0.8870967741935484,1.0,17,62,0.27419354838709675,0.2785575584306621,0.29496663092625935,11,62,0.1774193548387097,0.12441595774230904,0.710595270714087,0.9339975142219826,0.8870369060213331,0.9054116865286785,0.6656779137313065,0.5483870967741935,0.750846134673921,0.0026406270985221583,284.3438723680963,84.05977627997844,fast_genus_and_geometry
366,0.8624916956111991,0.9999999403087931,0.8624916441280289,non-portable,0.8731503843158879,0.30755213130674525,1.0,0.9677419354838709,1.0,17,62,0.27419354838709675,0.2725329519521572,0.2943114504404129,12,62,0.1935483870967742,0.12538923246573883,0.7069448702446532,0.9876556677041038,0.8870369060213331,0.9054116865286785,0.6656779137313065,0.5806451612903226,0.7553914220419796,0.002934463066496048,257.42066092655557,88.88901009336935,fast_genus_and_geometry
367,0.8661013560274663,0.9999997987621768,0.8661011817351147,non-portable,0.8731503843158879,0.30755213130674525,1.0,1.0,0.975419014776957,23,62,0.3709677419354839,0.24385475369423926,0.3017949354140629,18,62,0.2903225806451613,0.11212485332640545,0.7094929791986682,0.9228428119935804,0.8870369060213331,0.9054116865286785,0.6656779137313065,0.5483870967741935,0.7530166832311063,0.0027297224471258615,275.8583327854307,83.05585307942223,fast_genus_and_geometry
368,0.8673304052886185,0.9999998952792138,0.8673303144610965,non-portable,0.8731503843158879,0.30755213130674525,1.0,1.0,1.0,26,62,0.41935483870967744,0.2510649011468239,0.34236268435003847,15,62,0.24193548387096775,0.11923293812377092,0.6992982089568689,0.9678050151263669,0.8870369060213331,0.9054116865286785,0.6656779137313065,0.5645161290322581,0.7509212962746888,0.0035653131642147625,210.61860815249716,87.10245136137301,fast_genus_and_geometry
369,0.8673304052886185,0.9999996434119439,0.8673300960089553,non-portable,0.8731503843158879,0.30755213130674525,1.0,1.0,1.0,21,62,0.3387096774193548,0.2792573699432297,0.33223863002526427,21,62,0.3387096774193548,0.11627569716535992,0.7018749782181526,0.9002402165775466,0.8870369060213331,0.9054116865286785,0.6656779137313065,0.532258064516129,0.7536390035031737,0.0033480427829249352,225.0983790729148,81.0216194919792,fast_genus_and_geometry
370,0.8673304052886185,0.9999999881332401,0.8673303949962168,non-portable,0.8731503843158879,0.30755213130674525,1.0,1.0,1.0,22,62,0.3548387096774194,0.2694246903929717,0.32129334407255544,21,62,0.3387096774193548,0.07734363771066592,0.7020578944937835,0.8925264823984012,0.8870369060213331,0.9054116865286785,0.6656779137313065,0.6451612903225806,0.7487271489776355,0.0033104175454491814,226.17302461041746,80.3273834158561,fast_genus_and_geometry
371,0.8624916956111991,0.9999992779356781,0.8624910728367178,non-portable,0.8731503843158879,0.30755213130674525,1.0,0.9677419354838709,1.0,21,62,0.3387096774193548,0.25959162236440925,0.31886800227707535,12,62,0.1935483870967742,0.12970531326509976,0.7042077590185052,0.9759799967120228,0.8870369060213331,0.9054116865286785,0.6656779137313065,0.5,0.7497510321414094,0.0031331188232710193,239.29862684194623,87.83819970408206,fast_genus_and_geometry
372,0.8624916956111991,0.9999999402163624,0.8624916440483081,non-portable,0.8731503843158879,0.30755213130674525,1.0,0.9677419354838709,1.0,22,62,0.3548387096774194,0.2604444475090728,0.32731635450399765,12,62,0.1935483870967742,0.11784237429576273,0.7026742806715507,0.9872290537885738,0.8870369060213331,0.9054116865286785,0.6656779137313065,0.5806451612903226,0.754254330967754,0.003281621004365345,229.84199880620412,88.85061484097164,fast_genus_and_geometry
373,0.8666198243567581,0.9999999944174376,0.8666198195187989,non-portable,0.8731503843158879,0.30755213130674525,1.0,1.0,0.9857883813627932,26,62,0.41935483870967744,0.2464470953406983,0.335937539785982,13,62,0.20967741935483872,0.15794964818747234,0.6996838979363438,0.9653095842983389,0.8870369060213331,0.9054116865286785,0.6656779137313065,0.6612903225806451,0.7579774396990909,0.0035634316375543957,212.70997083566766,86.8778625868505,fast_genus_and_geometry
374,0.820468143612006,0.9999999835492912,0.8204681301147235,non-portable,0.8731503843158879,0.30755213130674525,1.0,0.7258064516129032,0.8853354116290425,24,62,0.3870967741935484,0.22133385290726063,0.3244003965729081,9,62,0.14516129032258066,0.12309121635587332,0.7028896483024549,0.9376034570454005,0.8870369060213331,0.9054116865286785,0.6656779137313065,0.6290322580645161,0.7544940800003518,0.0032642084836148953,231.14151065645152,84.38431113408605,fast_genus_and_geometry
375,0.8374022851544493,0.9999999912757941,0.8374022778487793,non-portable,0.8731503843158879,0.30755213130674525,1.0,0.8064516129032258,0.9820827586069383,26,62,0.41935483870967744,0.24552068965173457,0.33124915562334917,10,62,0.16129032258064516,0.11012054447049804,0.7005150157459809,0.9773483141570043,0.8870369060213331,0.9054116865286785,0.6656779137313065,0.6451612903225806,0.751599720915731,0.0034587167245969134,217.3059492182969,87.96134827413039,fast_genus_and_geometry
376,0.8607657199161267,0.9999999488694054,0.8607656759046636,non-portable,0.8731503843158879,0.30755213130674525,1.0,1.0,0.8687062925501644,28,62,0.45161290322580644,0.2171765731375411,0.3363501769046847,14,62,0.22580645161290322,0.1748524081360962,0.6979951971527222,0.8952032552921275,0.8870369060213331,0.9054116865286785,0.6656779137313065,0.5967741935483871,0.7452128332608998,0.0036576411063068055,203.74137636848585,80.56829297629147,fast_genus_and_geometry
377,0.8649725471368195,0.9999999994694508,0.864972546677909,non-portable,0.8731503843158879,0.30755213130674525,1.0,1.0,0.9528428369640205,26,62,0.41935483870967744,0.23821070924100513,0.32035890955104723,17,62,0.27419354838709675,0.15517367092546971,0.7026035760427845,0.9385392487110144,0.8870369060213331,0.9054116865286785,0.6656779137313065,0.7419354838709677,0.7502899207157904,0.003270414632212387,229.41736907782555,84.46853238399129,fast_genus_and_geometry
378,0.8624916956111991,0.9999998094264396,0.8624915312430859,non-portable,0.8731503843158879,0.30755213130674525,1.0,0.9677419354838709,1.0,19,62,0.3064516129032258,0.29795826598337904,0.33584196251686393,12,62,0.1935483870967742,0.1116352788959972,0.6985792606236572,0.9378554266217923,0.8870369060213331,0.9054116865286785,0.6656779137313065,0.5483870967741935,0.7474093438029219,0.003614364097502704,206.78861443962833,84.4069883959613,fast_genus_and_geometry
379,0.8382981472241023,0.9999995316344321,0.8382977545941146,non-portable,0.8731503843158879,0.30755213130674525,1.0,0.8064516129032258,1.0,21,62,0.3387096774193548,0.25273446855211645,0.2989085302201745,10,62,0.16129032258064516,0.09962555996808098,0.7090932979125762,0.9601947549387988,0.8870369060213331,0.9054116865286785,0.6656779137313065,0.5161290322580645,0.7471551208283368,0.002738238549388242,272.8597627095933,86.4175279444919,fast_genus_and_geometry
380,0.8673304052886185,0.9999999560434601,0.867330367163775,non-portable,0.8731503843158879,0.30755213130674525,1.0,1.0,1.0,21,62,0.3387096774193548,0.2767187343794437,0.32456362447718057,13,62,0.20967741935483872,0.13462258486339543,0.7011000904633391,0.9368867598962644,0.8870369060213331,0.9054116865286785,0.6656779137313065,0.5967741935483871,0.7506730797767536,0.003402619587256415,220.61622245054815,84.3198083906638,fast_genus_and_geometry
381,0.8020078246434572,0.9999997486531499,0.8020076230613167,non-portable,0.8731503843158879,0.30755213130674525,1.0,0.564516129032258,1.0,21,62,0.3387096774193548,0.2552116782281688,0.3010713616840611,7,62,0.11290322580645161,0.10766661568696188,0.7081359880134267,0.9966719013422262,0.8870369060213331,0.9054116865286785,0.6656779137313065,0.532258064516129,0.7482607948919165,0.002814688919584022,265.84138292714096,89.70047112080036,fast_genus_and_geometry
382,0.8582718457189901,0.9999999758022565,0.8582718249507482,non-portable,0.8731503843158879,0.30755213130674525,1.0,0.9677419354838709,0.9156030021558194,26,62,0.41935483870967744,0.22890075053895484,0.338000728994223,12,62,0.1935483870967742,0.14333405806803354,0.6982024606049035,0.9663404222399268,0.8870369060213331,0.9054116865286785,0.6656779137313065,0.6129032258064516,0.7489091366601139,0.0036564930061342648,204.81623659712105,86.97063800159341,fast_genus_and_geometry
383,0.8536246649135677,0.99999999686496,0.8536246622374202,non-portable,0.8731503843158879,0.30755213130674525,1.0,0.9677419354838709,0.8226593860473734,28,62,0.45161290322580644,0.20566484651184336,0.3314365563382093,12,62,0.1935483870967742,0.1442842687686825,0.7004325367001509,0.9892665022243673,0.8870369060213331,0.9054116865286785,0.6656779137313065,0.6774193548387096,0.7528853801831642,0.0034720088067683357,216.8443175361448,89.03398520019306,fast_genus_and_geometry
384,0.8650518769688033,0.9999999248212635,0.8650518119352961,non-portable,0.8731503843158879,0.30755213130674525,1.0,1.0,0.9544294336036969,25,62,0.4032258064516129,0.23860735840092423,0.34458698373355706,14,62,0.22580645161290322,0.15913948573918793,0.6977269378642723,0.9240520020640408,0.8870369060213331,0.9054116865286785,0.6656779137313065,0.5806451612903226,0.7482468152669084,0.0036975897179675806,202.3606923264029,83.16468018576367,fast_genus_and_geometry
385,0.8669576142551494,0.9999999230088378,0.8669575475070751,non-portable,0.8731503843158879,0.30755213130674525,1.0,1.0,0.992544179330618,25,62,0.4032258064516129,0.2481360448326545,0.33336053873294047,28,62,0.45161290322580644,0.049437456711964194,0.7010113239568041,0.9174837893680541,0.8870369060213331,0.9054116865286785,0.6656779137313065,0.5806451612903226,0.7498615307834283,0.003406758988661111,220.10994416664946,82.57354104312486,fast_genus_and_geometry
386,0.8673304052886185,0.9999999915920822,0.8673303979961757,non-portable,0.8731503843158879,0.30755213130674525,1.0,1.0,1.0,28,62,0.45161290322580644,0.27282665409648654,0.33699154226176226,14,62,0.22580645161290322,0.194258961520879,0.7016335450109888,0.987529918997912,0.8870369060213331,0.9054116865286785,0.6656779137313065,0.6451612903225806,0.7573546799627573,0.0033857375003961145,223.68972192148698,88.87769270981208,fast_genus_and_geometry
387,0.8673304052886185,0.9999999758943489,0.8673303843810544,non-portable,0.8731503843158879,0.30755213130674525,1.0,1.0,1.0,22,62,0.3548387096774194,0.30682757930944915,0.3395552381849406,17,62,0.27419354838709675,0.13106989291717683,0.6984090067719221,0.9673917582526195,0.8870369060213331,0.9054116865286785,0.6656779137313065,0.6129032258064516,0.7442284807269746,0.003614611281692713,205.89447183334588,87.06525824273575,fast_genus_and_geometry
388,0.8624916956111991,0.9999998283320156,0.8624915475489882,non-portable,0.8731503843158879,0.30755213130674525,1.0,0.9677419354838709,1.0,22,62,0.3548387096774194,0.2621177022765223,0.3033316067992257,12,62,0.1935483870967742,0.1448397006565092,0.7066127946673048,0.9666613435372909,0.8870369060213331,0.9054116865286785,0.6656779137313065,0.5483870967741935,0.7484604053434241,0.0029336128842059367,255.13264186048715,86.99952091835618,fast_genus_and_geometry
389,0.8624916956111991,0.9999991773369226,0.8624909860711265,non-portable,0.8731503843158879,0.30755213130674525,1.0,0.9677419354838709,1.0,20,62,0.3225806451612903,0.2740089873679863,0.3324857168739387,12,62,0.1935483870967742,0.12084230354677572,0.7004150341760413,0.9400173724892146,0.8870369060213331,0.9054116865286785,0.6656779137313065,0.5,0.7474836735612261,0.003448653713373318,216.74651492627572,84.60156352402932,fast_genus_and_geometry
390,0.8673304052886185,0.9999998659623051,0.8673302890336502,non-portable,0.8731503843158879,0.30755213130674525,1.0,1.0,1.0,22,62,0.3548387096774194,0.26240312317319225,0.3366343191195082,31,62,0.5,0.05299396566390395,0.696749644559527,0.899751332067212,0.8870369060213331,0.9054116865286785,0.6656779137313065,0.5645161290322581,0.7471120318028188,0.003784204163187593,197.42910254966137,80.97761988604908,fast_genus_and_geometry
391,0.8587032909437162,0.9999999851951078,0.8587032782307066,non-portable,0.8731503843158879,0.30755213130674525,1.0,1.0,0.8274577131019552,26,62,0.41935483870967744,0.2068644282754888,0.30683707600606136,17,62,0.27419354838709675,0.09854550964960775,0.7056876591381834,0.9666671363883803,0.8870369060213331,0.9054116865286785,0.6656779137313065,0.6290322580645161,0.7546881353515957,0.0030322018989775196,248.89112285236746,87.00004227495423,fast_genus_and_geometry
392,0.843160945862155,0.999999995879332,0.8431609423877686,non-portable,0.8731503843158879,0.30755213130674525,1.0,0.8870967741935484,0.8553204888900856,23,62,0.3709677419354839,0.2138301222225214,0.3056828087448502,11,62,0.1774193548387097,0.14167783272398712,0.7049519202114322,0.9138925359649068,0.8870369060213331,0.9054116865286785,0.6656779137313065,0.6774193548387096,0.7474817745566065,0.003062656505228345,244.06320894313805,82.25032823684161,fast_genus_and_geometry
393,0.8673304052886185,0.9999999827269194,0.8673303903071504,non-portable,0.8731503843158879,0.30755213130674525,1.0,1.0,1.0,22,62,0.3548387096774194,0.2905196951649722,0.33598738456420213,14,62,0.22580645161290322,0.19888522514707627,0.7013448102576755,0.9241537350240974,0.8870369060213331,0.9054116865286785,0.6656779137313065,0.6290322580645161,0.7588601460142147,0.0034179878053199,222.01955923689746,83.17383615216876,fast_genus_and_geometry
394,0.8566951266784759,0.9999999867387388,0.8566951153176181,non-portable,0.8731503843158879,0.30755213130674525,1.0,0.9677419354838709,0.8840686213455382,26,62,0.41935483870967744,0.22101715533638455,0.3352984237953689,12,62,0.1935483870967742,0.14046720181287756,0.6993826272537716,0.9970266129681952,0.8870369060213331,0.9054116865286785,0.6656779137313065,0.6290322580645161,0.7440559316504834,0.0035250927266856323,211.07414452330187,89.73239516713757,fast_genus_and_geometry
395,0.8624916956111991,0.9999999412784536,0.8624916449643529,non-portable,0.8731503843158879,0.30755213130674525,1.0,0.9677419354838709,1.0,21,62,0.3387096774193548,0.280208924012185,0.31473460824366045,12,62,0.1935483870967742,0.1468120480065283,0.7046757102399436,0.9921713786070923,0.8870369060213331,0.9054116865286785,0.6656779137313065,0.5806451612903226,0.7512391054509054,0.00310069335794369,242.2810058035246,89.2954240746383,fast_genus_and_geometry
396,0.8628178019815291,0.9999999829517535,0.8628177872719985,non-portable,0.8731503843158879,0.30755213130674525,1.0,1.0,0.9097479338582146,25,62,0.4032258064516129,0.22743698346455365,0.3329869623122915,15,62,0.24193548387096775,0.14052464350893626,0.7002082271308446,0.9277661689743769,0.8870369060213331,0.9054116865286785,0.6656779137313065,0.6290322580645161,0.752654527412117,0.0034910562368524614,215.5950739111298,83.49895520769392,fast_genus_and_geometry
397,0.8673304052886185,0.9999999855689177,0.867330392772102,non-portable,0.8731503843158879,0.30755213130674525,1.0,1.0,1.0,25,62,0.4032258064516129,0.2529739726711996,0.33632396987454477,13,62,0.20967741935483872,0.17622584738360667,0.6990443852437851,0.9737181609219298,0.8870369060213331,0.9054116865286785,0.6656779137313065,0.6290322580645161,0.7525819863136576,0.003596459612985039,209.25634298699083,87.63463448297368,fast_genus_and_geometry
398,0.8673304052886185,0.9999997097659882,0.8673301535598353,non-portable,0.8731503843158879,0.30755213130674525,1.0,1.0,1.0,22,62,0.3548387096774194,0.26638888335820576,0.31416053997535787,15,62,0.24193548387096775,0.1385619815836941,0.7057075082726154,0.957008836324617,0.8870369060213331,0.9054116865286785,0.6656779137313065,0.532258064516129,0.7505166286726584,0.0030138443788048485,249.0230198847489,86.13079526921553,fast_genus_and_geometry
399,0.8673304052886185,0.9999999384171347,0.867330351875927,non-portable,0.8731503843158879,0.30755213130674525,1.0,1.0,1.0,25,62,0.4032258064516129,0.2702709626344125,0.3502126260091124,15,62,0.24193548387096775,0.1453947794440677,0.6974334346993488,0.979053553544186,0.8870369060213331,0.9054116865286785,0.6656779137313065,0.5806451612903226,0.7549645308552594,0.003758594528497954,200.86352096004504,88.11481981897674,fast_genus_and_geometry
400,0.858175654079098,0.9999999980223482,0.8581756523819254,non-portable,0.8731503843158879,0.30755213130674525,1.0,0.9677419354838709,0.9136791693579793,27,62,0.43548387096774194,0.22841979233949483,0.3197376974199478,12,62,0.1935483870967742,0.15338572826469737,0.7050415918191044,0.9811645162343933,0.8870369060213331,0.9054116865286785,0.6656779137313065,0.6935483870967742,0.7566343443456284,0.0030927807044484395,244.64532621318364,88.3048064610954,fast_genus_and_geometry
401,0.8673304052886185,0.9999999267988788,0.8673303417990604,non-portable,0.8731503843158879,0.30755213130674525,1.0,1.0,1.0,23,62,0.3709677419354839,0.25430028474919464,0.3454874751790045,13,62,0.20967741935483872,0.15149644055037134,0.6979862863756667,0.9314020099852843,0.8870369060213331,0.9054116865286785,0.6656779137313065,0.5806451612903226,0.7488108793537376,0.0036761318959910036,203.69532447145093,83.82618089867559,fast_genus_and_geometry
402,0.8485068898476432,0.9999999906608651,0.8485068819233229,non-portable,0.8731503843158879,0.30755213130674525,1.0,0.9677419354838709,0.7203038847288841,25,62,0.4032258064516129,0.18007597118222102,0.32992527221153484,12,62,0.1935483870967742,0.1460074143050893,0.6973635440091909,0.9585685570621347,0.8870369060213331,0.9054116865286785,0.6656779137313065,0.6451612903225806,0.7541072463836497,0.0037609634623071656,200.50905943155377,86.27117013559213,fast_genus_and_geometry
403,0.8673304052886185,0.9999999998377807,0.8673304051479207,non-portable,0.8731503843158879,0.30755213130674525,1.0,1.0,1.0,22,62,0.3548387096774194,0.29381739492753184,0.3334939614312263,19,62,0.3064516129032258,0.13278085340678442,0.6997853079160482,0.994987026222792,0.8870369060213331,0.9054116865286785,0.6656779137313065,0.7741935483870968,0.7535504419400394,0.003533413086774366,213.26417926072483,89.54883236005128,fast_genus_and_geometry
404,0.7365270515994222,0.9999997199836328,0.7365268453597928,non-portable,0.8731503843158879,0.30755213130674525,1.0,0.16129032258064516,0.9000619584741418,25,62,0.4032258064516129,0.22501548961853546,0.32255584149163263,2,62,0.03225806451612903,0.1528524750231648,0.7028073225883186,0.9668904304008585,0.8870369060213331,0.9054116865286785,0.6656779137313065,0.532258064516129,0.7524073243944907,0.0032622065596247273,230.6436795593486,87.02013873607727,fast_genus_and_geometry
405,0.8625010673271967,0.9999998350515517,0.8625009250589839,non-portable,0.8731503843158879,0.30755213130674525,1.0,1.0,0.9034132407715652,25,62,0.4032258064516129,0.2258533101928913,0.34017769485954014,13,62,0.20967741935483872,0.10343395036753313,0.6981166668149567,0.9776705728657359,0.8870369060213331,0.9054116865286785,0.6656779137313065,0.5483870967741935,0.7545272110150243,0.003691958429653898,204.37045145325683,87.99035155791623,fast_genus_and_geometry
406,0.8168219043194453,0.9999999893583428,0.8168218956271066,non-portable,0.8731503843158879,0.30755213130674525,1.0,0.7258064516129032,0.8124106257778294,25,62,0.4032258064516129,0.20310265644445735,0.31300706817766943,9,62,0.14516129032258066,0.11970549243240508,0.7036797274066372,0.9225700942176712,0.8870369060213331,0.9054116865286785,0.6656779137313065,0.6451612903225806,0.7601744610899624,0.003221237836543417,235.9883062548637,83.03130847959041,fast_genus_and_geometry
407,0.8624916956111991,0.9999997287085797,0.862491461624602,non-portable,0.8731503843158879,0.30755213130674525,1.0,0.9677419354838709,1.0,22,62,0.3548387096774194,0.2573752174848416,0.3210952615280602,12,62,0.1935483870967742,0.12910115341174871,0.7039046224796545,0.9756181386655078,0.8870369060213331,0.9054116865286785,0.6656779137313065,0.532258064516129,0.7455544485928012,0.003140615912804236,237.39115806972407,87.8056324798957,fast_genus_and_geometry
408,0.8673304052886185,0.9999998614904243,0.8673302851550521,non-portable,0.8731503843158879,0.30755213130674525,1.0,1.0,1.0,22,62,0.3548387096774194,0.27417973749796487,0.3310270651012214,29,62,0.46774193548387094,0.0547433695365505,0.7016672900824363,0.8907027069446368,0.8870369060213331,0.9054116865286785,0.6656779137313065,0.5645161290322581,0.7534449363656884,0.0033653070076262153,223.88594403371997,80.16324362501732,fast_genus_and_geometry
409,0.8622375490568314,0.9999998405380784,0.862237411562775,non-portable,0.8731503843158879,0.30755213130674525,1.0,0.9677419354838709,0.9949170689126463,18,62,0.2903225806451613,0.24872926722816158,0.27952183776399464,12,62,0.1935483870967742,0.09885758054306877,0.713111757172888,0.9869975184854423,0.8870369060213331,0.9054116865286785,0.6656779137313065,0.5483870967741935,0.7445973750011685,0.002441548512394526,304.9693140321474,88.8297766636898,fast_genus_and_geometry
410,0.8624916956111991,0.9999995784503671,0.8624913320281414,non-portable,0.8731503843158879,0.30755213130674525,1.0,0.9677419354838709,1.0,19,62,0.3064516129032258,0.3310018408559401,0.3105595288334467,12,62,0.1935483870967742,0.1280182791249721,0.7042095220265572,0.9892310749498473,0.8870369060213331,0.9054116865286785,0.6656779137313065,0.5161290322580645,0.7505677445369817,0.0031363856320800894,239.30977647005608,89.03079674548626,fast_genus_and_geometry
411,0.8134703941333551,0.9999998914182691,0.8134703058053316,non-portable,0.8731503843158879,0.30755213130674525,1.0,0.6451612903225806,0.9873159059269914,22,62,0.3548387096774194,0.24682897648174784,0.3235815406264141,8,62,0.12903225806451613,0.10807530241516175,0.7025670424834273,0.9578224935792677,0.8870369060213331,0.9054116865286785,0.6656779137313065,0.5645161290322581,0.7524843589921381,0.003283114275991965,229.19834514891545,86.2040244221341,fast_genus_and_geometry
412,0.8589746847887881,0.9999999979906389,0.8589746830627978,non-portable,0.8731503843158879,0.30755213130674525,1.0,0.9677419354838709,0.9296597835517817,29,62,0.46774193548387094,0.23241494588794542,0.3232294444629926,12,62,0.1935483870967742,0.12074819290717156,0.7029236666382779,0.9767787940907822,0.8870369060213331,0.9054116865286785,0.6656779137313065,0.6935483870967742,0.7507978846635095,0.00324532363415732,231.34761561568004,87.91009146817039,fast_genus_and_geometry
413,0.8624916956111991,0.9999999537961414,0.8624916557607547,non-portable,0.8731503843158879,0.30755213130674525,1.0,0.9677419354838709,1.0,18,62,0.2903225806451613,0.3051417380964176,0.31277385278583525,12,62,0.1935483870967742,0.11292234567387444,0.7027934083286366,0.9231389331066316,0.8870369060213331,0.9054116865286785,0.6656779137313065,0.5967741935483871,0.7532441819194127,0.003267024874789527,230.55967150171736,83.08250397959685,fast_genus_and_geometry
414,0.863259046404049,0.9999997833312714,0.863258859362809,non-portable,0.8731503843158879,0.30755213130674525,1.0,1.0,0.9185728223086116,22,62,0.3548387096774194,0.2296432055771529,0.32614526489647355,49,62,0.7903225806451613,0.05558951340249447,0.7010742139635556,0.9024721568639786,0.8870369060213331,0.9054116865286785,0.6656779137313065,0.5483870967741935,0.7488458104107257,0.0033966115761952386,220.46848561046116,81.22249411775807,fast_genus_and_geometry
415,0.8505865467864834,0.999999999232952,0.8505865461340427,non-portable,0.8731503843158879,0.30755213130674525,1.0,0.9677419354838709,0.7618970235056857,32,62,0.5161290322580645,0.19047425587642142,0.3107266782047189,12,62,0.1935483870967742,0.16349211507710926,0.7047206386388358,0.9720334807903535,0.8870369060213331,0.9054116865286785,0.6656779137313065,0.7258064516129032,0.7572628810958755,0.0031218351130016097,242.56978786037666,87.48301327113181,fast_genus_and_geometry
416,0.8673304052886185,0.9999999706275591,0.8673303798130074,non-portable,0.8731503843158879,0.30755213130674525,1.0,1.0,1.0,17,62,0.27419354838709675,0.3376365902693146,0.316757797284989,13,62,0.20967741935483872,0.13277264565050972,0.7033074880811565,0.9129069618032569,0.8870369060213331,0.9054116865286785,0.6656779137313065,0.6129032258064516,0.7466236960898504,0.0031949447292207115,233.68908052189107,82.16162656229312,fast_genus_and_geometry
417,0.8336969236978421,0.9999997286216097,0.8336966974505129,non-portable,0.8731503843158879,0.30755213130674525,1.0,0.8064516129032258,0.9079755294747966,22,62,0.3548387096774194,0.22699388236869916,0.2922126420946617,10,62,0.16129032258064516,0.12115863807004947,0.7092893417759873,0.975529763776473,0.8870369060213331,0.9054116865286785,0.6656779137313065,0.532258064516129,0.7598779544860985,0.0027699870627843582,274.3254525247776,87.79767873988257,fast_genus_and_geometry
418,0.8673304052886185,0.9999999542036518,0.8673303655680533,non-portable,0.8731503843158879,0.30755213130674525,1.0,1.0,1.0,23,62,0.3709677419354839,0.2674724455134285,0.2979228283891923,31,62,0.5,0.044806278560317714,0.7090359532826528,0.9255815083212103,0.8870369060213331,0.9054116865286785,0.6656779137313065,0.5967741935483871,0.7529436073787044,0.0027637765216504497,272.43288358534414,83.30233574890893,fast_genus_and_geometry
419,0.8560400827079734,0.9999991514728551,0.856039356334726,non-portable,0.8731503843158879,0.30755213130674525,0.967741935483871,0.9677419354838709,1.0,15,62,0.24193548387096775,0.33004082421264735,0.3297667577074562,12,62,0.1935483870967742,0.10450431451343,0.697847759593047,0.9314824189755958,0.8870369060213331,0.9054116865286785,0.6656779137313065,0.5,0.7465352263588358,0.003677856189761917,202.98108132584767,83.83341770780362,fast_genus_and_geometry
420,0.8624916956111991,0.9999999648878922,0.8624916653272977,non-portable,0.8731503843158879,0.30755213130674525,1.0,0.9677419354838709,1.0,23,62,0.3709677419354839,0.2684468343498092,0.3246501371842652,12,62,0.1935483870967742,0.12045765721036737,0.7019102068753655,0.9988283072871258,0.8870369060213331,0.9054116865286785,0.6656779137313065,0.5967741935483871,0.7495732472754455,0.0033269290142528244,225.30485143031757,89.89454765584132,fast_genus_and_geometry
421,0.8624916956111991,0.9999999250651016,0.8624916309804715,non-portable,0.8731503843158879,0.30755213130674525,1.0,0.9677419354838709,1.0,18,62,0.2903225806451613,0.2702522615547834,0.3096861461961734,12,62,0.1935483870967742,0.14448176291281828,0.7048614054790621,0.9249477313979239,0.8870369060213331,0.9054116865286785,0.6656779137313065,0.5806451612903226,0.747284835284211,0.0030692167427223286,243.47737482410108,83.24529582581314,fast_genus_and_geometry
422,0.8612561146260389,0.999999986592597,0.8612561030788312,non-portable,0.8731503843158879,0.30755213130674525,1.0,1.0,0.8785141867484088,25,62,0.4032258064516129,0.2196285466871022,0.3274883535001405,13,62,0.20967741935483872,0.17920799733892862,0.7010729692267478,0.994004764796146,0.8870369060213331,0.9054116865286785,0.6656779137313065,0.6290322580645161,0.7517714309010992,0.0034099914622254543,220.46138215562348,89.46042883165313,fast_genus_and_geometry
423,0.8639894390906633,0.9999999987561254,0.8639894380159688,non-portable,0.8731503843158879,0.30755213130674525,1.0,1.0,0.9331806760408963,23,62,0.3709677419354839,0.23329516901022407,0.336209392766844,14,62,0.22580645161290322,0.17369254157281355,0.7007291494526158,0.9738751876266024,0.8870369060213331,0.9054116865286785,0.6656779137313065,0.7096774193548387,0.7580028739853157,0.0034689585462704705,218.5102139085104,87.64876688639421,fast_genus_and_geometry
424,0.8382981472241023,0.999999991296482,0.8382981399279593,non-portable,0.8731503843158879,0.30755213130674525,1.0,0.8064516129032258,1.0,21,62,0.3387096774193548,0.2892665153058549,0.3223353296459908,10,62,0.16129032258064516,0.11249763333127749,0.7025840355258479,0.978002905220664,0.8870369060213331,0.9054116865286785,0.6656779137313065,0.6451612903225806,0.7544898485379828,0.0032904022199922293,229.30018827295973,88.02026146985976,fast_genus_and_geometry
425,0.8665830240792705,0.9999999721954661,0.8665829999843334,non-portable,0.8731503843158879,0.30755213130674525,1.0,1.0,0.9850523758130398,24,62,0.3870967741935484,0.24626309395325996,0.3172031668309814,13,62,0.20967741935483872,0.1804560386575762,0.7032806485167175,0.9280322357087324,0.8870369060213331,0.9054116865286785,0.6656779137313065,0.6129032258064516,0.7560371682380764,0.003237508429777824,233.52438600135474,83.52290121378591,fast_genus_and_geometry
426,0.8624916956111991,0.9999982118755186,0.8624901533686832,non-portable,0.8731503843158879,0.30755213130674525,1.0,0.9677419354838709,1.0,23,62,0.3709677419354839,0.2505246386378803,0.3230217768722417,12,62,0.1935483870967742,0.11128291494852044,0.7012942048864141,0.9962243412522045,0.8870369060213331,0.9054116865286785,0.6656779137313065,0.46774193548387094,0.7538993864819763,0.0034001022013345444,221.72844868782764,89.66019071269841,fast_genus_and_geometry
427,0.8560400827079734,0.9999998835559096,0.8560399830271647,non-portable,0.8731503843158879,0.30755213130674525,0.967741935483871,0.9677419354838709,1.0,15,62,0.24193548387096775,0.3304356598218201,0.2981886513271403,12,62,0.1935483870967742,0.14662330556417133,0.7079759334210921,0.9385475732128175,0.8870369060213331,0.9054116865286785,0.6656779137313065,0.5645161290322581,0.7567789244339108,0.002859113561188699,264.69005453539035,84.46928158915357,fast_genus_and_geometry
428,0.826201373030554,0.9999997319252333,0.8262011515468136,non-portable,0.8731503843158879,0.30755213130674525,1.0,0.7258064516129032,1.0,19,62,0.3064516129032258,0.3190784297283259,0.3134817958967565,9,62,0.14516129032258066,0.10436489617961255,0.7049481306925035,0.9789068142779578,0.8870369060213331,0.9054116865286785,0.6656779137313065,0.532258064516129,0.7532966362737549,0.0030867923827821745,244.03864687355383,88.1016132850162,fast_genus_and_geometry
429,0.8624916956111991,0.9999999780345539,0.8624916766661842,non-portable,0.8731503843158879,0.30755213130674525,1.0,0.9677419354838709,1.0,25,62,0.4032258064516129,0.25181470239086967,0.3284478836957768,12,62,0.1935483870967742,0.11968389288377643,0.7012981135764078,0.9930268404595666,0.8870369060213331,0.9054116865286785,0.6656779137313065,0.6129032258064516,0.7471923944236701,0.0033695120897289503,221.75091660934675,89.37241564136099,fast_genus_and_geometry
430,0.8673304052886185,0.9999999973465823,0.8673304029872286,non-portable,0.8731503843158879,0.30755213130674525,1.0,1.0,1.0,26,62,0.41935483870967744,0.2591572808913061,0.3553841205793656,54,62,0.8709677419354839,0.07509081584307158,0.694424778777648,0.9001204308667788,0.8870369060213331,0.9054116865286785,0.6656779137313065,0.6935483870967742,0.7544839360523756,0.00405003131326841,186.2908895495676,81.0108387780101,fast_genus_and_geometry
431,0.762053397769526,0.999999336826794,0.762052892396131,non-portable,0.8731503843158879,0.30755213130674525,1.0,0.3225806451612903,0.926717914134281,25,62,0.4032258064516129,0.23167947853357024,0.32489154088966987,4,62,0.06451612903225806,0.12110374221737154,0.7013114682362621,0.9994375585832068,0.8870369060213331,0.9054116865286785,0.6656779137313065,0.5,0.7458466157778089,0.0033622789419210045,221.82770337064207,89.94938027248861,fast_genus_and_geometry
432,0.8624916956111991,0.999999989105658,0.8624916862149196,non-portable,0.8731503843158879,0.30755213130674525,1.0,0.9677419354838709,1.0,24,62,0.3870967741935484,0.25593588921910987,0.31431886243890605,12,62,0.1935483870967742,0.1683962319003537,0.704854021046367,0.9160997241074335,0.8870369060213331,0.9054116865286785,0.6656779137313065,0.6451612903225806,0.7492334691015115,0.0030778232753859327,243.42965858153892,82.44897516966901,fast_genus_and_geometry
433,0.8624916956111991,0.9999999744456141,0.8624916735707534,non-portable,0.8731503843158879,0.30755213130674525,1.0,0.9677419354838709,1.0,24,62,0.3870967741935484,0.27930390872912636,0.33721946737057873,12,62,0.1935483870967742,0.12162215653177985,0.7010833514820214,0.9513001177447636,0.8870369060213331,0.9054116865286785,0.6656779137313065,0.6129032258064516,0.751917191702728,0.003409736116346637,220.52064032109612,85.61701059702872,fast_genus_and_geometry
434,0.8582623066140952,0.9999999892828649,0.8582622974159821,non-portable,0.8731503843158879,0.30755213130674525,1.0,1.0,0.8186380265095359,25,62,0.4032258064516129,0.20465950662738397,0.30800389405579137,19,62,0.3064516129032258,0.12443001885652547,0.7035839572275809,0.9206214181674977,0.8870369060213331,0.9054116865286785,0.6656779137313065,0.6451612903225806,0.7518580090555812,0.0031940398228911884,235.3940622991396,82.85592763507479,fast_genus_and_geometry
435,0.8503949214176507,0.9999999626614545,0.8503948896651413,non-portable,0.8731503843158879,0.30755213130674525,1.0,0.8870967741935484,1.0,20,62,0.3225806451612903,0.2596576132163286,0.33205756667126174,11,62,0.1774193548387097,0.12367897508566478,0.6995911951936156,0.9818771166696488,0.8870369060213331,0.9054116865286785,0.6656779137313065,0.5967741935483871,0.7486029595183202,0.0035277359773995274,212.2049281222438,88.3689405002684,fast_genus_and_geometry
436,0.8591606637580546,0.9999999978100409,0.8591606618765278,non-portable,0.8731503843158879,0.30755213130674525,1.0,0.9677419354838709,0.9333793629371095,28,62,0.45161290322580644,0.2333448407342774,0.33726671857481544,12,62,0.1935483870967742,0.1771025772254844,0.7000236247280696,0.9530488366592632,0.8870369060213331,0.9054116865286785,0.6656779137313065,0.6935483870967742,0.7495075270653112,0.0034930068163534942,214.5737373188855,85.77439529933369,fast_genus_and_geometry
437,0.8671882836815333,0.9999999419559822,0.8671882333464411,non-portable,0.8731503843158879,0.30755213130674525,1.0,1.0,0.9971575678582978,26,62,0.41935483870967744,0.24928939196457445,0.3281368731350359,13,62,0.20967741935483872,0.14277821943520855,0.7007809818941829,0.9953711053301458,0.8870369060213331,0.9054116865286785,0.6656779137313065,0.5806451612903226,0.7478363477233689,0.003417852797689677,218.80297133594357,89.58339947971312,fast_genus_and_geometry
438,0.8457031871207404,0.9999999365030825,0.845703133421195,non-portable,0.8731503843158879,0.30755213130674525,1.0,0.8870967741935484,0.9061653140617953,25,62,0.4032258064516129,0.22654132851544884,0.35062767136328243,11,62,0.1774193548387097,0.13284495451455547,0.6929841660560099,0.9706144606620408,0.8870369060213331,0.9054116865286785,0.6656779137313065,0.5806451612903226,0.7502296802486303,0.004172940484400734,179.78441893746995,87.35530145958367,fast_genus_and_geometry
439,0.8673304052886185,0.9999999938837605,0.867330399983818,non-portable,0.8731503843158879,0.30755213130674525,1.0,1.0,1.0,21,62,0.3387096774193548,0.27757244315098006,0.3253895393077909,13,62,0.20967741935483872,0.13970308950637897,0.7034631072283057,0.9401366512747488,0.8870369060213331,0.9054116865286785,0.6656779137313065,0.6612903225806451,0.7556253430597912,0.0032202659959468137,234.64687203195598,84.6122986147274,fast_genus_and_geometry
440,0.826201373030554,0.999999551783121,0.8262010027131531,non-portable,0.8731503843158879,0.30755213130674525,1.0,0.7258064516129032,1.0,22,62,0.3548387096774194,0.2715211844579495,0.3140398175719311,9,62,0.14516129032258066,0.11643976539370049,0.7047884980967337,0.9723186064628533,0.8870369060213331,0.9054116865286785,0.6656779137313065,0.5161290322580645,0.7567237295196614,0.003114002552911117,243.00677878771816,87.50867458165679,fast_genus_and_geometry
441,0.826201373030554,0.9999980874959079,0.8261997929170471,non-portable,0.8731503843158879,0.30755213130674525,1.0,0.7258064516129032,1.0,20,62,0.3225806451612903,0.27823548444391,0.32935905092082624,9,62,0.14516129032258066,0.10087352451907632,0.6986690917097653,0.9776833351230587,0.8870369060213331,0.9054116865286785,0.6656779137313065,0.46774193548387094,0.748904480969279,0.003613316445173889,207.26235643422544,87.99150016107528,fast_genus_and_geometry
442,0.8673304052886185,0.9999999562510639,0.867330367343836,non-portable,0.8731503843158879,0.30755213130674525,1.0,1.0,1.0,22,62,0.3548387096774194,0.2516196503285312,0.3479523936713351,38,62,0.6129032258064516,0.05606079899486398,0.695781284811593,0.938192041395845,0.8870369060213331,0.9054116865286785,0.6656779137313065,0.5967741935483871,0.7454811341807113,0.003868796832996423,192.6906907653066,84.43728372562605,fast_genus_and_geometry
443,0.8612200473265261,0.9999999289502656,0.8612199861370705,non-portable,0.8731503843158879,0.30755213130674525,1.0,1.0,0.8777928407581529,23,62,0.3709677419354839,0.21944821018953822,0.3241264103754611,18,62,0.2903225806451613,0.1518921876238802,0.700940993790379,0.9396268510281429,0.8870369060213331,0.9054116865286785,0.6656779137313065,0.5806451612903226,0.7596328761096671,0.003457436575890607,219.70985134094383,84.56641659253286,fast_genus_and_geometry
444,0.8673304052886185,0.9999999978073542,0.8673304033868701,non-portable,0.8731503843158879,0.30755213130674525,1.0,1.0,1.0,25,62,0.4032258064516129,0.25519974444326105,0.3468189703038526,14,62,0.22580645161290322,0.09653518652331594,0.6988449722846926,0.9527107762762771,0.8870369060213331,0.9054116865286785,0.6656779137313065,0.6935483870967742,0.748761111612738,0.0035964612342735385,208.19385024289932,85.74396986486494,fast_genus_and_geometry
445,0.8573194305598427,0.9999999974200409,0.8573194283479936,non-portable,0.8731503843158879,0.30755213130674525,1.0,0.9677419354838709,0.8965546989728743,25,62,0.4032258064516129,0.22413867474321858,0.3379736638226818,12,62,0.1935483870967742,0.14634375404837074,0.6967752184887998,0.9078611933608062,0.8870369060213331,0.9054116865286785,0.6656779137313065,0.6935483870967742,0.7504211217801596,0.0037985194133633585,197.55621601936403,81.70750740247256,fast_genus_and_geometry
446,0.8673304052886185,0.9999998348022381,0.8673302620075767,non-portable,0.8731503843158879,0.30755213130674525,1.0,1.0,1.0,18,62,0.2903225806451613,0.3299147726205982,0.334588863334406,15,62,0.24193548387096775,0.12330283569380755,0.6993897068276315,0.9772541496607398,0.8870369060213331,0.9054116865286785,0.6656779137313065,0.5483870967741935,0.7451421769064227,0.003529599232643022,211.1124033615703,87.95287346946658,fast_genus_and_geometry
447,0.8624916956111991,0.9999994853387595,0.8624912517201531,non-portable,0.8731503843158879,0.30755213130674525,1.0,0.9677419354838709,1.0,17,62,0.27419354838709675,0.2814001065850136,0.2852191756365997,12,62,0.1935483870967742,0.12663006016838307,0.7095914050403195,0.9342056201133886,0.8870369060213331,0.9054116865286785,0.6656779137313065,0.5161290322580645,0.7521570650519057,0.002719265119875684,276.6030643920045,84.07850581020497,fast_genus_and_geometry
448,0.8503949214176507,0.9999988606058315,0.8503939524826364,non-portable,0.8731503843158879,0.30755213130674525,1.0,0.8870967741935484,1.0,18,62,0.2903225806451613,0.3090382580430586,0.3026022421122839,11,62,0.1774193548387097,0.12280969125818801,0.7081533301699444,0.9853485061832703,0.8870369060213331,0.9054116865286785,0.6656779137313065,0.4838709677419355,0.7485305126276947,0.0028143788592296416,265.96650631201237,88.68136555649433,fast_genus_and_geometry
449,0.8673304052886185,0.9999998936933017,0.8673303130855867,non-portable,0.8731503843158879,0.30755213130674525,1.0,1.0,1.0,21,62,0.3387096774193548,0.3093847553031456,0.3208745799857291,14,62,0.22580645161290322,0.1603826501257049,0.7050073359089652,0.9636607885905221,0.8870369060213331,0.9054116865286785,0.6656779137313065,0.5645161290322581,0.7497815320449377,0.003067560409603397,244.4227437861204,86.72947097314699,fast_genus_and_geometry
450,0.8531903792514905,0.9999999918034713,0.8531903722582911,non-portable,0.8731503843158879,0.30755213130674525,1.0,0.9677419354838709,0.8139736728058304,27,62,0.43548387096774194,0.2034934182014576,0.33233838850033715,12,62,0.1935483870967742,0.14874168308088703,0.7006541839133604,0.9945505588020033,0.8870369060213331,0.9054116865286785,0.6656779137313065,0.6451612903225806,0.7519924353890092,0.003448119968524536,218.08766581598658,89.5095502921803,fast_genus_and_geometry
451,0.86503960526914,0.9999999012888261,0.8650395198800651,non-portable,0.8731503843158879,0.30755213130674525,1.0,1.0,0.9541839996104313,23,62,0.3709677419354839,0.23854599990260783,0.32377635177950875,14,62,0.22580645161290322,0.12354419360086204,0.7007593665857199,0.9840998093368694,0.8870369060213331,0.9054116865286785,0.6656779137313065,0.5645161290322581,0.7467016532379381,0.0034145730565569746,218.68082506070664,88.56898284031824,fast_genus_and_geometry
452,0.866214222329027,0.9999999004426104,0.8662141360910003,non-portable,0.8731503843158879,0.30755213130674525,1.0,1.0,0.9776763408081713,23,62,0.3709677419354839,0.24441908520204284,0.3067462488734969,14,62,0.22580645161290322,0.16449332931564709,0.7062955457258421,0.9817462509556916,0.8870369060213331,0.9054116865286785,0.6656779137313065,0.5645161290322581,0.7499468019798358,0.002964562591712065,252.97047330909407,88.35716258601224,fast_genus_and_geometry
453,0.8382981472241023,0.999999975727483,0.8382981268764963,non-portable,0.8731503843158879,0.30755213130674525,1.0,0.8064516129032258,1.0,21,62,0.3387096774193548,0.2633178609019522,0.33340423681575826,10,62,0.16129032258064516,0.13640880448911913,0.7009000624000385,0.9654897391315954,0.8870369060213331,0.9054116865286785,0.6656779137313065,0.6129032258064516,0.7505274143563256,0.0034196110437492576,219.47742148283865,86.89407652184359,fast_genus_and_geometry
454,0.8341655816826498,0.9999997322810832,0.8341653583607438,non-portable,0.8731503843158879,0.30755213130674525,1.0,0.8064516129032258,0.9173486891709492,23,62,0.3709677419354839,0.2293371722927373,0.33457990055490316,10,62,0.16129032258064516,0.11662517289505797,0.7006596910250594,0.9792730532967152,0.8870369060213331,0.9054116865286785,0.6656779137313065,0.532258064516129,0.745539665764569,0.003418046050612216,218.11867210830388,88.13457479670437,fast_genus_and_geometry
455,0.8624916956111991,0.9999999911351812,0.8624916879653666,non-portable,0.8731503843158879,0.30755213130674525,1.0,0.9677419354838709,1.0,24,62,0.3870967741935484,0.2704340907704883,0.31724948298247724,12,62,0.1935483870967742,0.15311462298346262,0.7054161776727588,0.972939843303462,0.8870369060213331,0.9054116865286785,0.6656779137313065,0.6451612903225806,0.7495309185442149,0.0030333607198925645,247.09587410057904,87.56458589731157,fast_genus_and_geometry
456,0.8673304052886185,0.9999999834078601,0.8673303908977511,non-portable,0.8731503843158879,0.30755213130674525,1.0,1.0,1.0,23,62,0.3709677419354839,0.25158007575100994,0.3426287916691392,13,62,0.20967741935483872,0.14646585192329742,0.6995980778684788,0.9352431666471321,0.8870369060213331,0.9054116865286785,0.6656779137313065,0.6290322580645161,0.7551352104761598,0.0035578909132918933,212.242373046081,84.1718849982419,fast_genus_and_geometry
457,0.8566555541564861,0.9999999911162126,0.8566555465461403,non-portable,0.8731503843158879,0.30755213130674525,1.0,0.9677419354838709,0.8832771709057399,23,62,0.3709677419354839,0.22081929272643497,0.3305618519275553,12,62,0.1935483870967742,0.14258213167746547,0.7003023783096285,0.9723505001406805,0.8870369060213331,0.9054116865286785,0.6656779137313065,0.6451612903225806,0.7480091377924237,0.0034611092506201084,216.1183261286557,87.51154501266124,fast_genus_and_geometry
458,0.8673304052886185,0.9999999891350632,0.8673303958651284,non-portable,0.8731503843158879,0.30755213130674525,1.0,1.0,1.0,20,62,0.3225806451612903,0.25860141357748767,0.31430023560713716,43,62,0.6935483870967742,0.056054476798355624,0.7023530763015345,0.9168449234941956,0.8870369060213331,0.9054116865286785,0.6656779137313065,0.6451612903225806,0.7580396356025842,0.0033258900552725662,227.92083412404344,82.5160431144776,fast_genus_and_geometry
459,0.8673304052886185,0.9999999905167453,0.8673303970635033,non-portable,0.8731503843158879,0.30755213130674525,1.0,1.0,1.0,18,62,0.2903225806451613,0.30983023230349427,0.3356086982519639,14,62,0.22580645161290322,0.12294999709007266,0.6991078801264302,0.9543462208483084,0.8870369060213331,0.9054116865286785,0.6656779137313065,0.6451612903225806,0.7503915457798508,0.0035801793206707913,209.5960784554377,85.89115987634776,fast_genus_and_geometry
460,0.8570189930366969,0.9999999584262782,0.8570189574072278,non-portable,0.8731503843158879,0.30755213130674525,1.0,0.9677419354838709,0.8905459485099572,23,62,0.3709677419354839,0.2226364871274893,0.31231582086771403,12,62,0.1935483870967742,0.13232431170030917,0.7040943702906509,0.952253389803629,0.8870369060213331,0.9054116865286785,0.6656779137313065,0.5967741935483871,0.7488446828036992,0.003138719049045547,238.58289674936512,85.7028050823266,fast_genus_and_geometry
461,0.8673304052886185,0.9999999768177213,0.8673303851819234,non-portable,0.8731503843158879,0.30755213130674525,1.0,1.0,1.0,23,62,0.3709677419354839,0.25885055434354365,0.3519114615940927,14,62,0.22580645161290322,0.11102505100722253,0.6968484075553626,0.9781607993675662,0.8870369060213331,0.9054116865286785,0.6656779137313065,0.6129032258064516,0.7498320266454762,0.0037885503311238236,197.9205662085129,88.03447194308096,fast_genus_and_geometry
462,0.86160542339425,0.9999999611348518,0.8616053899078274,non-portable,0.8731503843158879,0.30755213130674525,1.0,1.0,0.8855003621126304,26,62,0.41935483870967744,0.2213750905281576,0.32889946693024846,20,62,0.3225806451612903,0.12701410936245178,0.6996406813856639,0.9708286158147298,0.8870369060213331,0.9054116865286785,0.6656779137313065,0.5967741935483871,0.7526255285442927,0.0035421949162957743,212.47434043842668,87.37457542332568,fast_genus_and_geometry
463,0.8673304052886185,0.9999999345527167,0.8673303485241998,non-portable,0.8731503843158879,0.30755213130674525,1.0,1.0,1.0,22,62,0.3548387096774194,0.26343725234810556,0.30342018253748315,13,62,0.20967741935483872,0.12265492003055896,0.70823042864678,0.9622729908755852,0.8870369060213331,0.9054116865286785,0.6656779137313065,0.5806451612903226,0.7502326014471885,0.0028148817884777492,266.5236616749382,86.60456917880266,fast_genus_and_geometry
464,0.8673304052886185,0.9999999917073482,0.8673303980961494,non-portable,0.8731503843158879,0.30755213130674525,1.0,1.0,1.0,22,62,0.3548387096774194,0.28270023733383826,0.3330351082167481,13,62,0.20967741935483872,0.15730683499499118,0.6998351355747154,0.9913359452827575,0.8870369060213331,0.9054116865286785,0.6656779137313065,0.6451612903225806,0.7526754913635081,0.0035247987609221907,213.53715273282327,89.22023507544817,fast_genus_and_geometry
465,0.8558387307521341,0.9999995640396242,0.8558383576403594,non-portable,0.8731503843158879,0.30755213130674525,1.0,0.9677419354838709,0.8669407028187024,22,62,0.3548387096774194,0.2167351757046756,0.28376597299398615,12,62,0.1935483870967742,0.13539319378408182,0.7121484705058353,0.9799631302356625,0.8870369060213331,0.9054116865286785,0.6656779137313065,0.5161290322580645,0.7522671493748091,0.0025340748660005073,296.86066480036607,88.19668172120963,fast_genus_and_geometry
466,0.8653047885796187,0.9999998800714769,0.8653046848048933,non-portable,0.8731503843158879,0.30755213130674525,1.0,1.0,0.9594876658200047,20,62,0.3225806451612903,0.23987191645500117,0.31918729441317384,35,62,0.5645161290322581,0.04988987148571547,0.7012048834125542,0.9304181140552561,0.8870369060213331,0.9054116865286785,0.6656779137313065,0.5645161290322581,0.7457351061701921,0.0033710754198349522,221.2157882266257,83.73763026497305,fast_genus_and_geometry
467,0.8623042201133017,0.9999999854610224,0.8623042075762799,non-portable,0.8731503843158879,0.30755213130674525,1.0,0.9677419354838709,0.9962504900420512,18,62,0.2903225806451613,0.2490626225105128,0.28950825433576516,12,62,0.1935483870967742,0.1289915979785038,0.7094369740607194,0.9716643981943949,0.8870369060213331,0.9054116865286785,0.6656779137313065,0.6290322580645161,0.7534650696619892,0.0027355389820584494,275.4356909566022,87.44979583749554,fast_genus_and_geometry
468,0.8624916956111991,0.9999998978875317,0.8624916075400432,non-portable,0.8731503843158879,0.30755213130674525,1.0,0.9677419354838709,1.0,22,62,0.3548387096774194,0.2666083411870681,0.3030493131666562,12,62,0.1935483870967742,0.11731960364341908,0.7092813224015346,0.9747593950828031,0.8870369060213331,0.9054116865286785,0.6656779137313065,0.5645161290322581,0.7504478918445303,0.0027362115421511253,274.2653045219418,87.72834555745227,fast_genus_and_geometry
469,0.8611687417981416,0.999999988787115,0.8611687321419556,non-portable,0.8731503843158879,0.30755213130674525,1.0,1.0,0.8767667301904645,23,62,0.3709677419354839,0.21919168254761612,0.3370329000001515,14,62,0.22580645161290322,0.14818017227311642,0.6969615645180101,0.9081535303352095,0.8870369060213331,0.9054116865286785,0.6656779137313065,0.6451612903225806,0.7524812670237206,0.0037911136168694874,198.48554885703535,81.73381773016885,fast_genus_and_geometry
470,0.8613028948911324,0.9999999960993338,0.8613028915314773,non-portable,0.8731503843158879,0.30755213130674525,1.0,1.0,0.8794497920502788,25,62,0.4032258064516129,0.2198624480125697,0.3499781512383035,43,62,0.6935483870967742,0.06136312281986378,0.6954528853339689,0.9290206206235287,0.8870369060213331,0.9054116865286785,0.6656779137313065,0.6774193548387096,0.7524692211525329,0.003937232261809748,191.11628959543793,83.61185585611759,fast_genus_and_geometry
471,0.8600203762336656,0.9999999726176095,0.8600203526842518,non-portable,0.8731503843158879,0.30755213130674525,1.0,1.0,0.8537994189009432,23,62,0.3709677419354839,0.2134498547252358,0.3252712409013566,16,62,0.25806451612903225,0.12391571208039374,0.7018685937381517,0.9322504376544507,0.8870369060213331,0.9054116865286785,0.6656779137313065,0.6129032258064516,0.755229315439829,0.0033556651929513193,225.06098553163528,83.90253938890056,fast_genus_and_geometry
472,0.7410970264796672,0.9999999386067235,0.7410969809812926,non-portable,0.8731503843158879,0.30755213130674525,1.0,0.16129032258064516,0.9914614560790405,23,62,0.3709677419354839,0.24786536401976011,0.30600253058468435,2,62,0.03225806451612903,0.11428731871637812,0.70674610191686,0.9799036871709113,0.8870369060213331,0.9054116865286785,0.6656779137313065,0.5806451612903226,0.7546186789287174,0.0029471758107257715,256.0480702177333,88.19133184538201,fast_genus_and_geometry
473,0.8624916956111991,0.9999999950091116,0.8624916913065993,non-portable,0.8731503843158879,0.30755213130674525,1.0,0.9677419354838709,1.0,27,62,0.43548387096774194,0.25845971819424784,0.3519481207072616,12,62,0.1935483870967742,0.16477135703596077,0.6977565198565201,0.9961993779047033,0.8870369060213331,0.9054116865286785,0.6656779137313065,0.6612903225806451,0.7508196945396532,0.003707525137021011,202.51236789804622,89.6579440114233,fast_genus_and_geometry
474,0.858925271309512,0.9999999593011751,0.8589252363522628,non-portable,0.8731503843158879,0.30755213130674525,1.0,1.0,0.8318973204178711,28,62,0.45161290322580644,0.20797433010446778,0.3340605777794451,24,62,0.3870967741935484,0.09531191564119884,0.6995332369209861,0.958117654570759,0.8870369060213331,0.9054116865286785,0.6656779137313065,0.5967741935483871,0.7564058509532208,0.0035698054447656905,211.88993704469758,86.23058891136832,fast_genus_and_geometry
475,0.8372289838360528,0.9999999948343472,0.8372289795112186,non-portable,0.8731503843158879,0.30755213130674525,1.0,0.8064516129032258,0.9786167322390096,23,62,0.3709677419354839,0.2446541830597524,0.3522720704151263,10,62,0.16129032258064516,0.12775060210727707,0.6956288393703068,0.9867098251743553,0.8870369060213331,0.9054116865286785,0.6656779137313065,0.6612903225806451,0.7491720689777341,0.003902795224817902,191.95782146440678,88.80388426569198,fast_genus_and_geometry
476,0.8673304052886185,0.9999999907282143,0.8673303972469169,non-portable,0.8731503843158879,0.30755213130674525,1.0,1.0,1.0,24,62,0.3870967741935484,0.25564946429997826,0.3352833197608602,16,62,0.25806451612903225,0.1300143885679892,0.6994965228733141,0.9605641006666426,0.8870369060213331,0.9054116865286785,0.6656779137313065,0.6451612903225806,0.7477117129182995,0.0035320951114659505,211.69070744756118,86.45076905999782,fast_genus_and_geometry
477,0.859480649852857,0.9999999237891171,0.8594805843510778,non-portable,0.8731503843158879,0.30755213130674525,1.0,1.0,0.8430048912847701,24,62,0.3870967741935484,0.21075122282119252,0.3296934974642614,14,62,0.22580645161290322,0.14284044490157438,0.6999040587175397,0.9202923542460335,0.8870369060213331,0.9054116865286785,0.6656779137313065,0.5806451612903226,0.7465545657678873,0.003489951413465201,213.915461082774,82.82631188214302,fast_genus_and_geometry
478,0.8428438315360237,0.9999997964617934,0.8428436599851018,non-portable,0.8731503843158879,0.30755213130674525,1.0,0.8870967741935484,0.8489782023674615,19,62,0.3064516129032258,0.21224455059186537,0.3025825456172616,11,62,0.1774193548387097,0.12419603789286074,0.7045013930799868,0.9197089099913468,0.8870369060213331,0.9054116865286785,0.6656779137313065,0.5483870967741935,0.7570085520788338,0.0031389700774318357,241.16462833509524,82.77380189922121,fast_genus_and_geometry
479,0.8503949214176507,0.9999996962534549,0.8503946631131314,non-portable,0.8731503843158879,0.30755213130674525,1.0,0.8870967741935484,1.0,24,62,0.3870967741935484,0.2754639396553977,0.33788196192582687,11,62,0.1774193548387097,0.1384037585351277,0.6996984384926779,0.9444619838068518,0.8870369060213331,0.9054116865286785,0.6656779137313065,0.532258064516129,0.7446866836088484,0.0034996430673843036,212.78932430256114,85.00157854261666,fast_genus_and_geometry
480,0.8566478333542291,0.9999999610056589,0.8566477999498113,non-portable,0.8731503843158879,0.30755213130674525,1.0,0.9677419354838709,0.8831227548606022,23,62,0.3709677419354839,0.22078068871515055,0.3109151597890593,12,62,0.1935483870967742,0.12193484101317197,0.7046892243924043,0.9699136128284609,0.8870369060213331,0.9054116865286785,0.6656779137313065,0.5967741935483871,0.7511463700539427,0.0030992000384370885,242.36782419270432,87.29222515456148,fast_genus_and_geometry
481,0.8529333184905104,0.9999998829112445,0.8529332186216096,non-portable,0.8731503843158879,0.30755213130674525,1.0,0.9677419354838709,0.8088324575862251,22,62,0.3548387096774194,0.20220811439655628,0.28109415797929366,12,62,0.1935483870967742,0.16437012881165994,0.7131846882418813,0.9370253354043367,0.8870369060213331,0.9054116865286785,0.6656779137313065,0.5645161290322581,0.752199235823146,0.0024614301018921654,305.59439215637724,84.3322801863903,fast_genus_and_geometry
482,0.8671704931398672,0.999999978298723,0.8671704743211601,non-portable,0.8731503843158879,0.30755213130674525,1.0,1.0,0.9968017570249743,21,62,0.3387096774193548,0.24920043925624358,0.3229982794735469,14,62,0.22580645161290322,0.15325218203459168,0.7039756014654547,0.9963628861683205,0.8870369060213331,0.9054116865286785,0.6656779137313065,0.6129032258064516,0.7489965790852632,0.003149213469758248,237.83607757233443,89.67265975514884,fast_genus_and_geometry
483,0.7536207278692636,0.9999978516317266,0.7536191088144016,non-portable,0.8731503843158879,0.30755213130674525,1.0,0.24193548387096772,1.0,19,62,0.3064516129032258,0.3045951503737283,0.3054537700359507,3,62,0.04838709677419355,0.10519188819589087,0.7079221935309535,0.9456185892260914,0.8870369060213331,0.9054116865286785,0.6656779137313065,0.46774193548387094,0.7454366806625172,0.002820366675261807,264.30488177333194,85.10567303034823,fast_genus_and_geometry
484,0.8673304052886185,0.9999996965221745,0.867330142073073,non-portable,0.8731503843158879,0.30755213130674525,1.0,1.0,1.0,19,62,0.3064516129032258,0.3340693647117169,0.3193182467145629,13,62,0.20967741935483872,0.14154865425739582,0.7048222714188106,0.9447060150851991,0.8870369060213331,0.9054116865286785,0.6656779137313065,0.532258064516129,0.7537208456479692,0.003098867218794991,243.22463417488956,85.02354135766792,fast_genus_and_geometry
485,0.8625474974253993,0.9999996583061082,0.862547202698188,non-portable,0.8731503843158879,0.30755213130674525,1.0,1.0,0.9043418427356162,28,62,0.45161290322580644,0.22608546068390406,0.33653785398372793,14,62,0.22580645161290322,0.18377595174928785,0.6992515473144088,0.9120039867669361,0.8870369060213331,0.9054116865286785,0.6656779137313065,0.532258064516129,0.7497837348416719,0.003564164114081804,210.367343041057,82.08035880902425,fast_genus_and_geometry
486,0.8624916956111991,0.9999999762038189,0.8624916750871905,non-portable,0.8731503843158879,0.30755213130674525,1.0,0.9677419354838709,1.0,17,62,0.27419354838709675,0.28877049228191165,0.32056988058477975,12,62,0.1935483870967742,0.11056434727812597,0.7007878379243346,0.9709543630894584,0.8870369060213331,0.9054116865286785,0.6656779137313065,0.6129032258064516,0.7579755580293239,0.00346357868269975,218.84173205457714,87.38589267805125,fast_genus_and_geometry
487,0.8485965334384199,0.9999997425934458,0.8485963150041104,non-portable,0.8731503843158879,0.30755213130674525,1.0,0.8870967741935484,0.9640322404153836,22,62,0.3548387096774194,0.2410080601038459,0.32014963183579104,11,62,0.1774193548387097,0.0978083102852501,0.7016293709441557,0.9901034964582637,0.8870369060213331,0.9054116865286785,0.6656779137313065,0.532258064516129,0.7444969316843408,0.0033286181682194793,223.66546538516968,89.10931468124373,fast_genus_and_geometry
488,0.8386523707867939,0.999999975339683,0.8386523501053605,non-portable,0.8731503843158879,0.30755213130674525,1.0,0.8870967741935484,0.7651489873828641,28,62,0.45161290322580644,0.19128724684571602,0.34253837180961544,11,62,0.1774193548387097,0.11184476597306756,0.697884146235775,0.961119433124081,0.8870369060213331,0.9054116865286785,0.6656779137313065,0.6129032258064516,0.753593964901897,0.003709208806773478,203.1683855397249,86.50074898116729,fast_genus_and_geometry
489,0.8637898418544347,0.9999998301769129,0.8637896951629772,non-portable,0.8731503843158879,0.30755213130674525,1.0,1.0,0.9291887313163265,24,62,0.3870967741935484,0.23229718282908163,0.3091617805161163,13,62,0.20967741935483872,0.12715040902395244,0.7076388345964387,0.9696404930591812,0.8870369060213331,0.9054116865286785,0.6656779137313065,0.5483870967741935,0.7471627717248872,0.0028486622869709145,262.2854857672063,87.26764437532631,fast_genus_and_geometry
490,0.8624916956111991,0.9999999903588187,0.8624916872957603,non-portable,0.8731503843158879,0.30755213130674525,1.0,0.9677419354838709,1.0,22,62,0.3548387096774194,0.25147148752982285,0.3288631676428342,12,62,0.1935483870967742,0.13278132838171702,0.7009290666739029,0.9497924458195862,0.8870369060213331,0.9054116865286785,0.6656779137313065,0.6451612903225806,0.7487911408364492,0.0034091422876686337,219.6420910752057,85.48132012376276,fast_genus_and_geometry
491,0.8673304052886185,0.999999960550384,0.867330371072767,non-portable,0.8731503843158879,0.30755213130674525,1.0,1.0,1.0,23,62,0.3709677419354839,0.26857897938843234,0.34787205116291514,13,62,0.20967741935483872,0.11281125932119304,0.6985945020503206,0.9667131382780718,0.8870369060213331,0.9054116865286785,0.6656779137313065,0.5967741935483871,0.7516388630611829,0.0036334068243382583,206.86889726367943,87.00418244502646,fast_genus_and_geometry
492,0.862957442410965,0.9999999753181433,0.862957421111573,non-portable,0.8731503843158879,0.30755213130674525,1.0,1.0,0.9125407424469305,27,62,0.43548387096774194,0.22813518561173263,0.32170808333202777,15,62,0.24193548387096775,0.14522147647306377,0.703058043600453,0.9608787132820383,0.8870369060213331,0.9054116865286785,0.6656779137313065,0.6129032258064516,0.756481128457699,0.0032583910077748765,232.1640118244411,86.47908419538345,fast_genus_and_geometry
493,0.8314611767251944,0.9999999642653941,0.8314611470132569,non-portable,0.8731503843158879,0.30755213130674525,1.0,0.8064516129032258,0.8632605900218424,27,62,0.43548387096774194,0.2158151475054606,0.3130691470095242,10,62,0.16129032258064516,0.11197867413909823,0.7051912099877206,0.9939829604160834,0.8870369060213331,0.9054116865286785,0.6656779137313065,0.5967741935483871,0.7564066505760307,0.003079574987169341,245.62046832030498,89.4584664374475,fast_genus_and_geometry
494,0.8673304052886185,0.9999998789729678,0.8673303003181936,non-portable,0.8731503843158879,0.30755213130674525,1.0,1.0,1.0,24,62,0.3870967741935484,0.29035449330271645,0.37003604622212427,15,62,0.24193548387096775,0.21750192746698735,0.6932936417942657,0.9279041162153402,0.8870369060213331,0.9054116865286785,0.6656779137313065,0.5645161290322581,0.7497670782208626,0.004138753238809864,181.15771464463174,83.51137045938061,fast_genus_and_geometry
495,0.8503949214176507,0.9999997201672542,0.8503946834493049,non-portable,0.8731503843158879,0.30755213130674525,1.0,0.8870967741935484,1.0,21,62,0.3387096774193548,0.26612601737272357,0.31772052408659507,11,62,0.1774193548387097,0.11898958612082002,0.7043911108962208,0.9670712925214483,0.8870369060213331,0.9054116865286785,0.6656779137313065,0.532258064516129,0.7532410268048079,0.0031324785251359314,240.46167300448502,87.03641632693035,fast_genus_and_geometry
496,0.866274793139478,0.999999794719987,0.8662746153105771,non-portable,0.8731503843158879,0.30755213130674525,1.0,1.0,0.9788877570171914,22,62,0.3548387096774194,0.24472193925429786,0.30452580564992193,13,62,0.20967741935483872,0.15517070462088867,0.7053051821877633,0.9173594530139066,0.8870369060213331,0.9054116865286785,0.6656779137313065,0.5483870967741935,0.7509453748118038,0.0030480816979628336,246.3665509076392,82.5623507712516,fast_genus_and_geometry
497,0.8503949214176507,0.9999998208944255,0.8503947691071798,non-portable,0.8731503843158879,0.30755213130674525,1.0,0.8870967741935484,1.0,22,62,0.3548387096774194,0.26024284476965176,0.3226882848595428,11,62,0.1774193548387097,0.13079648943650002,0.7027531530895694,0.9549672716997577,0.8870369060213331,0.9054116865286785,0.6656779137313065,0.5483870967741935,0.7546520692908816,0.0032765821879729793,230.31684419847824,85.9470544529782,fast_genus_and_geometry
498,0.8673304052886185,0.9999999848523016,0.8673303921505591,non-portable,0.8731503843158879,0.30755213130674525,1.0,1.0,1.0,23,62,0.3709677419354839,0.25379310324597526,0.3277844908590163,19,62,0.3064516129032258,0.10347025807362785,0.7014255006710091,0.9603556970519472,0.8870369060213331,0.9054116865286785,0.6656779137313065,0.6290322580645161,0.7495928317885009,0.0033691878058119303,222.48472777190847,86.43201273467525,fast_genus_and_geometry
499,0.8673304052886185,0.9999999594555106,0.8673303701231501,non-portable,0.8731503843158879,0.30755213130674525,1.0,1.0,1.0,18,62,0.2903225806451613,0.3605902700931445,0.3261814825876301,13,62,0.20967741935483872,0.16301389409020015,0.7016897932973303,0.9591652020300074,0.8870369060213331,0.9054116865286785,0.6656779137313065,0.5967741935483871,0.7467224358711149,0.0033333305695242496,224.0169165033311,86.32486818270067,fast_genus_and_geometry
500,0.8673304052886185,0.9999999910609424,0.867330397535502,non-portable,0.8731503843158879,0.30755213130674525,1.0,1.0,1.0,20,62,0.3225806451612903,0.27956329914766603,0.3142234639159654,13,62,0.20967741935483872,0.16748654746611444,0.7055926604699697,0.9706404443179808,0.8870369060213331,0.9054116865286785,0.6656779137313065,0.6451612903225806,0.7500929885022465,0.003021387915192095,248.26106728323126,87.35763998861827,fast_genus_and_geometry
