simulation_id,setting,regime,replicate,alpha,heterogeneity_label,heterogeneity_level,n_samples,n_features,true_three_class,R2_cohort,R2_disease,CDDR,angle_degrees,pc1_variance_pct,pooled_auroc,pooled_auprc,pooled_balanced_accuracy,loco_auroc,loco_auprc,bpg_auroc,feature_jaccard_top20,S_BPG,S_LOCO,S_feature,interaction_q05,interaction_n,cochran_q_q05,cochran_q_n,MBPI,MBPI_plus,S_CDDR,S_angle,S_heterogeneity,pd_main_count,pd_main_n,pd_main_proportion,median_abs_pd_effect_sig,mean_abs_pd_effect_top20,fixed_effect_count,fixed_effect_n,fixed_effect_proportion,median_abs_fixed_effect_sig,DSAS_pooled_auroc,DSAS_loco_auroc,DSAS_pd_main_fdr,DSAS_fixed_effect_fdr,DSAS_effect_size,DSAS,PRS_elastic_net_positive,PRS_equal_weight,PRS_heterogeneity_alone,PRS_manual_constrained,PRS_nonnegative_logistic,PRS,MBPI_v2_score,final_class
1,null_permuted_within_cohort,null,1,0.0,none,0.0,683,62,no usable disease signal,0.7452686633844045,0.00044229451997028496,1685.005419995876,81.63290315158397,60.81563406143735,0.536843841133176,0.5910661713076322,0.5092782252464936,0.5101130404186393,0.5706155436888479,0.026730800714536707,0.38040503557744937,0.7255161213488952,0.9797739191627215,0.6195949644225507,1,62,0,62,0.6685773330382122,0.6444948568898962,0.7634177037972192,0.907032257239822,0.016129032258064516,0,62,0.0,0.0,0.11598090197441394,0,62,0.0,0.0,0.27145475178443995,0.14221842650401706,0.0,0.0,0.0,0.1499492185426217,0.7940708763061981,0.6685773330382122,0.016129032258064516,0.19430967725441603,0.3026175115903326,0.3026175115903326,0.04537725938028314,no usable disease signal
2,null_permuted_within_cohort,null,2,0.0,none,0.0,683,62,no usable disease signal,0.7546581195210641,0.0004173513486854377,1808.2081725578853,81.87944662605956,61.64648157507319,0.5467773573114845,0.5912076893728302,0.5260684279961116,0.5511903117115662,0.577884299877962,-0.0044129544000817145,0.24064171122994651,0.0,0.8976193765768676,0.7593582887700535,2,62,0,62,0.5606878504441843,0.5520181575235866,0.7651197436236166,0.9097716291784396,0.03225806451612903,0,62,0.0,0.0,0.11337569571480018,0,62,0.0,0.0,0.3058671519188828,0.3199697226662741,0.0,0.0,0.0,0.1849305482260688,0.5836174716877445,0.5606878504441843,0.03225806451612903,0.20776077744859117,0.4337089229748863,0.4337089229748863,0.08020602889628357,no usable disease signal
3,null_permuted_within_cohort,null,3,0.0,none,0.0,683,62,no usable disease signal,0.7538053022125997,0.0002977164775030306,2531.9569428431328,89.5584561768805,61.090393039362276,0.5048387376753228,0.5436389245238173,0.5033328704346618,0.5203885011816624,0.5436361899429111,-0.01554976350633952,0.22772657450076803,0.0,0.9592229976366753,0.772273425499232,1,62,0,62,0.5859389863355995,0.5736619882876567,0.7729145050987306,0.9950939575208945,0.016129032258064516,0,62,0.0,0.0,0.09281363383448099,0,62,0.0,0.0,0.09837415997428223,0.20193316310929393,0.0,0.0,0.0,0.06938039629807051,0.6080376041251335,0.5859389863355995,0.016129032258064516,0.2119220173106305,0.3914775878094935,0.3914775878094935,0.027160870184035357,no usable disease signal
4,null_permuted_within_cohort,null,4,0.0,none,0.0,683,62,no usable disease signal,0.7472719525054183,0.0003857357799085596,1937.2637733594806,73.03160649031771,60.552498498733584,0.5022609706985142,0.5513433136634621,0.5043440147201778,0.5292637984717007,0.5774966718917142,-0.027002827773186522,0.31899641577060933,0.0,0.9414724030565986,0.6810035842293907,2,62,0,62,0.5388259091870041,0.5332793507317178,0.7667591089830432,0.8114622943368635,0.03225806451612903,0,62,0.0,0.0,0.10638806829694596,0,62,0.0,0.0,0.06724538197548088,0.2419247753815251,0.0,0.0,0.0,0.057815168525892954,0.5315162225609315,0.5388259091870042,0.03225806451612903,0.18809891048027594,0.34041215940021613,0.34041215940021613,0.01968098636398663,no usable disease signal
5,null_permuted_within_cohort,null,5,0.0,none,0.0,683,62,no usable disease signal,0.748448365826878,0.00043666611034015834,1714.006074902045,88.91541701771591,60.89562287542742,0.5405195458964033,0.5907893866068508,0.5283814747951674,0.4662367058306764,0.5068839844093365,0.07428284006572689,0.3199851687059696,1.0,1.0,0.6800148312940304,3,62,0,62,0.7466970910386497,0.7114546494616997,0.7638315401890529,0.9879490779746212,0.04838709677419355,0,62,0.0,0.0,0.11404722679102659,0,62,0.0,0.0,0.2846736584104798,0.0,0.0,0.0,0.0,0.1423368292052399,0.8912808651759642,0.7466970910386497,0.04838709677419355,0.2362994930142791,0.6149755989224617,0.6149755989224617,0.08753367678921654,no usable disease signal
6,null_permuted_within_cohort,null,6,0.0,none,0.0,683,62,no usable disease signal,0.7562067342330662,0.00038478731064302187,1965.25902314544,85.94169607473724,61.855888776833176,0.5128454381335925,0.563051958386021,0.49440615886682404,0.5187513883261025,0.583078884574889,-0.005905950192509946,0.26515151515151514,0.0,0.9624972233477951,0.7348484848484849,0,62,0,62,0.5698918105208998,0.5599072661607712,0.7670974207653715,0.9549077341637471,0.0,0,62,0.0,0.0,0.1086429377789038,0,62,0.0,0.0,0.16028373675200183,0.19365633646283026,0.0,0.0,0.0,0.09950750202228395,0.5672403526658479,0.5698918105208998,0.0,0.19098154683274943,0.25063982905596477,0.25063982905596477,0.024940543296651317,no usable disease signal
7,null_permuted_within_cohort,null,7,0.0,none,0.0,683,62,no usable disease signal,0.7493467430012845,0.00035259346458471565,2125.24285974462,75.43861893804821,60.866017908364746,0.5183177683655048,0.5651256346081259,0.5171417164282739,0.4614537761303517,0.5191558585525164,0.056863992235153094,0.3824884792626728,1.0,1.0,0.6175115207373272,1,62,0,62,0.7067955260784936,0.6772533080672802,0.7689257263861444,0.8382068770894245,0.016129032258064516,0,62,0.0,0.0,0.10224125546409576,0,62,0.0,0.0,0.19140411889771236,0.0,0.0,0.0,0.0,0.09570205944885618,0.8344880936143024,0.7067955260784935,0.016129032258064516,0.18054460122433655,0.2524663191574537,0.2524663191574537,0.024161546684840534,no usable disease signal
8,null_permuted_within_cohort,null,8,0.0,none,0.0,683,62,no usable disease signal,0.7497670406806072,0.0003397475854057694,2206.835524041005,79.51160310320692,61.080587310835135,0.5396299125121511,0.5931762720674849,0.5329381335925566,0.5298105200546235,0.5735377872247384,0.00981939245752761,0.23818833496252853,0.24777729333913734,0.940378959890753,0.7618116650374714,0,62,0,62,0.6005376388176699,0.5861751189865743,0.7697956579363585,0.8834622567022992,0.0,0,62,0.0,0.0,0.10434650315134966,0,62,0.0,0.0,0.2815312150087485,0.244174200335021,0.0,0.0,0.0,0.16518302753787634,0.6207214511586793,0.6005376388176699,0.0,0.17669245134045986,0.20731371424050016,0.20731371424050016,0.03424470696836796,no usable disease signal
9,null_permuted_within_cohort,null,9,0.0,none,0.0,683,62,no usable disease signal,0.7499407067285837,0.0003608602029586629,2078.202862437814,83.02188334462687,61.240689461712236,0.491689522288571,0.5529312298497824,0.48847816275517286,0.49110995580941735,0.5563615955785367,0.000579566479153637,0.31899641577060933,1.0,1.0,0.6810035842293907,0,62,0,62,0.7286457874359495,0.6959821035165282,0.768405769890453,0.9224653704958541,0.0,0,62,0.0,0.0,0.10589194210716077,0,62,0.0,0.0,0.0,0.0,0.0,0.0,0.0,0.0,0.8477313085005264,0.7286457874359497,0.0,0.18449307409917082,0.22459351941364433,0.22459351941364433,0.0,no usable disease signal
10,null_permuted_within_cohort,null,10,0.0,none,0.0,683,62,no usable disease signal,0.7570005866118502,0.00020590499045867178,3676.4557523621147,75.21649107494635,61.693690831954896,0.46185859602832935,0.5371206533089425,0.4815737397583669,0.45003291507766957,0.5101294609359793,0.011825680950659778,0.242063492063492,1.0,1.0,0.757936507936508,2,62,0,62,0.7344835965161235,0.7009859398709629,0.7809682169224778,0.8357387897216261,0.03225806451612903,0,62,0.0,0.0,0.08003098979903116,0,62,0.0,0.0,0.0,0.0,0.0,0.0,0.0,0.0,0.8448176133657659,0.7344835965161234,0.03225806451612903,0.19295420955722847,0.36913339390991257,0.36913339390991257,0.0,no usable disease signal
11,null_permuted_within_cohort,null,11,0.0,none,0.0,683,62,no usable disease signal,0.7494188193853561,0.000423019533737186,1771.5938854278909,82.11572690269801,61.00317174056178,0.5430973128732121,0.5917147548059047,0.5537034786835162,0.48920809429957196,0.5539168903194766,0.053889218573640096,0.27777777777777773,1.0,1.0,0.7222222222222223,1,62,0,62,0.7358961800835536,0.7021967257859031,0.7646288604355009,0.9123969655855335,0.016129032258064516,0,62,0.0,0.0,0.11800473910746682,0,62,0.0,0.0,0.2935892125852449,0.0,0.0,0.0,0.0,0.14679460629262245,0.8553652885462928,0.7358961800835535,0.016129032258064516,0.19538261892355832,0.31747107225496257,0.31747107225496257,0.046603041060963926,no usable disease signal
12,null_permuted_within_cohort,null,12,0.0,none,0.0,683,62,no usable disease signal,0.7588840202494277,0.0003836538215378988,1978.0436884673704,89.85584660422056,62.3129934710461,0.5085838772392723,0.5677929835071894,0.4977129912512151,0.4893435676342288,0.5391472681429492,0.019240309605043526,0.26515151515151514,1.0,1.0,0.7348484848484849,1,62,0,62,0.7527709683995264,0.716660830056737,0.7672499976881582,0.9983982956024506,0.016129032258064516,0,62,0.0,0.0,0.10229986611608162,0,62,0.0,0.0,0.1310257779161974,0.0,0.0,0.0,0.0,0.0655128889580987,0.8767771865138869,0.7527709683995264,0.016129032258064516,0.21258288492694175,0.38999092018431014,0.38999092018431014,0.025549431848701443,no usable disease signal
13,null_permuted_within_cohort,null,13,0.0,none,0.0,683,62,no usable disease signal,0.7526841468155434,0.0006065082334221085,1241.0122490319131,85.86678975236057,61.325219646373455,0.5406410567976669,0.5724205367370646,0.5395170809609776,0.49677424746396737,0.5453648671366204,0.043866809333699575,0.30465949820788535,1.0,1.0,0.6953405017921146,3,62,0,62,0.7422584429678493,0.7076500939724423,0.7557476175478924,0.9540754416928953,0.04838709677419355,0,62,0.0,0.0,0.13855723209922627,0,62,0.0,0.0,0.28510018168239365,0.0,0.0,0.0,0.0,0.14255009084119682,0.8840186021186928,0.7422584429678494,0.04838709677419355,0.2295247657579339,0.5873169642804345,0.5873169642804345,0.08372208661075188,no usable disease signal
14,null_permuted_within_cohort,null,14,0.0,none,0.0,683,62,no usable disease signal,0.7501241961128079,0.0005132245605475686,1461.590605314147,81.57403121589716,60.715064800426056,0.49863300236078323,0.5533609373997801,0.5098944591029024,0.509972067358758,0.5620338002310662,-0.011339064997974768,0.26515151515151514,0.0,0.980055865282484,0.7348484848484849,1,62,0,62,0.5662204243575889,0.5567603637350762,0.7599110391354208,0.9063781246210796,0.016129032258064516,0,62,0.0,0.0,0.13148846488578197,0,62,0.0,0.0,0.0,0.1412237045170392,0.0,0.0,0.0,0.01412237045170392,0.5617560641606798,0.5662204243575889,0.016129032258064516,0.19417885073066754,0.31408334368993723,0.31408334368993723,0.004435601332299136,no usable disease signal
15,null_permuted_within_cohort,null,15,0.0,none,0.0,683,62,no usable disease signal,0.7540561094976052,0.0003874193657077923,1946.3562646642333,77.65462491205751,61.48823088763662,0.49349916678239136,0.5531810833092583,0.5013626579641717,0.5002307703830057,0.5443589626786847,-0.006731603600614311,0.29310344827586204,0.0,0.9995384592339887,0.7068965517241379,1,62,0,62,0.5587104729956359,0.5503232625676879,0.7668696290680965,0.8628291656895279,0.016129032258064516,0,62,0.0,0.0,0.11163973974106096,0,62,0.0,0.0,0.0,0.021483499854803637,0.0,0.0,0.0,0.002148349985480364,0.538583698878435,0.5587104729956358,0.016129032258064516,0.18546905894435722,0.2783501179569586,0.2783501179569586,0.0005979934718712896,no usable disease signal
16,null_permuted_within_cohort,null,16,0.0,none,0.0,683,62,no usable disease signal,0.74678640264805,0.000344599175623546,2167.116045175539,76.37731409407546,60.683562066251596,0.49024441049854184,0.5507476972611363,0.4796208859880572,0.4995963806743158,0.5429712368209344,-0.009351970175773938,0.24116743471582183,0.0,1.0,0.7588325652841782,0,62,0,62,0.5628077452552053,0.5538352102187474,0.7693770829795487,0.8486368232675051,0.0,0,62,0.0,0.0,0.10557788287042805,0,62,0.0,0.0,0.0,0.0,0.0,0.0,0.0,0.0,0.5105160841272373,0.5628077452552053,0.0,0.16972736465350102,0.1871017134406657,0.1871017134406657,0.0,no usable disease signal
17,null_permuted_within_cohort,null,17,0.0,none,0.0,683,62,no usable disease signal,0.7545675259294158,0.00024383620490079852,3094.567216695328,81.54752702075099,61.621437925095044,0.43476600472156646,0.5002550948221909,0.44101947646160256,0.4943834800173688,0.5491641622813154,-0.05961747529580236,0.3199851687059696,0.0,1.0,0.6800148312940304,0,62,0,62,0.5605696712650422,0.5519168610843219,0.7773195627323234,0.9060836335638999,0.0,0,62,0.0,0.0,0.08900342624872895,0,62,0.0,0.0,0.0,0.0,0.0,0.0,0.0,0.0,0.5413073688844537,0.5605696712650422,0.0,0.18121672671278,0.2143347737239525,0.2143347737239525,0.0,no usable disease signal
18,null_permuted_within_cohort,null,18,0.0,none,0.0,683,62,no usable disease signal,0.7552365745351245,0.00035115520367856205,2150.7201562829396,87.05171167940897,61.6583963273967,0.46528259963893903,0.5377523008057081,0.46903207887793363,0.5075996800963076,0.5567365030794234,-0.042317080457368594,0.26670883407126295,0.0,0.9848006398073847,0.7332911659287371,0,62,0,62,0.5757557754921748,0.5649335218504355,0.7692016063346049,0.9672412408823219,0.0,0,62,0.0,0.0,0.10620287446899221,0,62,0.0,0.0,0.0,0.1232856852704938,0.0,0.0,0.0,0.012328568527049381,0.5737391081838926,0.5757557754921748,0.0,0.1934482481764644,0.2589891662859378,0.2589891662859378,0.003192965684319572,no usable disease signal
19,null_permuted_within_cohort,null,19,0.0,none,0.0,683,62,no usable disease signal,0.7497873790237428,0.00035135223301229927,2134.0048776564804,84.55685715571873,61.01593885506339,0.4982033745313151,0.5496696456198786,0.5148113109290376,0.49440700635728035,0.5416419712797295,0.0037963681740347255,0.22630479366722253,1.0,1.0,0.7736952063327774,0,62,0,62,0.7470394821104728,0.7117481275232623,0.7690210512665173,0.9395206350635414,0.0,0,62,0.0,0.0,0.10461845529224904,0,62,0.0,0.0,0.0,0.0,0.0,0.0,0.0,0.0,0.8524054778397244,0.7470394821104727,0.0,0.1879041270127083,0.24377593419942814,0.24377593419942814,0.0,no usable disease signal
20,null_permuted_within_cohort,null,20,0.0,none,0.0,683,62,no usable disease signal,0.7449197467444549,0.00025333153648901205,2940.4935408693773,73.66407426132335,60.31901768788065,0.46178916122760727,0.5335131194982161,0.47000850576308845,0.5038577920900967,0.5574866613465078,-0.042068630862489464,0.29121863799283154,0.0,0.9922844158198065,0.7087813620071685,0,62,0,62,0.5492950248074111,0.5422528784063524,0.776214657002788,0.8184897140147039,0.0,0,62,0.0,0.0,0.08896606289827375,0,62,0.0,0.0,0.0,0.08783839809669498,0.0,0.0,0.0,0.008783839809669498,0.4943104315401086,0.5492950248074111,0.0,0.1636979428029408,0.16760828782042106,0.16760828782042106,0.0014722443509875578,no usable disease signal
21,null_permuted_within_cohort,null,21,0.0,none,0.0,683,62,no usable disease signal,0.7627045624577371,0.00039638480378985147,1924.151872537714,84.1547027124934,62.02741809287977,0.5131318566865712,0.5619175026427865,0.5188385293709207,0.4980128893965798,0.5356660193890075,0.015118967289991458,0.22474747474747478,1.0,1.0,0.7752525252525252,4,62,0,62,0.7569032560999395,0.7202027909428053,0.7665986299538157,0.9350522523610378,0.06451612903225806,0,62,0.0,0.0,0.10995683810554047,0,62,0.0,0.0,0.16206083232274998,0.0,0.0,0.0,0.0,0.08103041616137499,0.8881708346878124,0.7569032560999395,0.06451612903225806,0.23862335369801402,0.6927337293742565,0.6927337293742565,0.056132502380217324,no usable disease signal
22,null_permuted_within_cohort,null,22,0.0,none,0.0,683,62,no usable disease signal,0.747574212348876,0.00033451540448624524,2234.797567834025,89.0426770851065,60.94245582672334,0.5109186224135537,0.5568090967554433,0.5147939522288572,0.5038205803764787,0.5390427113991735,0.007098042037074981,0.24116743471582183,0.6500858595736331,0.9923588392470426,0.7588325652841782,0,62,0,62,0.6934542149336814,0.6658178985145841,0.770084946773829,0.9893630787234056,0.0,0,62,0.0,0.0,0.10211321853960871,0,62,0.0,0.0,0.14777430367661137,0.08741373320570058,0.0,0.0,0.0,0.08262852515887574,0.790886709941484,0.6934542149336814,0.0,0.19787261574468112,0.27716771138484636,0.27716771138484636,0.022901959213390787,no usable disease signal
23,null_permuted_within_cohort,null,23,0.0,none,0.0,683,62,no usable disease signal,0.7550574920263515,0.00020702256524742562,3647.22314750537,86.40936140109123,61.67200013431168,0.5189209831967783,0.5664505652171169,0.5089180322177476,0.4700691672841311,0.5308567379108929,0.048851815912647145,0.30465949820788535,1.0,1.0,0.6953405017921146,0,62,0,62,0.7393743873204649,0.7051780462746843,0.7808018065629947,0.9601040155676803,0.0,0,62,0.0,0.0,0.07924253229517646,0,62,0.0,0.0,0.19453011693194586,0.0,0.0,0.0,0.0,0.09726505846597293,0.8578878714542693,0.739374387320465,0.0,0.1920208031135361,0.25056514736700514,0.25056514736700514,0.024371233708186876,no usable disease signal
24,null_permuted_within_cohort,null,24,0.0,none,0.0,683,62,no usable disease signal,0.7461811056724769,0.00035155054491639863,2122.5428788623394,86.2232011936956,60.547407089613,0.49470125676989307,0.5404448269763378,0.5125156228301625,0.5286010255177559,0.5537319423531122,-0.033899768747862824,0.26515151515151514,0.0,0.9427979489644882,0.7348484848484849,1,62,0,62,0.5701178820324746,0.560101041742121,0.76889625730497,0.95803556881884,0.016129032258064516,0,62,0.0,0.0,0.10739992742111637,0,62,0.0,0.0,0.0,0.23916950272873796,0.0,0.0,0.0,0.0239169502728738,0.5888900210702069,0.5701178820324746,0.016129032258064516,0.20451033957021963,0.35577679605909984,0.35577679605909984,0.008509095939587853,no usable disease signal
25,null_permuted_within_cohort,null,25,0.0,none,0.0,683,62,no usable disease signal,0.750908616397022,0.0004928435707833468,1523.6246568124964,71.5555969483761,61.01091025685055,0.49679298014164697,0.5411915230972236,0.5111963616164421,0.5059094972646624,0.5563893324534166,-0.009116517123015422,0.2723877429759783,0.0,0.9881810054706752,0.7276122570240218,0,62,0,62,0.5453003148419204,0.5388288412930746,0.7609464382415352,0.7950621883152901,0.0,0,62,0.0,0.0,0.12467088484425612,0,62,0.0,0.0,0.0,0.10871519916426027,0.0,0.0,0.0,0.010871519916426028,0.48172341236941285,0.5453003148419203,0.0,0.15901243766305803,0.15729813734021234,0.15729813734021234,0.0017100698329108352,no usable disease signal
26,null_permuted_within_cohort,null,26,0.0,none,0.0,683,62,no usable disease signal,0.7537460181421696,0.0003643934655001933,2068.4948812337298,79.80342390619485,61.342517967872254,0.52666730315234,0.58250208896874,0.5250225663102347,0.49468371288226964,0.5380057529242411,0.03198359027007036,0.22943722943722944,1.0,1.0,0.7705627705627706,1,62,0,62,0.7402822026797357,0.7059561737254877,0.7682967031887461,0.8867047100688317,0.016129032258064516,0,62,0.0,0.0,0.10633240669789794,0,62,0.0,0.0,0.2309428637232162,0.0,0.0,0.0,0.0,0.1154714318616081,0.8483949413083937,0.7402822026797354,0.016129032258064516,0.19024416782021797,0.3025772815957689,0.3025772815957689,0.03493903195465644,no usable disease signal
27,null_permuted_within_cohort,null,27,0.0,none,0.0,683,62,no usable disease signal,0.7479975364328312,0.00032441219902275097,2305.7010145921618,88.02320132062559,60.56009951141178,0.536748368282183,0.5835159031980084,0.5266846618525205,0.5024220694690641,0.5492478742923231,0.03432629881311888,0.26344086021505375,0.9340904213633233,0.9951558610618718,0.7365591397849462,2,62,0,62,0.74114975143155,0.7066997869413286,0.7707994516338573,0.9780355702291732,0.03225806451612903,0,62,0.0,0.0,0.10017311263453381,0,62,0.0,0.0,0.2711028154858705,0.06959984869328513,0.0,0.0,0.0,0.14251139261226375,0.8699590990600666,0.74114975143155,0.03225806451612903,0.22141356565873788,0.49243712026226183,0.49243712026226183,0.07017789978254774,no usable disease signal
28,null_permuted_within_cohort,null,28,0.0,none,0.0,683,62,no usable disease signal,0.7469242908112693,0.00023372461228374125,3195.74512719484,68.7466559341148,60.67578963619319,0.45561380363838355,0.5149288021025538,0.47501215109012634,0.48421591483424303,0.5315323144513435,-0.02860211119585948,0.2850140056022409,0.0,1.0,0.7149859943977591,1,62,0,62,0.5454961314100293,0.5389966840657394,0.7780100292030762,0.7638517326012756,0.016129032258064516,0,62,0.0,0.0,0.08780269052852652,0,62,0.0,0.0,0.0,0.0,0.0,0.0,0.0,0.0,0.4854532055858112,0.5454961314100293,0.016129032258064516,0.16567357232670674,0.21287185992630658,0.21287185992630658,0.0,no usable disease signal
29,null_permuted_within_cohort,null,29,0.0,none,0.0,683,62,no usable disease signal,0.7529927732417393,0.00041998736123859446,1792.8938885710056,75.65022192139085,61.141965620492876,0.4903746007498958,0.547635562914402,0.48356131092903765,0.4872319857210474,0.5392773992539213,0.0031426150288483834,0.27777777777777773,1.0,1.0,0.7222222222222223,1,62,0,62,0.7239708618793094,0.6919750244679795,0.7649158954467817,0.8405580213487872,0.016129032258064516,0,62,0.0,0.0,0.10873312386459269,27,62,0.43548387096774194,0.04715135310038214,0.0,0.0,0.0,1.0,0.0,0.15,0.835185238227649,0.7239708618793093,0.016129032258064516,0.18101483007620908,0.2638660690709838,0.2638660690709838,0.03957991036064757,no usable disease signal
30,null_permuted_within_cohort,null,30,0.0,none,0.0,683,62,no usable disease signal,0.75477558885427,0.0005434729348380683,1388.800693596933,69.13705956294059,61.509228015948736,0.5182049368143313,0.5575834264220066,0.5151541452576032,0.4988697674608484,0.5439221668980855,0.01933516935348295,0.30654430849091585,1.0,1.0,0.6934556915090841,1,62,0,62,0.7060667535471276,0.6766286458975379,0.7586262468162759,0.7681895506993399,0.016129032258064516,0,62,0.0,0.0,0.13371989045838378,0,62,0.0,0.0,0.1908137144669184,0.0,0.0,0.0,0.0,0.0954068572334592,0.8126324480652501,0.7060667535471273,0.016129032258064516,0.1665411359463196,0.2137521171955264,0.2137521171955264,0.020393417728623225,no usable disease signal
31,null_permuted_within_cohort,null,31,0.0,none,0.0,683,62,no usable disease signal,0.7605282277004883,0.000435884870768841,1744.791523410806,84.53321494582399,62.069120697690536,0.5431103318983475,0.603982537531518,0.5411791765032634,0.5320241918521207,0.5796945000636717,0.011086140046226767,0.33730158730158727,0.2571573810279974,0.9359516162957586,0.6626984126984128,1,62,0,62,0.5959093505311072,0.5822080147409489,0.764261717063921,0.9392579438424887,0.016129032258064516,0,62,0.0,0.0,0.11348478178919366,0,62,0.0,0.0,0.29363355359477383,0.2530778214388637,0.0,0.0,0.0,0.1721245589412733,0.6701514361163702,0.5959093505311072,0.016129032258064516,0.20075481457494937,0.33247994950293736,0.33247994950293736,0.05722796466500991,no usable disease signal
32,null_permuted_within_cohort,null,32,0.0,none,0.0,683,62,no usable disease signal,0.7588195459088446,0.0003365348350303646,2254.8023768189655,68.24321791788007,62.13215475374363,0.5036366476878211,0.5584782581368792,0.5013105818636301,0.4637059429247925,0.523167741131939,0.039930704763028624,0.27859237536656895,1.0,1.0,0.7214076246334311,2,62,1,62,0.7137021545509211,0.683173275329361,0.7702892612906328,0.7582579768653341,0.03225806451612903,0,62,0.0,0.0,0.10260534570871664,7,62,0.11290322580645161,0.09893564430691953,0.08528361727578311,0.0,0.0,0.564516129032258,0.0,0.12731922799273027,0.8216990234120785,0.7137021545509211,0.03225806451612903,0.17745804698597006,0.3026429222756693,0.3026429222756693,0.03853226322160209,no usable disease signal
33,null_permuted_within_cohort,null,33,0.0,none,0.0,683,62,no usable disease signal,0.7519831685947352,0.00039652636857330113,1896.4266394196304,70.35039629434942,61.02362651312367,0.5182353145396472,0.5834309548372376,0.5062447923899458,0.4832148766380309,0.5292364040150567,0.0350204379016163,0.25252525252525254,1.0,1.0,0.7474747474747474,0,62,0,62,0.7159001236305257,0.6850572488261648,0.7662549243711908,0.7816710699372158,0.0,0,62,0.0,0.0,0.11164014182463185,0,62,0.0,0.0,0.19097284906314416,0.0,0.0,0.0,0.0,0.09548642453157208,0.8044190870180808,0.7159001236305256,0.0,0.15633421398744318,0.1522110649132183,0.1522110649132183,0.01453409036270624,no usable disease signal
34,null_permuted_within_cohort,null,34,0.0,none,0.0,683,62,no usable disease signal,0.7561704299797566,0.0003844806085767231,1966.732295755984,81.40723326312057,61.65787325966872,0.4822680877655881,0.5462125686358548,0.4891117553117622,0.5282188926332688,0.5692649341744064,-0.04595080486768072,0.22474747474747478,0.0,0.9435622147334624,0.7752525252525252,0,62,0,62,0.5650757696804747,0.5557792311546926,0.767115064062188,0.904524814034673,0.0,0,62,0.0,0.0,0.1055023251241951,0,62,0.0,0.0,0.0,0.23756638075817388,0.0,0.0,0.0,0.02375663807581739,0.5404749340230773,0.5650757696804748,0.0,0.1809049628069346,0.22127429688603947,0.22127429688603947,0.005256733386602607,no usable disease signal
35,null_permuted_within_cohort,null,35,0.0,none,0.0,683,62,no usable disease signal,0.7543217528987534,0.00037114606389262387,2032.412104785209,82.73981401845212,61.85022980678656,0.535107971115123,0.5888254656875616,0.5306424454936814,0.5473953994139121,0.5755209841165904,-0.01228742829878915,0.38668430335097,0.0,0.9052092011721757,0.6133156966490301,0,62,0,62,0.5342903387914149,0.5293917189640699,0.767885868055593,0.9193312668716902,0.0,0,62,0.0,0.0,0.1016021878761723,0,62,0.0,0.0,0.2649829093172727,0.30788114399525063,0.0,0.0,0.0,0.1632795690581614,0.5483720551782644,0.5342903387914149,0.0,0.18386625337433804,0.2169665049897176,0.2169665049897176,0.03542619743477651,no usable disease signal
36,null_permuted_within_cohort,null,36,0.0,none,0.0,683,62,no usable disease signal,0.7583687964401857,0.00025873875671426514,2931.021258936019,77.33379057800444,61.65306057974958,0.46118160672128866,0.5297298379613183,0.48054523677267047,0.4915140243190968,0.5592160219621444,-0.030332417597808137,0.25252525252525254,0.0,1.0,0.7474747474747474,0,62,0,62,0.5638139285219598,0.5546976530188227,0.7761444839014067,0.8592643397556049,0.0,0,62,0.0,0.0,0.0837577176229772,0,62,0.0,0.0,0.0,0.0,0.0,0.0,0.0,0.0,0.5162254170344707,0.5638139285219599,0.0,0.17185286795112098,0.1921746899070971,0.1921746899070971,0.0,no usable disease signal
37,null_permuted_within_cohort,null,37,0.0,none,0.0,683,62,no usable disease signal,0.7521033830506059,0.00025201722956649683,2984.3331916009224,82.09825228037953,61.507614833659005,0.4583174211915012,0.5277628313676531,0.4640978683516178,0.4713510645174947,0.5273810854975045,-0.013033643325993494,0.25,0.0,1.0,0.75,0,62,0,62,0.573123126150399,0.5626769652717706,0.7765359537870656,0.9122028031153281,0.0,0,62,0.0,0.0,0.0873722253435617,0,62,0.0,0.0,0.0,0.0,0.0,0.0,0.0,0.0,0.5445728329547654,0.5731231261503988,0.0,0.18244056062306563,0.22396482663081083,0.22396482663081083,0.0,no usable disease signal
38,null_permuted_within_cohort,null,38,0.0,none,0.0,683,62,no usable disease signal,0.7545134573419101,0.0003628897785389184,2079.1807925253856,77.45348261209755,61.61116382323648,0.47118889737536457,0.5559471255582038,0.4832184766004721,0.4893704506446028,0.5486558942294125,-0.018181553269238204,0.21286393345216878,0.0,1.0,0.7871360665478312,0,62,0,62,0.5693578400928904,0.5594495772224775,0.768416722763983,0.8605942512455282,0.0,0,62,0.0,0.0,0.11015447534950096,0,62,0.0,0.0,0.0,0.0,0.0,0.0,0.0,0.0,0.5169396069381171,0.5693578400928904,0.0,0.17211885024910567,0.19595048188851447,0.19595048188851447,0.0,no usable disease signal
39,null_permuted_within_cohort,null,39,0.0,none,0.0,683,62,no usable disease signal,0.7517129899712619,0.0002772651675586787,2711.1699482127483,79.78898440100001,60.946243341927484,0.48117014997916957,0.5431334366328755,0.4855315233995279,0.5086072688840535,0.5406290818725324,-0.027437118904883928,0.30654430849091585,0.0,0.982785462231893,0.6934556915090841,0,62,0,62,0.5562034464914293,0.5481743827069394,0.7744352540853764,0.8865442711222223,0.0,0,62,0.0,0.0,0.085676631114318,0,62,0.0,0.0,0.0,0.13120418350078247,0.0,0.0,0.0,0.013120418350078248,0.5308578686183093,0.5562034464914293,0.0,0.17730885422444448,0.20370256268112652,0.20370256268112652,0.0026726628413594167,no usable disease signal
40,null_permuted_within_cohort,null,40,0.0,none,0.0,683,62,no usable disease signal,0.7499714494832994,0.0004005539724890559,1872.3355677212523,82.04268087377349,60.93643194458809,0.5477277461463685,0.5922626364767667,0.5365530829051521,0.5441627705571872,0.574349696712256,0.0035649755891813406,0.3804050355774493,0.07469398572160711,0.9116744588856256,0.6195949644225507,0,62,0,62,0.5472500134309315,0.540500011512227,0.7659513285138774,0.9115853430419277,0.0,0,62,0.0,0.0,0.11160519707155991,0,62,0.0,0.0,0.3089587226357869,0.29719613240144027,0.0,0.0,0.0,0.18419897455803746,0.5721626693305141,0.5472500134309314,0.0,0.18231706860838556,0.2127433920834847,0.2127433920834847,0.03918711466577639,no usable disease signal
41,null_permuted_within_cohort,null,41,0.0,none,0.0,683,62,no usable disease signal,0.7551116635434318,0.0002683384121394801,2814.027471963019,88.39123717118153,61.30870437111757,0.48149996528259964,0.5705641313203672,0.4674047007360089,0.49404566540685124,0.543730691975222,-0.012545700124251602,0.30825496342737724,0.0,1.0,0.6917450365726228,0,62,0,62,0.5748541106247662,0.5641606662497997,0.775254769718402,0.9821248574575725,0.0,0,62,0.0,0.0,0.09133292068190889,0,62,0.0,0.0,0.0,0.0,0.0,0.0,0.0,0.0,0.5815475905589771,0.5748541106247662,0.0,0.1964249714915145,0.26551767719266967,0.26551767719266967,0.0,no usable disease signal
42,null_permuted_within_cohort,null,42,0.0,none,0.0,683,62,no usable disease signal,0.7542131877526635,0.0004120724132569832,1830.2928405020625,89.4100488253667,61.5549955399859,0.5495504096653243,0.5887405267647869,0.5434922233023192,0.48434648615371084,0.5275947849965196,0.06520392351161347,0.2667088340712629,1.0,1.0,0.7332911659287371,3,62,0,62,0.7567555553602561,0.7200761903087909,0.7654100825100864,0.9934449869485189,0.04838709677419355,0,62,0.0,0.0,0.11746501787313021,0,62,0.0,0.0,0.3148028261160446,0.0,0.0,0.0,0.0,0.1574014130580223,0.8924208007976022,0.756755555360256,0.04838709677419355,0.23739867480905863,0.6257810355601573,0.6257810355601573,0.09849881926208126,no usable disease signal
43,null_permuted_within_cohort,null,43,0.0,none,0.0,683,62,no usable disease signal,0.7587759350825096,0.0002850968943599075,2661.4668559827514,87.89520988544722,62.04271023183089,0.43274371615053464,0.5078403712733971,0.4404032426051937,0.476709244457602,0.5241024780672049,-0.04396552830706735,0.26515151515151514,0.0,1.0,0.7348484848484849,0,62,0,62,0.5809146235645585,0.5693553916267644,0.7740258133672304,0.9766134431716357,0.0,0,62,0.0,0.0,0.09554999779160851,0,62,0.0,0.0,0.0,0.0,0.0,0.0,0.0,0.0,0.5786606473694274,0.5809146235645585,0.0,0.19532268863432714,0.2657139181028195,0.2657139181028195,0.0,no usable disease signal
44,null_permuted_within_cohort,null,44,0.0,none,0.0,683,62,no usable disease signal,0.7511243131756259,0.0004841167663467237,1551.5354257275853,71.79375808993468,61.10890387375852,0.549836828218303,0.5958818924004308,0.5411618178030828,0.4993480041111753,0.5683018535653889,0.05048882410712774,0.350742447516641,1.0,1.0,0.649257552483359,1,62,1,62,0.7040818056511721,0.6749272619867189,0.7613958259441116,0.7977084232214965,0.016129032258064516,1,62,0.016129032258064516,0.31991961170340655,0.1167410298018083,0,62,0.0,0.0,0.31571134986979177,0.0,0.06451612903225806,0.0,1.0,0.22075890074134752,0.822106590957842,0.7040818056511718,0.016129032258064516,0.17244491045075092,0.22847860054299074,0.22847860054299074,0.050438684698792084,no usable disease signal
45,null_permuted_within_cohort,null,45,0.0,none,0.0,683,62,no usable disease signal,0.7598268473776406,0.000387799166475594,1959.3307904272149,82.31841624690006,61.687562294239406,0.4896802527426746,0.5398247321125682,0.48847816275517286,0.5247609540028305,0.5846915738068994,-0.03508070126015589,0.2151003118745054,0.0,0.950478091994339,0.7848996881254946,0,62,0,62,0.569508852544251,0.5595790164665008,0.7670262657356715,0.9146490694100007,0.0,0,62,0.0,0.0,0.11069281139025955,0,62,0.0,0.0,0.0,0.22253518374778633,0.0,0.0,0.0,0.022253518374778635,0.5458772149642995,0.5695088525442509,0.0,0.18292981388200014,0.22849353717298332,0.22849353717298332,0.005084785127997149,no usable disease signal
46,null_permuted_within_cohort,null,46,0.0,none,0.0,683,62,no usable disease signal,0.7495816925648621,0.0003806828754158097,1969.0449478351609,89.82985481767238,61.06026050554101,0.5084580266629635,0.5674926201176169,0.5108882446882377,0.46129413766909577,0.5113600711701819,0.0471638889938677,0.21286393345216878,1.0,1.0,0.7871360665478312,0,62,0,62,0.7587313819884481,0.7217697559900984,0.7671427274087201,0.9981094979741376,0.0,0,62,0.0,0.0,0.10885828971214151,0,62,0.0,0.0,0.13006172890565057,0.0,0.0,0.0,0.0,0.06503086445282528,0.8675635482323666,0.7587313819884483,0.0,0.19962189959482754,0.28637699567362607,0.28637699567362607,0.01862334358805891,no usable disease signal
47,null_permuted_within_cohort,null,47,0.0,none,0.0,683,62,no usable disease signal,0.7538517477143176,0.0004001316147821964,1884.0094605487789,87.10742396057786,61.37532884060736,0.5055764824329955,0.5502780032915748,0.5115044785446465,0.5064779592760104,0.5518916534124682,-0.0009014768430148923,0.2912186379928315,0.0,0.9870440814479793,0.7087813620071686,1,62,0,62,0.5743189613160224,0.563701966842305,0.7660990259542795,0.9678602662286429,0.016129032258064516,0,62,0.0,0.0,0.1075787581093393,0,62,0.0,0.0,0.10560759852392693,0.113824068421493,0.0,0.0,0.0,0.06418620610411277,0.5939951816589915,0.5743189613160224,0.016129032258064516,0.2064752790521802,0.3610509449186481,0.3610509449186481,0.023174490364633014,no usable disease signal
48,null_permuted_within_cohort,null,48,0.0,none,0.0,683,62,no usable disease signal,0.7467307275724651,0.0005679291061435662,1314.830882049739,78.25549533784331,60.689635944869394,0.5381023468962645,0.5943793200983549,0.5319269893070406,0.4802466312479135,0.5340892236139974,0.05785571564835096,0.36837913181999205,1.0,1.0,0.631620868180008,3,62,0,62,0.7177913145953453,0.686678269653153,0.757234418864055,0.8695055037538146,0.04838709677419355,0,62,0.0,0.0,0.13468349727064868,0,62,0.0,0.0,0.2760519766140589,0.0,0.0,0.0,0.0,0.13802598830702945,0.8640313865739191,0.7177913145953452,0.04838709677419355,0.21261077817011775,0.5037802595860084,0.5037802595860084,0.06953476821893065,no usable disease signal
49,null_permuted_within_cohort,null,49,0.0,none,0.0,683,62,no usable disease signal,0.7541676540030985,0.0002632100266982219,2865.2694711656027,72.03480880693886,61.64811353086518,0.49169386196361614,0.5525111361534758,0.4871589015414526,0.5410199716037849,0.569105705193698,-0.04932610964016876,0.26515151515151514,0.0,0.9179600567924302,0.7348484848484849,0,62,0,62,0.5381408496978726,0.5326921568838908,0.7756497920247776,0.8003867645215428,0.0,0,62,0.0,0.0,0.090904330266421,0,62,0.0,0.0,0.0,0.2864261566400139,0.0,0.0,0.0,0.028642615664001392,0.484582711064728,0.5381408496978726,0.0,0.16007735290430858,0.16034896703271265,0.16034896703271265,0.004592813834837618,no usable disease signal
50,null_permuted_within_cohort,null,50,0.0,none,0.0,683,62,no usable disease signal,0.7587724046851644,0.000332775429812619,2280.133497573478,87.70532968365198,62.15691723469675,0.448427301763644,0.5137459574097457,0.45556606721288706,0.5039857741006665,0.568386313217545,-0.05555847233702249,0.22549019607843138,0.0,0.992028451798667,0.7745098039215687,1,62,0,62,0.587952638227473,0.5753879756235484,0.7705448782348492,0.9745036631516887,0.016129032258064516,0,62,0.0,0.0,0.0989746717059873,0,62,0.0,0.0,0.0,0.08928352704353108,0.0,0.0,0.0,0.00892835270435311,0.5974358524620164,0.5879526382274729,0.016129032258064516,0.20780395843678937,0.37409356362138974,0.37409356362138974,0.003340039280440127,no usable disease signal
51,portable_alpha_0.25,portable,1,0.25,none,0.0,683,62,portable/indeterminate,0.762288962691617,0.0004151086363770107,1836.3601618716734,89.85672327811895,61.74119247927613,0.5379808359950007,0.5774182174411348,0.5302822524649354,0.5423194227451528,0.5637530239080022,-0.004338586750152085,0.25252525252525254,0.0,0.9153611545096945,0.7474747474747474,1,62,0,62,0.5738103467544843,0.5632660115038437,0.7654891098608556,0.9984080364235439,0.016129032258064516,0,62,0.0,0.0,0.1193573867828674,10,62,0.16129032258064516,0.10010089851409512,0.27561145112277424,0.29092756055469465,0.0,0.8064516129032258,0.0,0.28786622355234043,0.6097347945608119,0.5738103467544843,0.016129032258064516,0.2125848330911604,0.3914634310161978,0.3914634310161978,0.11268909954547499,no usable disease signal
52,portable_alpha_0.25,portable,2,0.25,none,0.0,683,62,portable/indeterminate,0.760694750676305,0.0005557129533750272,1368.8627304012907,84.64350266197263,61.605021488693424,0.5870278433550896,0.6145532585320779,0.5807049368143313,0.521069957789404,0.5583195356891011,0.0659578855656856,0.30465949820788535,0.7578940603706023,0.957860084421192,0.6953405017921146,3,62,0,62,0.6930375302047075,0.6654607401754635,0.758260074959335,0.940483362910807,0.04838709677419355,1,62,0.016129032258064516,0.29366584605939455,0.12835118600859324,10,62,0.16129032258064516,0.10607618776876028,0.41719981628732683,0.2052800905563129,0.06451612903225806,0.8064516129032258,1.0,0.41299888494123016,0.836821590863947,0.6930375302047074,0.04838709677419355,0.22680635000151628,0.5753193476968232,0.5753193476968232,0.2376062490839039,indeterminate
53,portable_alpha_0.25,portable,3,0.25,none,0.0,683,62,portable/indeterminate,0.7599661669439877,0.00038243491981392627,1987.1777590648605,86.40892106494042,61.83473595090327,0.5377291348423829,0.5762441071155797,0.5184956950423552,0.5238585418793215,0.5498594475009865,0.013870592963061479,0.23893105629348513,0.3676361257952827,0.9522829162413571,0.7610689437065149,0,62,0,62,0.634740898644896,0.6154921988384824,0.7673582831824391,0.9600991229437824,0.0,0,62,0.0,0.0,0.11204116031315774,9,62,0.14516129032258066,0.09358795054997027,0.27469668670147057,0.2184424037558709,0.0,0.7258064516129032,0.0,0.2680635514682579,0.6982821579934955,0.6347408986448959,0.0,0.1920198245887565,0.2566216370586807,0.2566216370586807,0.06879090741354825,no usable disease signal
54,portable_alpha_0.25,portable,4,0.25,none,0.0,683,62,portable/indeterminate,0.7644858923361382,0.0005220657090152001,1464.348029634484,78.62513167344667,62.14549453376906,0.6203825857519789,0.6370933770789455,0.5981808082210804,0.49892561535236274,0.5134388091011007,0.12145697039961617,0.33730158730158727,1.0,1.0,0.6626984126984128,1,62,0,62,0.718733033503134,0.6874854572884006,0.7599581819129185,0.8736125741494075,0.016129032258064516,1,62,0.016129032258064516,0.21200554648067316,0.12737380465294226,10,62,0.16129032258064516,0.10146884722019076,0.49067827698397026,0.0,0.06451612903225806,0.8064516129032258,0.8480221859226926,0.4216112155300552,0.8447381247323719,0.7187330335031338,0.016129032258064516,0.18762574063633314,0.281895505098638,0.281895505098638,0.11885030655709564,indeterminate
55,portable_alpha_0.25,portable,5,0.25,none,0.0,683,62,portable/indeterminate,0.7604281926430099,0.00045732750639383636,1662.7650469555456,75.10310546169293,61.95971840592798,0.550687404527149,0.5884524123444494,0.5293405429801417,0.48766818905957415,0.5381497602908175,0.06301921546757489,0.25326797385620914,1.0,1.0,0.7467320261437909,1,62,0,62,0.7267390811056281,0.6943477838048241,0.7630944786575466,0.834478949574366,0.016129032258064516,0,62,0.0,0.0,0.11678121760272286,9,62,0.14516129032258066,0.10869801055981082,0.3183941096413344,0.0,0.0,0.7258064516129032,0.0,0.2680680225626027,0.8333778721456548,0.7267390811056279,0.016129032258064516,0.1797990157213248,0.2619070627594213,0.2619070627594213,0.07020890840909756,no usable disease signal
56,portable_alpha_0.25,portable,6,0.25,none,0.0,683,62,portable/indeterminate,0.7547899439998961,0.00034131478017331425,2211.418865648378,80.89392665148087,60.91249864172895,0.48165185390917936,0.5332934111004093,0.5066049854186918,0.5000908711753397,0.529836919904875,-0.018439017266160318,0.3082549634273772,0.0,0.9998182576493206,0.6917450365726228,1,62,0,62,0.562726185019088,0.5537653014449326,0.769843376395844,0.8988214072386763,0.016129032258064516,0,62,0.0,0.0,0.10089759331526486,10,62,0.16129032258064516,0.10571242871947956,0.0,0.013481185062128595,0.0,0.8064516129032258,0.0,0.12231586044169672,0.557751526878017,0.562726185019088,0.016129032258064516,0.19266750725418688,0.30375069555920325,0.30375069555920325,0.037153527687087816,no usable disease signal
57,portable_alpha_0.25,portable,7,0.25,none,0.0,683,62,portable/indeterminate,0.7632138648347954,0.0004197388309288211,1818.3065482550517,86.23912497232061,61.951865466226984,0.5368178030829052,0.5718536947020443,0.5379070615192334,0.5187882146709603,0.5361177071025583,0.018029588411944908,0.3229646697388633,0.4896975621100056,0.9624235706580795,0.6770353302611367,1,62,0,62,0.6447918374357589,0.6241072892306505,0.7652530296348151,0.9582124996924513,0.016129032258064516,0,62,0.0,0.0,0.11586612967983986,10,62,0.16129032258064516,0.11350188206405888,0.27135881442438964,0.19384640657469127,0.0,0.8064516129032258,0.0,0.2760317898051478,0.7506685073606877,0.6447918374357587,0.016129032258064516,0.20454572574494187,0.34949486633820787,0.34949486633820787,0.09647169348304642,no usable disease signal
58,portable_alpha_0.25,portable,8,0.25,none,0.0,683,62,portable/indeterminate,0.7551647430683258,0.00044295213963533746,1704.8450058058618,84.67141608437926,61.18501249495046,0.5255346479655604,0.5724816462861079,0.5042919386196362,0.5189199661983152,0.5456077790624141,0.006614681767245223,0.17647058823529413,0.2590473060825712,0.9621600676033697,0.8235294117647058,2,62,0,62,0.6302483486197747,0.6116414416740926,0.7637017297032149,0.9407935120486585,0.03225806451612903,0,62,0.0,0.0,0.12000372633739942,10,62,0.16129032258064516,0.10406780034280971,0.22598516750247294,0.1945248888873357,0.0,0.8064516129032258,0.0,0.2534128145754539,0.6893515105765717,0.6302483486197747,0.03225806451612903,0.21396515402263494,0.4692976055345733,0.4692976055345733,0.11892602709203733,no usable disease signal
59,portable_alpha_0.25,portable,9,0.25,none,0.0,683,62,portable/indeterminate,0.7668149834008721,0.0004622200264527482,1658.9826046389662,85.17946930190021,62.597575106272444,0.562795097903069,0.6093485990048721,0.5497804124427164,0.5119632076373528,0.5440917739369179,0.05083189026571622,0.2523719165085389,0.8094881919633391,0.9760735847252944,0.747628083491461,0,62,0,62,0.7071112328554622,0.6775239138761104,0.7630389891537873,0.9464385477988912,0.0,0,62,0.0,0.0,0.12211679956515113,10,62,0.16129032258064516,0.09864805613076355,0.35438707059673896,0.15468165784832288,0.0,0.8064516129032258,0.0,0.3136294430186856,0.8145179881964939,0.7071112328554622,0.0,0.18928770955977825,0.2460679050980623,0.2460679050980623,0.07717414002068007,no usable disease signal
60,portable_alpha_0.25,portable,10,0.25,none,0.0,683,62,portable/indeterminate,0.7520143211346879,0.00040062619527806673,1877.0972292830968,89.34129289390795,60.87555148202865,0.5437005277044855,0.5746473965015779,0.5431667476739341,0.5052945335161607,0.5476584702019828,0.0384059941883248,0.21755368814192344,0.8788450896528356,0.9894109329676786,0.7824463118580766,1,62,0,62,0.7375873508424914,0.7036463007221354,0.7660117061637597,0.9926810321545327,0.016129032258064516,0,62,0.0,0.0,0.1144471953797938,7,62,0.11290322580645161,0.09951703806311647,0.2956366949635499,0.10290319252735276,0.0,0.564516129032258,0.0,0.24278608608934893,0.8539948444528409,0.7375873508424913,0.016129032258064516,0.21143943223735817,0.39057359778362494,0.39057359778362494,0.0948258351357219,no usable disease signal
61,portable_alpha_0.25,portable,11,0.25,none,0.0,683,62,portable/indeterminate,0.763345434798744,0.00047100130402813315,1620.6864572781499,77.16401820824817,62.036381358741686,0.5884599361199833,0.629696072784254,0.5721557769754201,0.5315808202924637,0.5476059528081321,0.05687911582751959,0.3055555555555555,0.6429929561600768,0.9368383594150727,0.6944444444444444,1,62,0,62,0.6517085355101883,0.6300358875801615,0.7624684406918253,0.8573779800916463,0.016129032258064516,0,62,0.0,0.0,0.12324484323034146,10,62,0.16129032258064516,0.11633960298859947,0.4206184402043811,0.25131979743929317,0.0,0.8064516129032258,0.0,0.35640894178160376,0.7535710947683031,0.6517085355101883,0.016129032258064516,0.1843788218247809,0.27319020338544253,0.27319020338544253,0.09736743129370667,indeterminate
62,portable_alpha_0.25,portable,12,0.25,none,0.0,683,62,portable/indeterminate,0.7576822081163502,0.000419188103112213,1807.4993123398,87.1641860266937,61.464287050954134,0.5543761283155118,0.583773481389431,0.54482884321622,0.5622050486050565,0.604351325950746,-0.007828920289544739,0.30825496342737724,0.0,0.875589902789887,0.6917450365726228,1,62,0,62,0.5528442135655631,0.5452950401990541,0.7651103539206524,0.9684909558521522,0.016129032258064516,0,62,0.0,0.0,0.11410652166149704,9,62,0.14516129032258066,0.11992216618670429,0.3297760704342016,0.3527181554869454,0.0,0.7258064516129032,0.0,0.30903081850773084,0.5943222235256628,0.5528442135655631,0.016129032258064516,0.20660141697688206,0.3596654525094148,0.3596654525094148,0.11114770917793784,no usable disease signal
63,portable_alpha_0.25,portable,13,0.25,none,0.0,683,62,portable/indeterminate,0.758412080970552,0.0003254527123646687,2330.329575255633,80.02970365035128,61.490492433639155,0.535897791973337,0.5756310483821022,0.5358847729482017,0.4939312415169139,0.5513577526934439,0.04196655045642306,0.30465949820788535,1.0,1.0,0.6953405017921146,1,62,0,62,0.7286216600337748,0.6959614228860928,0.7710414967041217,0.8892189294483476,0.016129032258064516,0,62,0.0,0.0,0.0948903451977868,9,62,0.14516129032258066,0.11286195893336244,0.26794697973045706,0.0,0.0,0.7258064516129032,0.0,0.242844457607164,0.8490890469363163,0.7286216600337747,0.016129032258064516,0.19074701169612115,0.29680135345754494,0.29680135345754494,0.07207656369746968,no usable disease signal
64,portable_alpha_0.25,portable,14,0.25,none,0.0,683,62,portable/indeterminate,0.7598944008707504,0.0004978215509313897,1526.4393424692857,82.9073187595921,61.77634743965024,0.5484654909040412,0.5897414690668229,0.5302822524649354,0.5748648180486018,0.5841247035301865,-0.026399327144560614,0.22549019607843138,0.0,0.8502703639027964,0.7745098039215687,0,62,0,62,0.551160800718483,0.5438521149015568,0.7609922058243982,0.9211924306621344,0.0,1,62,0.016129032258064516,0.30224923060015396,0.12122872337800188,9,62,0.14516129032258066,0.09970702778694339,0.311337408301801,0.38694913890226396,0.06451612903225806,0.7258064516129032,1.0,0.366137811589514,0.5493630811818394,0.551160800718483,0.0,0.18423848613242688,0.23180165738814856,0.23180165738814856,0.084871351558919,indeterminate
65,portable_alpha_0.25,portable,15,0.25,none,0.0,683,62,portable/indeterminate,0.7653859995090861,0.00034502074442233267,2218.376755260238,65.16022587392338,62.03431932169276,0.511977503124566,0.5677162790770184,0.5112310790168032,0.4908751013159482,0.515073551178995,0.021102401808617832,0.26344086021505375,1.0,1.0,0.7365591397849462,1,62,0,62,0.7077677120731244,0.6780866103483923,0.7699155906854753,0.7240025097102598,0.016129032258064516,0,62,0.0,0.0,0.10170362733443399,10,62,0.16129032258064516,0.11147355120757792,0.15477404901704953,0.0,0.0,0.8064516129032258,0.0,0.19835476644400862,0.797732905918144,0.7077677120731243,0.016129032258064516,0.15770372774850358,0.1912789135223094,0.1912789135223094,0.037941084217381404,no usable disease signal
66,portable_alpha_0.25,portable,16,0.25,none,0.0,683,62,portable/indeterminate,0.7577356847817566,0.0005028761918679358,1506.8036567154713,78.8256742640827,61.63989340665474,0.5972694764616027,0.6162610126989103,0.5784266074156368,0.5716098563438344,0.5931081069850909,0.025659620117768234,0.22474747474747478,0.263799303246969,0.8567802873123311,0.7752525252525252,2,62,0,62,0.5941002975813131,0.5806573979268398,0.7606707800034502,0.8758408251564745,0.03225806451612903,0,62,0.0,0.0,0.12725478723789557,8,62,0.12903225806451613,0.10667797165050516,0.4410657013679542,0.3784438038700976,0.0,0.6451612903225806,0.0,0.355151424619374,0.6602966195462224,0.5941002975813131,0.03225806451612903,0.20097461664419816,0.40563109848370255,0.40563109848370255,0.14406046249640855,indeterminate
67,portable_alpha_0.25,portable,17,0.25,none,0.0,683,62,portable/indeterminate,0.7620934492028596,0.000488566122256963,1559.8573345247914,72.5179529270329,61.84665303520689,0.5662668379391751,0.5871016419057238,0.547775482571865,0.500120213946474,0.5397486154480565,0.0661466239927011,0.22474747474747478,0.998185910929018,0.999759572107052,0.7752525252525252,3,62,0,62,0.7314780114561956,0.6984097241053105,0.761527931151797,0.8057550325225877,0.04838709677419355,1,62,0.016129032258064516,0.2844265377078088,0.12437242679245601,10,62,0.16129032258064516,0.10853371799450515,0.3640517489016502,0.015505737420322222,0.06451612903225806,0.8064516129032258,1.0,0.3674474159347928,0.8467510003470803,0.7314780114561955,0.04838709677419355,0.1998606839238724,0.46353162200474035,0.46353162200474035,0.17032349670970498,indeterminate
68,portable_alpha_0.25,portable,18,0.25,none,0.0,683,62,portable/indeterminate,0.7574598273138687,0.0004239650793071867,1786.6090022122937,87.55727732581265,61.51621545944237,0.5393782113595333,0.5854246295500454,0.5098944591029024,0.5195273998869423,0.575857196786112,0.019850811472591046,0.23737373737373738,0.504106478868427,0.9609452002261154,0.7626262626262627,1,62,0,62,0.6635828735041835,0.6402138915750145,0.7648316300927579,0.9728586369534739,0.016129032258064516,0,62,0.0,0.0,0.11697495664789534,10,62,0.16129032258064516,0.11400977469145551,0.28063574740055247,0.19762287259799813,0.0,0.8064516129032258,0.0,0.2810479028955599,0.760518033311125,0.6635828735041835,0.016129032258064516,0.2074749531971464,0.3713453251057515,0.3713453251057515,0.10436582487104139,no usable disease signal
69,portable_alpha_0.25,portable,19,0.25,none,0.0,683,62,portable/indeterminate,0.7532624131933846,0.0008177524147741531,921.1374978347458,60.68724552584687,60.988590634204954,0.5293101652548258,0.5730147464401449,0.5217678100263852,0.515269080101815,0.5627595929512975,0.014041085153010724,0.18835412953060013,0.47905172253162,0.9694618397963699,0.8116458704693998,0,62,0,62,0.6137070590546984,0.5974631934754557,0.7477801934658354,0.6743027280649652,0.0,2,62,0.03225806451612903,0.3531375352654318,0.15904559558952153,10,62,0.16129032258064516,0.11167563734352404,0.2421163573772981,0.17475171015938612,0.12903225806451613,0.8064516129032258,1.0,0.33530754325297474,0.5971143403124515,0.6137070590546984,0.0,0.13486054561299304,0.11149902768925017,0.11149902768925017,0.03738646504957788,indeterminate
70,portable_alpha_0.25,portable,20,0.25,none,0.0,683,62,portable/indeterminate,0.759496320517905,0.0005204376037274935,1459.3417444823706,85.43403263836332,61.58112447704702,0.5983196778225247,0.6303941882460916,0.5803621024857659,0.5275408637866366,0.5550790768689702,0.07077881403588815,0.3333333333333333,0.719884519593828,0.9449182724267269,0.6666666666666667,1,62,0,62,0.6761230052945278,0.6509625759667381,0.7598725115067323,0.949267029315148,0.016129032258064516,1,62,0.016129032258064516,0.19828969451281409,0.12824219370334017,9,62,0.14516129032258066,0.09628818993047569,0.4434403631211861,0.23469496708125873,0.06451612903225806,0.7258064516129032,0.7931587780512563,0.40662181071966885,0.8072012924184054,0.6761230052945277,0.016129032258064516,0.2027566316694812,0.3410193211364856,0.3410193211364856,0.13866589385091002,indeterminate
71,portable_alpha_0.25,portable,21,0.25,none,0.0,683,62,portable/indeterminate,0.762949896891044,0.00045083242022992824,1692.31373489496,81.51334196065311,62.005343120292736,0.549116442160811,0.5936922790428594,0.5497283363421748,0.5389601848880613,0.5804873959211249,0.010156257272749714,0.2912186379928315,0.20677917263423407,0.9220796302238774,0.7087813620071686,0,62,0,62,0.5844777935681593,0.5724095373441366,0.7635227969808634,0.9057037995628123,0.0,0,62,0.0,0.0,0.11865715563542929,46,62,0.7419354838709677,0.0452830800639836,0.31342125697154305,0.2791422035023056,0.0,1.0,0.0,0.3346248488360021,0.6173426579168982,0.5844777935681593,0.0,0.18114075991256248,0.21647001467096527,0.21647001467096527,0.07243624593679891,indeterminate
72,portable_alpha_0.25,portable,22,0.25,none,0.0,683,62,portable/indeterminate,0.7631881608119716,0.0006362161989497912,1199.5736073236965,86.62068346930752,61.8893398647039,0.5440216636578252,0.5773376586098741,0.5313107554506319,0.5617334131109507,0.5521806022631466,-0.01771174945312548,0.22549019607843138,0.0,0.8765331737780986,0.7745098039215687,0,62,0,62,0.5613933757323597,0.5526228934848797,0.7548652381466301,0.9624520385478613,0.0,2,62,0.03225806451612903,0.25604556995593086,0.14237867532639176,10,62,0.16129032258064516,0.1100345100978249,0.29672095867270726,0.3513784657913763,0.12903225806451613,0.8064516129032258,1.0,0.38027251946387836,0.5712184833205702,0.5613933757323597,0.0,0.19249040770957226,0.25950908164905473,0.25950908164905473,0.09868417230244336,indeterminate
73,portable_alpha_0.25,portable,23,0.25,none,0.0,683,62,portable/indeterminate,0.7569932729691471,0.000616140538220441,1228.6048815348556,89.15763869832836,61.28300717112394,0.5379374392445495,0.5861517787171928,0.5286895917233718,0.5566660997717509,0.5611857607696097,-0.018728660527201346,0.29391804586465325,0.0,0.8866678004564983,0.7060819541353467,2,62,0,62,0.5618559095254994,0.5530193510218566,0.7554872080635954,0.9906404299814262,0.03225806451612903,0,62,0.0,0.0,0.1336110491626291,9,62,0.14516129032258066,0.11085809280336105,0.27545394985205607,0.3366484806790337,0.0,0.7258064516129032,0.0,0.2802627907358669,0.6251687161130215,0.5618559095254992,0.03225806451612903,0.2239345376091885,0.500154366031953,0.500154366031953,0.1401746584228434,no usable disease signal
74,portable_alpha_0.25,portable,24,0.25,none,0.0,683,62,portable/indeterminate,0.7590233199611627,0.0004289058321474358,1769.673581170259,84.0623655038821,62.2090171263078,0.5404631301208165,0.5853689905030928,0.5164734064713234,0.4960918852540434,0.5701683657016766,0.044371244866773074,0.3343220862686936,1.0,1.0,0.6656779137313065,2,62,0,62,0.7327608400688663,0.6995092914875997,0.7646027787892943,0.9340262833764679,0.03225806451612903,0,62,0.0,0.0,0.11706591614889494,10,62,0.16129032258064516,0.11777230546521285,0.28447541236745394,0.0,0.0,0.8064516129032258,0.0,0.2632054481192108,0.8705557835916988,0.7327608400688663,0.03225806451612903,0.2126117082881968,0.44413509432387227,0.44413509432387227,0.11689877652698276,no usable disease signal
75,portable_alpha_0.25,portable,25,0.25,none,0.0,683,62,portable/indeterminate,0.7578196915302091,0.0005447013567541014,1391.2572130278672,77.90131381211816,62.04659031903708,0.5596444938203028,0.5784701810480589,0.5474500069434801,0.5485782195658849,0.5652869502337131,0.011066274254417863,0.17857142857142858,0.18553723144601386,0.9028435608682301,0.8214285714285714,3,62,0,62,0.59707292269516,0.5832053623101372,0.758670922185972,0.8655701534679796,0.04838709677419355,2,62,0.03225806451612903,0.3234381386358151,0.1218296987065893,8,62,0.12903225806451613,0.10700944115369955,0.34538237887970713,0.31169927675849657,0.12903225806451613,0.6451612903225806,1.0,0.37644176227699355,0.6470117905860784,0.5970729226951601,0.04838709677419355,0.21182370811295076,0.5233086060117459,0.5233086060117459,0.1969952138617785,indeterminate
76,portable_alpha_0.25,portable,26,0.25,none,0.0,683,62,portable/indeterminate,0.761675918783979,0.0006673875778516559,1141.279736185442,81.00841212863125,61.80352141275417,0.5977815581169281,0.6318112199383839,0.5708365157616998,0.5151028969114915,0.5441080259144351,0.08267866120543665,0.20165945165945165,0.8455445259582458,0.9697942061770171,0.7983405483405484,3,62,0,62,0.7192865360772812,0.6879598880662411,0.7535593711177794,0.9000934680959027,0.04838709677419355,2,62,0.03225806451612903,0.2745915228338415,0.13780365977740372,10,62,0.16129032258064516,0.11138424162470814,0.44222518724497845,0.17379814102280536,0.12903225806451613,0.8064516129032258,1.0,0.43526660127315686,0.843009863461637,0.7192865360772811,0.04838709677419355,0.21872837103853537,0.5516323988361561,0.5516323988361561,0.2401071593935722,indeterminate
77,portable_alpha_0.25,portable,27,0.25,none,0.0,683,62,portable/indeterminate,0.7658219202077193,0.0005535451745880802,1383.4858569178289,89.24852319760943,62.22460271754111,0.5752412859325093,0.6131838827648571,0.5655247535064574,0.5240315734286632,0.5617410611336127,0.051209712503846094,0.30465949820788535,0.6806065562167648,0.9519368531426735,0.6953405017921146,3,62,0,62,0.6877417544545515,0.660921503818187,0.7585292610503468,0.9916502577512158,0.04838709677419355,2,62,0.03225806451612903,0.2655364043722832,0.12787692318483906,10,62,0.16129032258064516,0.10517384377946454,0.3879208319554631,0.2192330879619372,0.12903225806451613,0.8064516129032258,1.0,0.41265791832231236,0.8358439339661903,0.6877417544545515,0.04838709677419355,0.23703972896959802,0.6199096316094472,0.6199096316094472,0.255810618127906,indeterminate
78,portable_alpha_0.25,portable,28,0.25,none,0.0,683,62,portable/indeterminate,0.7579397782939309,0.0004481168180004252,1691.3888250746522,88.12564653509052,61.873189741585634,0.5679245938064158,0.6052117405681035,0.568848944591029,0.524145884242619,0.5490204718769042,0.043778709563796814,0.25252525252525254,0.6445192692438554,0.951708231514762,0.7474747474747474,2,62,0,62,0.6864406150357604,0.6598062414592232,0.7635095270751738,0.9791738503898947,0.03225806451612903,1,62,0.016129032258064516,0.18211152942311104,0.11688017327610276,8,62,0.12903225806451613,0.10503748292667754,0.36857724782307383,0.2197538816158613,0.06451612903225806,0.6451612903225806,0.7284461176924442,0.35236373731258397,0.8121484863521015,0.6864406150357604,0.03225806451612903,0.22164122169088218,0.49479806275533383,0.49479806275533383,0.1743488946074959,indeterminate
79,portable_alpha_0.25,portable,29,0.25,none,0.0,683,62,portable/indeterminate,0.7522789595569757,0.0005561520085389204,1352.6499014780236,89.48593738966974,61.17973053112634,0.5746510901263713,0.6102714757334523,0.5839770517983613,0.5401248742928324,0.5802152687375114,0.034526215833538876,0.17714964773788303,0.46250116073445163,0.9197502514143352,0.822850352262117,1,62,0,62,0.6622460867780108,0.6390680743811521,0.757957530780544,0.9942881932185527,0.016129032258064516,0,62,0.0,0.0,0.13313912547160958,9,62,0.14516129032258066,0.11495060356292654,0.386396403001817,0.2832838657348223,0.0,0.7258064516129032,0.0,0.33039755581632624,0.7574092350753149,0.6622460867780109,0.016129032258064516,0.21176086445016215,0.3966621813332826,0.3966621813332826,0.13105621519728897,indeterminate
80,portable_alpha_0.25,portable,30,0.25,none,0.0,683,62,portable/indeterminate,0.7575137271030752,0.000548100425903043,1382.071042646985,88.63331683848375,61.53419345012867,0.5364966671295653,0.582411104660733,0.537238751562283,0.5682620817727725,0.60182812174846,-0.031765414643207146,0.26344086021505375,0.0,0.863475836454455,0.7365591397849462,0,62,0,62,0.5572254958676957,0.5490504250294534,0.7585033674280649,0.9848146315387083,0.0,0,62,0.0,0.0,0.13176018736788772,10,62,0.16129032258064516,0.11495843753463425,0.2701727859336145,0.3694917638399332,0.0,0.8064516129032258,0.0,0.29300331128628443,0.5829545128458803,0.5572254958676957,0.0,0.19696292630774168,0.271722587047678,0.271722587047678,0.07961561775624532,no usable disease signal
81,portable_alpha_0.25,portable,31,0.25,none,0.0,683,62,portable/indeterminate,0.759275198047211,0.0004725120088260715,1606.890796137829,88.9751318559756,61.896258591441686,0.5793466185252047,0.6252987034727575,0.5471071726149146,0.5715392986561488,0.5732409548429024,0.007807319869055918,0.19201228878648235,0.0983951177021601,0.8569214026877023,0.8079877112135176,1,62,0,62,0.5883841256735449,0.5757578220058956,0.7622589140023179,0.9886125761775068,0.016129032258064516,0,62,0.0,0.0,0.122128688323131,9,62,0.14516129032258066,0.09660981429748138,0.398363197409612,0.37825731627068054,0.0,0.7258064516129032,0.0,0.34587829807380954,0.6397566329423584,0.5883841256735449,0.016129032258064516,0.21062574104195297,0.3900227446656394,0.3900227446656394,0.13490040313502732,indeterminate
82,portable_alpha_0.25,portable,32,0.25,none,0.0,683,62,portable/indeterminate,0.7551222146462794,0.0006725214214104836,1122.8225460276888,81.31724919450015,61.35029373128339,0.6101669906957368,0.6301355939581523,0.5813732467712818,0.5469752202621355,0.5675180322947981,0.06319177043360125,0.24064171122994651,0.573599859944678,0.906049559475729,0.7593582887700535,2,62,0,62,0.6546532858096198,0.6325599592653884,0.753128951101128,0.9035249910500016,0.03225806451612903,0,62,0.0,0.0,0.14228922878900302,9,62,0.14516129032258066,0.10472096418964805,0.46939746632408824,0.30651336108605615,0.0,0.7258064516129032,0.0,0.37422103701258524,0.7674258496281195,0.6546532858096198,0.03225806451612903,0.20651144982290356,0.42815309337597296,0.42815309337597296,0.16022389460330283,indeterminate
83,portable_alpha_0.25,portable,33,0.25,none,0.0,683,62,portable/indeterminate,0.7529816496540578,0.0007063085898934696,1066.080266371428,77.64569109654254,61.0336025998207,0.5445597833634217,0.5928782206714409,0.5273876892098319,0.4822138285553193,0.5274637888491231,0.0623459548081024,0.26344086021505375,1.0,1.0,0.7365591397849462,6,62,0,62,0.7413022027233352,0.7068304594771445,0.7517499819339833,0.8627299010726949,0.0967741935483871,1,62,0.016129032258064516,0.4875088404731347,0.13374812220916155,9,62,0.14516129032258066,0.12414023663160391,0.2985290048334389,0.0,0.06451612903225806,0.7258064516129032,1.0,0.32103869596510654,0.8890200112929144,0.7413022027233351,0.0967741935483871,0.24996533505324867,0.8193591615293164,0.8193591615293164,0.26304599674443485,no usable disease signal
84,portable_alpha_0.25,portable,34,0.25,none,0.0,683,62,portable/indeterminate,0.7627025825638746,0.00032273371941863313,2363.256569340798,89.44678706591392,62.31108433126359,0.5255520066657409,0.5817818829605244,0.5246450145813082,0.543267734251608,0.5811747841269889,-0.017715727585867147,0.2523719165085389,0.0,0.913464531496784,0.747628083491461,2,62,0,62,0.5764273699901971,0.5655091742773117,0.7713603508155423,0.9938531896212658,0.03225806451612903,0,62,0.0,0.0,0.09486071546463584,10,62,0.16129032258064516,0.1130884616713814,0.2260619679014622,0.2941691154815815,0.0,0.8064516129032258,0.0,0.26341563743437313,0.6267862863897845,0.5764273699901971,0.03225806451612903,0.2245770895371564,0.508125932001501,0.508125932001501,0.13384831627511032,no usable disease signal
85,portable_alpha_0.25,portable,35,0.25,none,0.0,683,62,portable/indeterminate,0.7628402806361981,0.0005011119715405837,1522.29506369799,79.54376921454143,61.9778373302279,0.6064956256075544,0.641731579552731,0.5777235800583252,0.5650062377695843,0.5440850420014667,0.04148938783797018,0.30654430849091585,0.3895877187562816,0.8699875244608315,0.6934556915090841,0,62,0,62,0.5996292293082313,0.5853964822641983,0.7609247831838409,0.8838196579393492,0.0,1,62,0.016129032258064516,0.1864556102350614,0.1258148716725181,11,62,0.1774193548387097,0.09437639911041742,0.4615097520260096,0.36057242759141817,0.06451612903225806,0.8870967741935484,0.7458224409402456,0.45007098275464275,0.6700422942750243,0.5996292293082311,0.0,0.17676393158786985,0.20210433662516616,0.20210433662516616,0.09096129740386368,indeterminate
86,portable_alpha_0.25,portable,36,0.25,none,0.0,683,62,portable/indeterminate,0.7575673656853901,0.0003173154452437806,2387.4266980713205,89.35155631790289,61.46981585417925,0.5067351756700458,0.5442761994245104,0.5049776072767671,0.48931350230359655,0.5275327413228048,0.01742167336644923,0.17714964773788303,1.0,1.0,0.822850352262117,0,62,0,62,0.7645394100201212,0.7267480657315325,0.771591037659689,0.992795070198921,0.0,0,62,0.0,0.0,0.09591698716506707,10,62,0.16129032258064516,0.10562098901159211,0.11606184273951348,0.0,0.0,0.8064516129032258,0.0,0.1789986633052406,0.8662449340323167,0.7645394100201212,0.0,0.1985590140397842,0.2859932048337545,0.2859932048337545,0.051192401379623935,no usable disease signal
87,portable_alpha_0.25,portable,37,0.25,none,0.0,683,62,portable/indeterminate,0.757329919346271,0.0003897318874761976,1943.2074810468878,89.89917439894474,61.31521341393344,0.5744514650742952,0.603164709619866,0.5490947437855853,0.5471975674957856,0.554122688925752,0.0272538975785096,0.2032167705791994,0.3660626093967781,0.9056048650084287,0.7967832294208006,1,62,0,62,0.6417151462170786,0.6214701253289245,0.7668314256745687,0.9988797155438304,0.016129032258064516,0,62,0.0,0.0,0.10872619975103318,8,62,0.12903225806451613,0.10178880587009112,0.38587942436542333,0.3072379126858716,0.0,0.6451612903225806,0.0,0.32043769699968594,0.731489501256238,0.6417151462170785,0.016129032258064516,0.2126791689152177,0.3976092923787874,0.3976092923787874,0.12740900595553342,no usable disease signal
88,portable_alpha_0.25,portable,38,0.25,none,0.0,683,62,portable/indeterminate,0.7640901179821966,0.0004988420724649557,1531.727494849334,89.18530776753212,61.61829787742157,0.5733405082627413,0.6051096301832707,0.5596141160949868,0.5264525308327662,0.5669566664363791,0.04688797742997508,0.3199851687059696,0.6393189594759773,0.9470949383344676,0.6800148312940304,3,62,0,62,0.6778069346416968,0.6524059439785973,0.7610779178878222,0.9909478640836903,0.04838709677419355,0,62,0.0,0.0,0.12535853924145596,10,62,0.16129032258064516,0.09392468896399334,0.38298957756769647,0.23001100335751862,0.0,0.8064516129032258,0.0,0.335463631055084,0.8268576509999015,0.677806934641697,0.04838709677419355,0.23689925023609293,0.6175476489766285,0.6175476489766285,0.2071647766752302,indeterminate
89,portable_alpha_0.25,portable,39,0.25,none,0.0,683,62,portable/indeterminate,0.7612742981413979,0.0006256840314884547,1216.7072513108321,85.57868313909938,62.14722266922357,0.5878784196639355,0.6475445895834305,0.557301069295931,0.5528723314258359,0.5822394738744935,0.035006088238099586,0.21286393345216878,0.3983468111052726,0.8942553371483282,0.7871360665478312,4,62,0,62,0.6417271813998806,0.6214804411998978,0.7552344874644895,0.9508742571011043,0.06451612903225806,0,62,0.0,0.0,0.14826626436309803,10,62,0.16129032258064516,0.11144819756340395,0.4192336333452637,0.3251840445834817,0.0,0.8064516129032258,0.0,0.3631029630664639,0.7674664957067349,0.6417271813998806,0.06451612903225806,0.2417877546460273,0.7060142447593466,0.7060142447593466,0.25635586423925044,indeterminate
90,portable_alpha_0.25,portable,40,0.25,none,0.0,683,62,portable/indeterminate,0.7620373387109592,0.000523887270378844,1454.5826588989255,84.49767090032189,62.04306883590289,0.5660845715872795,0.5963300191973148,0.5359021316483822,0.5441820596077204,0.558872896152663,0.02190251197955917,0.22474747474747478,0.33143154980783945,0.9116358807845593,0.7752525252525252,0,62,0,62,0.6194956179060259,0.6024248153480222,0.7597907415876549,0.9388630100035766,0.0,0,62,0.0,0.0,0.12661299449087995,10,62,0.16129032258064516,0.10859389167712552,0.36355074360336426,0.2972610287532504,0.0,0.8064516129032258,0.0,0.332469216612491,0.6766841053883408,0.6194956179060259,0.0,0.18777260200071533,0.24347620070078724,0.24347620070078724,0.08094834171077638,indeterminate
91,portable_alpha_0.25,portable,41,0.25,none,0.0,683,62,portable/indeterminate,0.7547703225194948,0.0004224875162490016,1786.491419250967,76.38957088846753,61.16197928195479,0.5666487293431468,0.5892603615000429,0.5576439036244967,0.5562113667653469,0.5730853126027301,0.010437362577799925,0.33640552995391704,0.15660257413254275,0.8875772664693062,0.663594470046083,3,62,0,62,0.5616274112468257,0.552823495354422,0.7648300501869673,0.8487730098718614,0.04838709677419355,0,62,0.0,0.0,0.11674418278292294,9,62,0.14516129032258066,0.09585484660073178,0.36509924498181806,0.3352949947892061,0.0,0.7258064516129032,0.0,0.32495008971176514,0.6285359556236519,0.5616274112468256,0.04838709677419355,0.20846427939372714,0.48887705148609095,0.48887705148609095,0.15886064173842848,no usable disease signal
92,portable_alpha_0.25,portable,42,0.25,none,0.0,683,62,portable/indeterminate,0.7610136259943734,0.0006002823381936293,1267.7594817872152,86.8607260052231,61.78220618030229,0.5864723649493127,0.600727775977909,0.5764563949451464,0.5834094863786398,0.5690464882398373,0.003062878570672889,0.3055555555555555,0.03542031691244076,0.8331810272427205,0.6944444444444444,3,62,0,62,0.5554750813050962,0.5475500696900825,0.7562984246209653,0.9651191778358122,0.04838709677419355,1,62,0.016129032258064516,0.22637010104264121,0.13836748581282016,9,62,0.14516129032258066,0.10477556460536104,0.4158662403930202,0.4084347839708067,0.06451612903225806,0.7258064516129032,0.9054804041705649,0.41582481235050617,0.6439191405863801,0.555475081305096,0.04838709677419355,0.2317335129865173,0.5968850544469841,0.5968850544469841,0.24819961576023883,indeterminate
93,portable_alpha_0.25,portable,43,0.25,none,0.0,683,62,portable/indeterminate,0.7602248440465827,0.0005223632473253441,1455.356685102103,84.69697518719836,61.51644726106733,0.5760831828912651,0.5924440416369439,0.5501058880711012,0.5077213634717764,0.5276504455691172,0.06836181941948871,0.25,0.8985141896230672,0.9845572730564471,0.75,1,62,1,62,0.725013676632705,0.6928688656851757,0.7598040627786686,0.9410775020799818,0.016129032258064516,2,62,0.03225806451612903,0.2515513457797809,0.1277354468066538,10,62,0.16129032258064516,0.09941287815434494,0.3900850750573909,0.12426876897898709,0.12903225806451613,0.8064516129032258,1.0,0.4042436079749812,0.8435829599213022,0.7250136766327049,0.016129032258064516,0.20111872622244797,0.3434704505110794,0.3434704505110794,0.13884573414739096,indeterminate
94,portable_alpha_0.25,portable,44,0.25,none,0.0,683,62,portable/indeterminate,0.7542914286486722,0.0005094198759013194,1480.687080208836,81.10511926823531,61.44968395254487,0.564366060269407,0.586986804692786,0.5431320302735732,0.5023085507741424,0.5474551504981088,0.06205750949526467,0.2785923753665689,0.9641340364086315,0.9953828984517152,0.7214076246334311,0,62,0,62,0.7237213157357675,0.691761127773515,0.7602353430515458,0.9011679918692812,0.0,0,62,0.0,0.0,0.12694722224202487,33,62,0.532258064516129,0.04718484298226593,0.3587925870733872,0.06794925715771118,0.0,1.0,0.0,0.3361912192524647,0.8343453784307308,0.7237213157357675,0.0,0.18023359837385625,0.21472800156140148,0.21472800156140148,0.0721896686525727,indeterminate
95,portable_alpha_0.25,portable,45,0.25,none,0.0,683,62,portable/indeterminate,0.7595994359731157,0.0003552330662428648,2138.3128659925896,88.93289780990895,62.01647343814629,0.5541157478128038,0.5830318604985565,0.5401680322177476,0.5186525844278526,0.5554486494510257,0.03546316338495126,0.2903225806451613,0.6553205826079457,0.9626948311442949,0.7096774193548387,0,62,0,62,0.68081731488614,0.6549862699024056,0.7690677472107712,0.9881433089989884,0.0,0,62,0.0,0.0,0.10805470259872059,8,62,0.12903225806451613,0.09847421100994626,0.32898555534492335,0.19314546035489707,0.0,0.6451612903225806,0.0,0.2805815172563385,0.7917640780211136,0.6808173148861398,0.0,0.19762866179979768,0.2715205666926987,0.2715205666926987,0.07618365256893825,no usable disease signal
96,portable_alpha_0.25,portable,46,0.25,none,0.0,683,62,portable/indeterminate,0.7543500498217571,0.0006501428847795202,1160.283481495881,89.6351297156604,61.47583442521619,0.609064713234273,0.6400133609819224,0.5839770517983613,0.5318222048455529,0.5573297947712983,0.07724250838872015,0.26344086021505375,0.7082263923694716,0.9363555903088943,0.7365591397849462,0,62,0,62,0.6885134685140865,0.661582973012074,0.7539938028916469,0.99594588572956,0.0,0,62,0.0,0.0,0.14420933808080072,11,62,0.1774193548387097,0.11784976263956307,0.4670432811512719,0.25227843683340384,0.0,0.8870967741935484,0.0,0.3918140003880086,0.807303049705726,0.6885134685140863,0.0,0.199189177145912,0.27978496165440203,0.27978496165440203,0.10962366507421685,indeterminate
97,portable_alpha_0.25,portable,47,0.25,none,0.0,683,62,portable/indeterminate,0.7611047293875174,0.0003145052439304863,2420.0064834395607,89.10461934499271,61.9154445487067,0.5132707262880155,0.5513416072816816,0.5349430634634078,0.5037215618854002,0.5331680416718356,0.009549164402615329,0.3055555555555555,0.7195660731273585,0.9925568762291996,0.6944444444444444,0,62,0,62,0.6947527199133979,0.6669309027829124,0.7718975996239094,0.9900513260554746,0.0,0,62,0.0,0.0,0.09682549842950341,9,62,0.14516129032258066,0.12026227337309983,0.16291547678483778,0.08627354038638013,0.0,0.7258064516129032,0.0,0.1989560601729924,0.8080045966006482,0.6947527199133977,0.0,0.19801026521109494,0.2714217415235325,0.2714217415235325,0.05400100033881432,no usable disease signal
98,portable_alpha_0.25,portable,48,0.25,none,0.0,683,62,portable/indeterminate,0.7559905266977721,0.00073214319382169,1032.5719518767937,69.26559208856662,61.083374240359724,0.5804575753367588,0.6295096916200551,0.5619792389945841,0.5344336294422796,0.5642679904112166,0.04602394589447922,0.25081459758879115,0.5720275027161076,0.9311327411154409,0.7491854024112088,0,62,0,62,0.6288094048210412,0.6104080612751782,0.7508930928105273,0.7696176898729624,0.0,1,62,0.016129032258064516,0.4148024931073965,0.14950012113478328,43,62,0.6935483870967742,0.04600609060087975,0.40114230725955297,0.2624257206993231,0.06451612903225806,1.0,1.0,0.43971695150616036,0.6768612751553558,0.6288094048210411,0.0,0.1539235379745925,0.1467594519211235,0.1467594519211235,0.06453261880347133,indeterminate
99,portable_alpha_0.25,portable,49,0.25,none,0.0,683,62,portable/indeterminate,0.7598102556975931,0.0005034404330596353,1509.235662856641,84.2157934875479,61.82972091887146,0.5672042077489238,0.5902367990609035,0.5632464241077628,0.5137236541223994,0.5410329038390255,0.053480553626524374,0.20370370370370372,0.7957917430755045,0.9725526917552012,0.7962962962962963,0,62,0,62,0.7101804390082824,0.6801546620070992,0.76071086417216,0.9357310387505322,0.0,0,62,0.0,0.0,0.12616867388982111,10,62,0.16129032258064516,0.11305171366230007,0.3666175329929647,0.16567229172314482,0.0,0.8064516129032258,0.0,0.3208437376042807,0.8078108238571665,0.7101804390082822,0.0,0.18714620775010646,0.243271972495083,0.243271972495083,0.0780522889096882,no usable disease signal
100,portable_alpha_0.25,portable,50,0.25,none,0.0,683,62,portable/indeterminate,0.7594019267613847,0.0004888288901209583,1553.5127773922577,81.34667120331851,61.62540120214999,0.5590890154145258,0.6110305165609407,0.5379070615192334,0.5264340812090795,0.5584060035408175,0.032654934205446295,0.25550435227854584,0.5526396738270706,0.9471318375818409,0.7444956477214542,1,62,0,62,0.6542792310230646,0.6322393408769125,0.7614272924908628,0.9038519022590945,0.016129032258064516,0,62,0.0,0.0,0.12386866115748926,10,62,0.16129032258064516,0.11062618174399544,0.3437703169691235,0.22993077744869012,0.0,0.8064516129032258,0.0,0.31584597816491466,0.7466276781636781,0.6542792310230646,0.016129032258064516,0.19367360625827054,0.3131225950540562,0.3131225950540562,0.09889851232038485,no usable disease signal
101,portable_alpha_0.50,portable,1,0.5,none,0.0,683,62,portable/indeterminate,0.756294495472836,0.0011602987406252666,651.8101493976292,71.01481654755692,61.62678617569364,0.6718164143868908,0.6705898531978378,0.6337314261908068,0.6089330214677197,0.6191867191315393,0.06288339291917111,0.20023767082590613,0.3659917659413627,0.7821339570645607,0.7997623291740938,0,62,0,62,0.5791339547853375,0.5678291041017178,0.7378621593369303,0.7890535171950769,0.0,6,62,0.0967741935483871,0.331371142697715,0.18825627218223936,10,62,0.16129032258064516,0.21882042976664245,0.5862020375039493,0.4667612268981211,0.3870967741935484,0.8064516129032258,1.0,0.5881642382159803,0.6151028365612962,0.5791339547853374,0.0,0.15781070343901538,0.15907598154246244,0.15907598154246244,0.09356280350238176,indeterminate
102,portable_alpha_0.50,portable,2,0.5,none,0.0,683,62,portable/indeterminate,0.7612752265670546,0.0005446815698305365,1397.6518919189896,76.87491183941597,61.58455121512149,0.5569886126926815,0.5744399418595859,0.5369132759338981,0.539726124576181,0.5630177938166433,0.01726248811650055,0.30465949820788535,0.3029111834953898,0.9205477508476381,0.6953405017921146,0,62,0,62,0.5886253160309898,0.5759645565979913,0.7587867729461745,0.8541656871046219,0.0,1,62,0.016129032258064516,0.32152621471943554,0.13067802134808487,10,62,0.16129032258064516,0.19853435760187896,0.3376051323445232,0.28187275347639035,0.06451612903225806,0.8064516129032258,1.0,0.38086080926183613,0.6255559276413254,0.5886253160309899,0.0,0.1708331374209244,0.18545347891357103,0.18545347891357103,0.07063196205944552,indeterminate
103,portable_alpha_0.50,portable,3,0.5,none,0.0,683,62,portable/indeterminate,0.7607088770572857,0.0008291522105981329,917.4538369843173,89.07219347014333,61.93260938469892,0.6507429523677268,0.6660083023289638,0.6064218511317873,0.5932336000511839,0.6050873767044148,0.05750935231654297,0.25081459758879115,0.38150607649141005,0.8135327998976323,0.7491854024112088,2,62,1,62,0.618973823668204,0.6019775631441748,0.7476695601356957,0.9896910385571481,0.03225806451612903,4,62,0.06451612903225806,0.24628545192351115,0.1623382273215502,10,62,0.16129032258064516,0.2108396910148036,0.549077321272199,0.43181848050120286,0.25806451612903225,0.8064516129032258,0.9851418076940446,0.5395582442322124,0.7479857784682512,0.618973823668204,0.03225806451612903,0.22374465932433288,0.504542242242364,0.504542242242364,0.27222992636527354,indeterminate
104,portable_alpha_0.50,portable,4,0.5,none,0.0,683,62,portable/indeterminate,0.7531486878773125,0.0008527658143912286,883.1834897309636,75.53879266206766,61.17625987618155,0.6090039577836411,0.6186831786692051,0.5932118802944035,0.4900987713627349,0.5200713149850261,0.11890518642090625,0.2768817204301075,1.0,1.0,0.7231182795698925,4,62,0,62,0.7289279950860452,0.6962239957880387,0.7466136434467022,0.8393199184674185,0.06451612903225806,0,62,0.0,0.0,0.16794165300061484,10,62,0.16129032258064516,0.1896321038503071,0.4669131777614359,0.0,0.0,0.8064516129032258,0.0,0.35442433081620184,0.8660323933023915,0.7289279950860452,0.06451612903225806,0.21947688691929015,0.6083366670675316,0.6083366670675316,0.21560931613636847,indeterminate
105,portable_alpha_0.50,portable,5,0.5,none,0.0,683,62,portable/indeterminate,0.7603923115780212,0.0007168443290432009,1060.7495669149612,86.70542243552924,61.943121407459245,0.5872101097069852,0.6125951438419122,0.5678725177058742,0.5472345919315456,0.5696260949890669,0.03997551777543962,0.18977591036414565,0.4583816934728353,0.9055308161369089,0.8102240896358543,0,62,0,62,0.6481910084289186,0.6270208643676446,0.7516158687109219,0.9633935826169916,0.0,1,62,0.016129032258064516,0.2820978179882674,0.15266960907732674,10,62,0.16129032258064516,0.21470686615608775,0.41763646801251725,0.30735839644150137,0.06451612903225806,0.8064516129032258,1.0,0.4234250413923442,0.7278602348934221,0.6481910084289186,0.0,0.19267871652339832,0.2635281837666102,0.2635281837666102,0.11158443211942622,indeterminate
106,portable_alpha_0.50,portable,6,0.5,none,0.0,683,62,portable/indeterminate,0.7566450874977448,0.0006782698030153563,1115.551782099039,75.60549659172504,61.394261179095025,0.59849326482433,0.607974718609201,0.5698253714761838,0.5533465851688127,0.5761889888282713,0.04514667965551722,0.18977591036414565,0.4583732678172428,0.8933068296623745,0.8102240896358543,0,62,0,62,0.6258203824678307,0.6078460421152834,0.7529570344501231,0.8400610732413893,0.0,3,62,0.04838709677419355,0.3174759928325416,0.13485122936238914,38,62,0.6129032258064516,0.04545984233255379,0.4438316456142576,0.3266392051447981,0.1935483870967742,1.0,1.0,0.49328942074096344,0.6722899113148307,0.6258203824678307,0.0,0.16801221464827787,0.18618011080657845,0.18618011080657845,0.09184067901326547,indeterminate
107,portable_alpha_0.50,portable,7,0.5,none,0.0,683,62,portable/indeterminate,0.7578702731424151,0.0007234796063194417,1047.5350880972708,83.91517628619843,61.3641237489677,0.5957158727954451,0.5974676107508594,0.5840291278989029,0.5233894736251344,0.5566610848354506,0.0723263991703107,0.2785923753665689,0.7556364170118346,0.9532210527497311,0.7214076246334311,0,62,0,62,0.6856559652929818,0.6591336845368415,0.7512798497384674,0.932390847624427,0.0,1,62,0.016129032258064516,0.289727077625094,0.14893189325877115,10,62,0.16129032258064516,0.21653496512463566,0.437529136847925,0.21628441286941802,0.06451612903225806,0.8064516129032258,1.0,0.4242639774528398,0.7970222203997156,0.6856559652929818,0.0,0.1864781695248854,0.23443853565854278,0.23443853565854278,0.09946382560671277,indeterminate
108,portable_alpha_0.50,portable,8,0.5,none,0.0,683,62,portable/indeterminate,0.7593211788375476,0.0006294662737844324,1206.2936656993722,87.29567450034614,62.08872472482297,0.6230645049298709,0.6524414205793652,0.601144806276906,0.541434101397563,0.5766710372864227,0.08163040353230788,0.18977591036414565,0.6633139553831994,0.917131797204874,0.8102240896358543,2,62,0,62,0.691315110966606,0.6639843808285194,0.7550108201668445,0.9699519388927349,0.03225806451612903,5,62,0.08064516129032258,0.22870347589117834,0.13709838477058206,11,62,0.1774193548387097,0.18297470079551403,0.4961139081498741,0.28786837755322475,0.3225806451612903,0.8870967741935484,0.9148139035647134,0.5201651321697855,0.8134665764832943,0.6913151109666059,0.03225806451612903,0.21979683939145023,0.4940776053444116,0.4940776053444116,0.257001942886107,indeterminate
109,portable_alpha_0.50,portable,9,0.5,none,0.0,683,62,portable/indeterminate,0.7559200220696782,0.0009100426936970276,830.6423723910913,80.1686742694195,61.62834937431716,0.6540237467018469,0.6759311099405425,0.607398278016942,0.5798444659097627,0.5750666699525282,0.07417928079208425,0.29310344827586204,0.48160937764796463,0.8403110681804746,0.7068965517241379,0,62,0,62,0.6107456464641015,0.5949248398263727,0.744893833794037,0.8907630474379944,0.0,4,62,0.06451612903225806,0.31904096147865657,0.1621745825674096,10,62,0.16129032258064516,0.2158814902406125,0.555020263957717,0.39961097559942643,0.25806451612903225,0.8064516129032258,1.0,0.5400518747000915,0.7032495254282181,0.6107456464641015,0.0,0.1781526094875989,0.2072694256997894,0.2072694256997894,0.1119362419171826,indeterminate
110,portable_alpha_0.50,portable,10,0.5,none,0.0,683,62,portable/indeterminate,0.754872787718026,0.000978610625399501,771.3719513415891,80.50469986359919,61.31083416539117,0.6530516594917373,0.6632263976882937,0.6222356269962506,0.5707176430415458,0.5741395985111561,0.08233401645019145,0.22474747474747478,0.5379491912966574,0.8585647139169084,0.7752525252525252,1,62,0,62,0.6375298338974684,0.6178827147692587,0.7427868755095535,0.894496665151102,0.016129032258064516,5,62,0.08064516129032258,0.26690593666119355,0.1710500787062123,10,62,0.16129032258064516,0.21826502976366902,0.5532660471992425,0.3760788296130103,0.3225806451612903,0.8064516129032258,1.0,0.5497247775286642,0.7385250765444789,0.6375298338974685,0.016129032258064516,0.19180255883667205,0.3090616020177203,0.3090616020177203,0.16989882041184387,indeterminate
111,portable_alpha_0.50,portable,11,0.5,none,0.0,683,62,portable/indeterminate,0.761752563527039,0.0009362456888094173,813.6246421553368,84.02200086224487,61.748770756405236,0.6142462852381614,0.6231623247414039,0.5843198861269268,0.5899668019574634,0.5927224543684203,0.024279483280697955,0.20697167755991286,0.21251879857698816,0.8200663960850731,0.7930283224400871,2,62,0,62,0.5892929185296424,0.576536787311122,0.7443081422013006,0.9335777873582762,0.03225806451612903,5,62,0.08064516129032258,0.22079297282142996,0.17741203524958804,10,62,0.16129032258064516,0.21285432723225534,0.47800896484932454,0.42418581295810315,0.3225806451612903,0.8064516129032258,0.8831718912857198,0.5110655292525005,0.6706289826695223,0.5892929185296424,0.03225806451612903,0.21252200908455848,0.4590936883498385,0.4590936883498385,0.23462695881299273,indeterminate
112,portable_alpha_0.50,portable,12,0.5,none,0.0,683,62,portable/indeterminate,0.7589400520435728,0.0010506515552581588,722.3518094513184,69.22578596618183,61.825194584732515,0.6374982641299819,0.6458609644093152,0.5997734689626442,0.541126577657288,0.5689672795565643,0.0963716864726939,0.23893105629348513,0.7008938409694423,0.917746844685424,0.7610689437065149,0,62,0,62,0.648295668344962,0.6271105728671102,0.7408889810841486,0.7691753996242425,0.0,4,62,0.06451612903225806,0.2957267270198787,0.18395207593638974,10,62,0.16129032258064516,0.22559454204912746,0.5244011139003842,0.2867981089801256,0.25806451612903225,0.8064516129032258,1.0,0.5134610130094951,0.7178466890324594,0.6482956683449619,0.0,0.15383507992484852,0.14728418175822078,0.14728418175822078,0.07562468516585064,indeterminate
113,portable_alpha_0.50,portable,13,0.5,none,0.0,683,62,portable/indeterminate,0.7605023040554796,0.0007727927350536804,984.0960836706791,76.1227873747302,61.8005358103795,0.5842157339258436,0.6058784467708542,0.5642749270934593,0.5474865944250168,0.543977839863909,0.03672913950082679,0.2523719165085389,0.43613156103547995,0.9050268111499664,0.747628083491461,0,62,0,62,0.6140311584532229,0.5977409929599052,0.7495917464343161,0.8458087486081133,0.0,2,62,0.03225806451612903,0.3763172681933551,0.14575862987596439,10,62,0.16129032258064516,0.21348623549146295,0.4104040300139451,0.30817720365081125,0.12903225806451613,0.8064516129032258,1.0,0.4327939289204408,0.6675667166885774,0.6140311584532228,0.0,0.16916174972162268,0.18472332915659925,0.18472332915659925,0.0799471353889484,indeterminate
114,portable_alpha_0.50,portable,14,0.5,none,0.0,683,62,portable/indeterminate,0.756848284473467,0.000741207911079123,1021.1011959809944,74.57227588880502,61.40860805481852,0.6038310651298431,0.6292752000073091,0.5751371337314262,0.5460673290378332,0.5617201995243225,0.05776373609200991,0.3343220862686936,0.556324217802977,0.9078653419243337,0.6656779137313065,0,62,0,62,0.6181733800310836,0.6012914685980716,0.7505919635189396,0.8285808432089448,0.0,3,62,0.04838709677419355,0.2402574157753008,0.14935859264607346,10,62,0.16129032258064516,0.2169843948901467,0.45569960528805176,0.3035369138600219,0.1935483870967742,0.8064516129032258,0.9610296631012032,0.4659323965399269,0.6989650477671683,0.6181733800310836,0.0,0.16571616864178895,0.16979661199672005,0.16979661199672005,0.07911374235199188,indeterminate
115,portable_alpha_0.50,portable,15,0.5,none,0.0,683,62,portable/indeterminate,0.7550978369362307,0.0008457496613990407,892.8148261828995,80.4154743757679,61.18570648132947,0.6531644910429106,0.6815392843298892,0.6096766074156368,0.5763185346629033,0.5850873700526403,0.07684595638000735,0.25326797385620914,0.5017217493216372,0.8473629306741934,0.7467320261437909,0,62,0,62,0.6227062255644179,0.6051767647695011,0.7469153764050208,0.8935052708418656,0.0,4,62,0.06451612903225806,0.3022831488364322,0.16001007807877557,10,62,0.16129032258064516,0.21163371687127408,0.5534699468677783,0.3906879436657939,0.25806451612903225,0.8064516129032258,1.0,0.5383844129617589,0.7107869566335745,0.6227062255644179,0.0,0.17870105416837312,0.21213321119184725,0.21213321119184725,0.1142092143772155,indeterminate
116,portable_alpha_0.50,portable,16,0.5,none,0.0,683,62,portable/indeterminate,0.753959668673661,0.0010927033380956593,689.9948434198493,80.03295423698694,61.11493330742246,0.6912321205388141,0.7090394770778128,0.6403103735592279,0.5670812392289782,0.5798716126432358,0.12415088130983587,0.3055555555555555,0.6492156284207345,0.8658375215420435,0.6944444444444444,0,62,0,62,0.6397167254964548,0.6197571932826754,0.7395477114938727,0.8892550470776327,0.0,7,62,0.11290322580645161,0.23810440701444502,0.1814545284532716,10,62,0.16129032258064516,0.21990292137319428,0.6184369337916585,0.3662819657831334,0.45161290322580644,0.8064516129032258,0.9524176280577801,0.6047578674576768,0.7528149298851535,0.6397167254964546,0.0,0.17785100941552656,0.20538057504225404,0.20538057504225404,0.12420551857978492,indeterminate
117,portable_alpha_0.50,portable,17,0.5,none,0.0,683,62,portable/indeterminate,0.761914651299548,0.0009259941146927492,822.8072286964332,79.55026902888767,62.166054645978086,0.6439123038466879,0.6499518248971735,0.615604603527288,0.5257220010049918,0.5329470075602019,0.11819030284169607,0.26344086021505375,0.8212661439122408,0.9485559979900164,0.7365591397849462,0,62,0,62,0.6891498619384085,0.6621284530900644,0.7446260118444958,0.8838918780987519,0.0,3,62,0.04838709677419355,0.39141740376463474,0.15414011053572754,10,62,0.16129032258064516,0.21601162040759903,0.5364928775793539,0.22681270248816215,0.1935483870967742,0.8064516129032258,1.0,0.5006051283933319,0.7962454769103843,0.6891498619384084,0.0,0.1767783756197504,0.20555396164866424,0.20555396164866424,0.10290136736288759,indeterminate
118,portable_alpha_0.50,portable,18,0.5,none,0.0,683,62,portable/indeterminate,0.752315128488004,0.0009189700314987404,818.65033972986,75.67952719840551,60.82333136301743,0.6483387723927232,0.6554598035873376,0.628797215664491,0.5421735694335724,0.5472845945785726,0.10616520295915077,0.22549019607843138,0.7156942264432461,0.9156528611328552,0.7745098039215687,7,62,0,62,0.6840210677659221,0.6577323437993617,0.7444826537535714,0.840883635537839,0.11290322580645161,2,62,0.03225806451612903,0.3525707755421932,0.1633219958918652,10,62,0.16129032258064516,0.21780323196061988,0.5446811404716032,0.2904257889154213,0.12903225806451613,0.8064516129032258,1.0,0.49815734267573086,0.8435406022185881,0.684021067765922,0.11290322580645161,0.2584993077527291,0.8745036636611464,0.8745036636611464,0.4356404212496278,indeterminate
119,portable_alpha_0.50,portable,19,0.5,none,0.0,683,62,portable/indeterminate,0.7678989795067452,0.000999187281855477,768.5235725586573,75.60722780634356,62.46812976193391,0.6728232189973616,0.6924309257692096,0.6357189973614776,0.5624242860760861,0.5536720976848253,0.11039893292127556,0.20098039215686278,0.6387968790406626,0.8751514278478278,0.7990196078431372,2,62,0,62,0.6546644940096041,0.6325695662939463,0.742680675850495,0.8400803089593729,0.03225806451612903,4,62,0.06451612903225806,0.2878583129466758,0.1799525415126054,10,62,0.16129032258064516,0.2100030471115356,0.5879170332578597,0.35333917438089446,0.25806451612903225,0.8064516129032258,1.0,0.5518730792283096,0.7606492489863503,0.654664494009604,0.03225806451612903,0.19382251340477782,0.3774986321120275,0.3774986321120275,0.20833133250813946,indeterminate
120,portable_alpha_0.50,portable,20,0.5,none,0.0,683,62,portable/indeterminate,0.7602369062883398,0.0011327019268205596,671.1711954285172,76.54412909621888,61.89747866133369,0.6405707540619359,0.6581709545878871,0.6060790168032217,0.5526272724703544,0.5586782430761471,0.0879434815915815,0.22630479366722253,0.625617200238062,0.8947454550592913,0.7736952063327774,1,62,0,62,0.6499014498870472,0.6284869570460404,0.7387314821427671,0.8504903232913209,0.016129032258064516,5,62,0.08064516129032258,0.2624798901340273,0.1868523647329962,10,62,0.16129032258064516,0.2246062077513462,0.5302277889019696,0.3244295685363909,0.3225806451612903,0.8064516129032258,1.0,0.5330407222723659,0.7458491179289582,0.6499014498870472,0.016129032258064516,0.1830012904647158,0.2759032149739026,0.2759032149739026,0.14706764898695687,indeterminate
121,portable_alpha_0.50,portable,21,0.5,none,0.0,683,62,portable/indeterminate,0.7559371402107276,0.0007484161958366178,1010.0491470066364,82.75063480226896,61.44846249757799,0.5923482849604221,0.6082324111478575,0.5727893695320094,0.5678191785618792,0.5752517060363175,0.024529106398542888,0.18903318903318903,0.2656151807156502,0.8643616428762415,0.810966810966811,0,62,0,62,0.6017821739381009,0.587241863375515,0.7502979112669138,0.9194514978029885,0.0,2,62,0.03225806451612903,0.2351061648326095,0.15486726738338893,10,62,0.16129032258064516,0.22297057599639397,0.4297633882973796,0.3682911309327968,0.12903225806451613,0.8064516129032258,0.940424659330438,0.4455062337568785,0.6449806999896077,0.6017821739381009,0.0,0.18389029956059771,0.23384569129619717,0.23384569129619717,0.10417971320964246,indeterminate
122,portable_alpha_0.50,portable,22,0.5,none,0.0,683,62,portable/indeterminate,0.7608119946179892,0.0005882840524855618,1293.2731924373588,82.20820166275276,61.692453582307614,0.5843372448271074,0.613707640756203,0.551082314956256,0.5350665669585415,0.5618234674302398,0.04927067786856587,0.2151003118745054,0.5842101905222481,0.929866866082917,0.7848996881254946,0,62,0,62,0.661535346873623,0.6384588687488197,0.7568108735916035,0.9134244629194751,0.0,0,62,0.0,0.0,0.1371161910087726,10,62,0.16129032258064516,0.21655793062482384,0.41069999957902936,0.26482661104406213,0.0,0.8064516129032258,0.0,0.3528004028294048,0.7440457088903615,0.661535346873623,0.0,0.18268489258389503,0.2277115119789325,0.2277115119789325,0.08033671315506022,indeterminate
123,portable_alpha_0.50,portable,23,0.5,none,0.0,683,62,portable/indeterminate,0.7556601095061258,0.0010664400077068713,708.5819212006078,73.6030345644605,61.41691946518727,0.6247222607971115,0.6484805075286924,0.5783918900152757,0.4869326778685881,0.533990435328079,0.13778958292852334,0.21286393345216878,1.0,1.0,0.7871360665478312,0,62,0,62,0.7242124868094232,0.6921821315509342,0.7403273591480356,0.8178114951606722,0.0,3,62,0.04838709677419355,0.2973079566294423,0.17850054988091174,10,62,0.16129032258064516,0.21588932519147036,0.4994442126946942,0.0,0.1935483870967742,0.8064516129032258,1.0,0.4593995257021858,0.8163579330152947,0.7242124868094233,0.0,0.16356229903213446,0.1726491460704523,0.1726491460704523,0.07931493581765317,indeterminate
124,portable_alpha_0.50,portable,24,0.5,none,0.0,683,62,portable/indeterminate,0.7649779217837692,0.0010569408104442362,723.7660938290823,78.50872033904092,62.122894016012445,0.6922649631995557,0.7138440096430319,0.6475923482849604,0.6013788894969075,0.617782912480311,0.09088607370264812,0.33620689655172414,0.47271261591388153,0.7972422210061849,0.6637931034482758,3,62,1,62,0.5992333456512007,0.5850571534153148,0.7409459218864362,0.8723191148782324,0.04838709677419355,6,62,0.0967741935483871,0.2545347215676159,0.18462306134011625,10,62,0.16129032258064516,0.21497787353820605,0.6201047705018171,0.4502863300099339,0.3870967741935484,0.8064516129032258,1.0,0.6034681150260955,0.7418918131598836,0.5992333456512007,0.04838709677419355,0.21317350039500133,0.5102477732475886,0.5102477732475886,0.30791826191798494,indeterminate
125,portable_alpha_0.50,portable,25,0.5,none,0.0,683,62,portable/indeterminate,0.7582132143594397,0.0011952928709852897,634.3325830550954,76.0317535805573,61.721916974286174,0.6529735453409248,0.6615980313782106,0.6245139563949451,0.5595087380519438,0.5705458136713092,0.09346480728898099,0.22943722943722944,0.6109867368287796,0.8809825238961124,0.7705627705627706,2,62,0,62,0.6461061889099501,0.6252338762085287,0.7370497756497162,0.8447972620061921,0.03225806451612903,8,62,0.12903225806451613,0.3122254655319991,0.191935549037421,10,62,0.16129032258064516,0.21634425276894964,0.5531248418592765,0.34498909563040914,0.5161290322580645,0.8064516129032258,1.0,0.5852548788797759,0.7547712723533362,0.64610618890995,0.03225806451612903,0.19476590401414168,0.37826190880712557,0.37826190880712557,0.2213796276237471,indeterminate
126,portable_alpha_0.50,portable,26,0.5,none,0.0,683,62,portable/indeterminate,0.7574712402334495,0.000863211994016829,877.503145790027,75.62873308705943,61.52677603665382,0.6379495903346758,0.6554712173905697,0.5958677614220247,0.5797677107332969,0.6043535992973806,0.05818187960137888,0.27859237536656895,0.4217618875143115,0.8404645785334062,0.7214076246334311,1,62,0,62,0.5977526969014074,0.5837880259154922,0.7464338019463485,0.8403192565228825,0.016129032258064516,5,62,0.08064516129032258,0.2428015916431122,0.161165242286975,10,62,0.16129032258064516,0.221258223056151,0.5252610595402553,0.39941885467087535,0.3225806451612903,0.8064516129032258,0.9712063665724489,0.5366166045335795,0.6782326225816936,0.5977526969014073,0.016129032258064516,0.18096707711102814,0.263620863018642,0.263620863018642,0.14146333239727557,indeterminate
127,portable_alpha_0.50,portable,27,0.5,none,0.0,683,62,portable/indeterminate,0.7612355525262661,0.0010309035255129234,738.4158979837762,84.57205078822246,61.77641059785335,0.6621996944868768,0.6537948882749495,0.6172666990695737,0.5798285882800884,0.6000932704983212,0.08237110620678834,0.21212121212121213,0.5078376162629136,0.8403428234398231,0.7878787878787878,0,62,0,62,0.6362127552214779,0.6167537901898382,0.7415278505448712,0.9396894532024718,0.0,8,62,0.12903225806451613,0.28721426510330816,0.18013829932865605,10,62,0.16129032258064516,0.2066669058329067,0.5695606982348357,0.3995712409072716,0.5161290322580645,0.8064516129032258,1.0,0.5989310215952418,0.732588993808226,0.6362127552214779,0.0,0.18793789064049438,0.24516509427183317,0.24516509427183317,0.1468369803717228,indeterminate
128,portable_alpha_0.50,portable,28,0.5,none,0.0,683,62,portable/indeterminate,0.7554281674394985,0.0008405315522160646,898.7505173932011,83.60294665350959,61.375748534578754,0.6209814609082072,0.6324031007611968,0.6123498472434383,0.5810944208738529,0.5857748834740492,0.03988704003435428,0.22630479366722253,0.32969547346281397,0.8378111582522942,0.7736952063327774,0,62,0,62,0.6028704717192236,0.5881746900450489,0.7470993627840155,0.9289216294834399,0.0,4,62,0.06451612903225806,0.25695491165632073,0.16554913438579552,10,62,0.16129032258064516,0.20949864596982498,0.491897267543147,0.4027267581719717,0.25806451612903225,0.8064516129032258,1.0,0.5088019547500611,0.6714089065371796,0.6028704717192235,0.0,0.185784325896688,0.23675925548522397,0.23675925548522397,0.12046357199605108,indeterminate
129,portable_alpha_0.50,portable,29,0.5,none,0.0,683,62,portable/indeterminate,0.7603010132597421,0.0009677636110723881,785.626783814743,72.74321877172677,61.62436095780578,0.6361616442160811,0.6646485798885227,0.5952168101652549,0.5736117498685321,0.5835854453725465,0.06254989434754898,0.3486590038314176,0.4593796932143806,0.8527765002629357,0.6513409961685823,0,62,0,62,0.5858444045678994,0.5735809182010566,0.7433112514089777,0.8082579863525197,0.0,4,62,0.06451612903225806,0.2802472453940071,0.17515038777882963,10,62,0.16129032258064516,0.22041065969654045,0.5218460390116632,0.3836971458547278,0.25806451612903225,0.8064516129032258,1.0,0.5218733792525947,0.6573923825748513,0.5858444045678993,0.0,0.16165159727050393,0.15872283948131258,0.15872283948131258,0.08283322460467975,indeterminate
130,portable_alpha_0.50,portable,30,0.5,none,0.0,683,62,portable/indeterminate,0.7567785862407125,0.0009348040661524295,809.5585092558978,70.84533872212597,61.73487338635517,0.6112692681572004,0.639102519504072,0.5823843910567976,0.5367076364603506,0.5669158421388527,0.07456163169684982,0.17919389978213507,0.6701008547257604,0.9265847270792988,0.8208061002178649,0,62,0,62,0.658138016168251,0.6355468710013579,0.7441659847407377,0.7871704302458441,0.0,3,62,0.04838709677419355,0.30134893266705126,0.16684729722297567,10,62,0.16129032258064516,0.22342277868742821,0.4717399032458467,0.2709525289062665,0.1935483870967742,0.8064516129032258,1.0,0.4726426238683887,0.7162261049610121,0.658138016168251,0.0,0.15743408604916884,0.15953407800204045,0.15953407800204045,0.07540260522330858,indeterminate
131,portable_alpha_0.50,portable,31,0.5,none,0.0,683,62,portable/indeterminate,0.7514539701685021,0.0007808814146927956,962.3150916764098,67.05185113765098,61.381296375805526,0.5760918622413554,0.6000788476340775,0.5474326482432995,0.5493397254107893,0.570490185493571,0.026752136830566098,0.23893105629348513,0.35157684465273187,0.9013205491784213,0.7610689437065149,0,62,0,62,0.5846613825108338,0.5725668992950004,0.7489813893312124,0.7450205681961221,0.0,1,62,0.016129032258064516,0.3668730457640006,0.1586429736693144,10,62,0.16129032258064516,0.21710354482118754,0.39010732431308043,0.31413285536788205,0.06451612903225806,0.8064516129032258,1.0,0.4103379154352639,0.5871675754012554,0.5846613825108338,0.0,0.14900411363922442,0.13661789567685004,0.13661789567685004,0.056059502523190995,indeterminate
132,portable_alpha_0.50,portable,32,0.5,none,0.0,683,62,portable/indeterminate,0.7638045839557438,0.0011062372442423199,690.4527830093862,72.17494344864488,62.26313841494596,0.6075024302180253,0.64441669085432,0.5721731356756006,0.5635525812226615,0.6124495538738578,0.043949848995363805,0.21428571428571427,0.40882656239704784,0.872894837554677,0.7857142857142857,0,62,0,62,0.6014911215937983,0.5869923899375413,0.7395672278007243,0.8019438160960543,0.0,2,62,0.03225806451612903,0.34506810131714055,0.18902982360749168,10,62,0.16129032258064516,0.2311562820492114,0.4636861658881475,0.35651810956152424,0.12903225806451613,0.8064516129032258,1.0,0.4642690874486133,0.6367935877389256,0.6014911215937981,0.0,0.16038876321921086,0.16448755935994175,0.16448755935994175,0.07636648908068977,indeterminate
133,portable_alpha_0.50,portable,33,0.5,none,0.0,683,62,portable/indeterminate,0.7635913324989019,0.0011422636467100034,668.4895686720226,86.24342837328369,62.12885003799421,0.6410567976669908,0.6503942215562124,0.6070728023885572,0.5941592220751651,0.5858693473784501,0.04689757559182561,0.3639846743295019,0.3324729922094375,0.8116815558496697,0.6360153256704981,0,62,0,62,0.5795071850291579,0.5681490157392782,0.7386129211866345,0.9582603152587077,0.0,7,62,0.11290322580645161,0.2808444601428315,0.1822266260887052,10,62,0.16129032258064516,0.2262830248894235,0.5311436673198519,0.4339567307351394,0.45161290322580644,0.8064516129032258,1.0,0.5702578293140851,0.6860822521660138,0.5795071850291579,0.0,0.19165206305174154,0.2439426341834714,0.2439426341834714,0.13911019704662633,indeterminate
134,portable_alpha_0.50,portable,34,0.5,none,0.0,683,62,portable/indeterminate,0.7620136418719345,0.0006539983591119364,1165.1613972039195,89.9215092055399,61.97590414010886,0.6085960283293987,0.6444987150637977,0.5991745938064158,0.5472821293773279,0.538911980679801,0.061313898952070844,0.25326797385620914,0.5646053533936853,0.9054357412453442,0.7467320261437909,0,62,0,62,0.6616674873431906,0.6385721320084491,0.7541039232147684,0.9991278800615545,0.0,5,62,0.08064516129032258,0.23054193661186018,0.1405283320552043,10,62,0.16129032258064516,0.20528277840274717,0.46603868579635904,0.30751302208956255,0.3225806451612903,0.8064516129032258,0.9221677464474407,0.49536290339724975,0.7723593810684407,0.6616674873431905,0.0,0.1998255760123109,0.28312101389968325,0.28312101389968325,0.1402476474581202,indeterminate
135,portable_alpha_0.50,portable,35,0.5,none,0.0,683,62,portable/indeterminate,0.7505619951210477,0.0006824410261384967,1099.819568832203,81.74252245007389,60.49283730956924,0.6017046243577281,0.6279735328891024,0.5771073462019165,0.5017757614397912,0.5290416866333328,0.0999288629179369,0.18575718575718572,0.9825400127968099,0.9964484771204176,0.8142428142428143,0,62,0,62,0.7423436503149125,0.7077231288413535,0.7525803482841664,0.9082502494452654,0.0,2,62,0.03225806451612903,0.3004397304192863,0.14357894250847128,10,62,0.16129032258064516,0.21405383746700515,0.45100914482464344,0.0595946547903617,0.12903225806451613,0.8064516129032258,1.0,0.428238231439745,0.8402215461340121,0.7423436503149123,0.0,0.1816500498890531,0.22692576198622455,0.22692576198622455,0.09717828698109732,indeterminate
136,portable_alpha_0.50,portable,36,0.5,none,0.0,683,62,portable/indeterminate,0.7567495870820057,0.0006305699335728351,1200.1041387974708,87.58162050473088,61.53717958122872,0.5883731426190807,0.5930123677552359,0.5688836619913902,0.533463560037708,0.5558584682625963,0.054909582581372685,0.21286393345216878,0.6213378969451419,0.933072879924584,0.7871360665478312,0,62,0,62,0.6782587879180516,0.6527932467869013,0.75487676737152,0.973129116719232,0.0,3,62,0.04838709677419355,0.2599282657168285,0.13702628525010987,10,62,0.16129032258064516,0.21435465078672494,0.42041204221354245,0.25870276395009006,0.1935483870967742,0.8064516129032258,1.0,0.4457537168566189,0.7776085284042471,0.6782587879180515,0.0,0.1946258233438464,0.2682250032592587,0.2682250032592587,0.11956229215669328,indeterminate
137,portable_alpha_0.50,portable,37,0.5,none,0.0,683,62,portable/indeterminate,0.755047830313369,0.0007643302802696568,987.8554465315532,76.4261420905705,61.397524428854396,0.5840681849743091,0.6104289754222499,0.5816813636994862,0.5536055980342208,0.5472819183196913,0.0304625869400883,0.16656763715587244,0.3623557110147856,0.8927888039315584,0.8334323628441276,0,62,0,62,0.6145752773955712,0.5982073806247753,0.7496954300210606,0.8491793565618944,0.0,1,62,0.016129032258064516,0.39947209850160936,0.1480389426346757,10,62,0.16129032258064516,0.21253299024824007,0.41004435119706045,0.32743120814675203,0.06451612903225806,0.8064516129032258,1.0,0.4216362641551409,0.6439610762411,0.614575277395571,0.0,0.16983587131237887,0.1929975944755735,0.1929975944755735,0.08137478472560966,indeterminate
138,portable_alpha_0.50,portable,38,0.5,none,0.0,683,62,portable/indeterminate,0.7599865211998779,0.0005970131751484878,1272.981154914807,73.03718558305803,61.4624468414863,0.5715265240938758,0.6164884783172249,0.5556736911540063,0.527379557648846,0.5614593290962476,0.0441469664450298,0.2151003118745054,0.6172111255831276,0.9452408847023079,0.7848996881254946,0,62,0,62,0.6525467160325312,0.6307543280278839,0.7564043135280573,0.8115242842562004,0.0,0,62,0.0,0.0,0.13814761486854907,10,62,0.16129032258064516,0.21672007173603133,0.3782235426143535,0.23400665652432212,0.0,0.8064516129032258,0.0,0.3334801788950928,0.7105392873976298,0.6525467160325313,0.0,0.16230485685124008,0.16926297146968747,0.16926297146968747,0.05644584600602636,indeterminate
139,portable_alpha_0.50,portable,39,0.5,none,0.0,683,62,portable/indeterminate,0.7561536755587601,0.001006093665643336,751.5738358965272,72.78881692895045,61.015878913818476,0.6193410637411471,0.6275412161618497,0.6165983891126232,0.5375268779434169,0.5487878283347375,0.08181418579773014,0.25326797385620914,0.6855493258815474,0.9249462441131662,0.7467320261437909,0,62,0,62,0.6513384730378995,0.6297186911753424,0.7420386095449981,0.808764632543894,0.0,4,62,0.06451612903225806,0.3480037582705574,0.1708600434876161,10,62,0.16129032258064516,0.21322445475572355,0.4885510490033709,0.2739594055454819,0.25806451612903225,0.8064516129032258,1.0,0.49425211021752397,0.7302076767867504,0.6513384730378994,0.0,0.16175292650877882,0.16527937413426924,0.16527937413426924,0.08168967944129422,indeterminate
140,portable_alpha_0.50,portable,40,0.5,none,0.0,683,62,portable/indeterminate,0.7593964394694105,0.0010871111439064512,698.5453545628989,83.51942785656779,61.83711264892763,0.6654544507707263,0.6551349140617331,0.632754999305652,0.5850388226864738,0.5870537031439151,0.08041562808425251,0.24476289993531375,0.4860287995255331,0.8299223546270524,0.7552371000646863,2,62,0,62,0.6285582472317189,0.6101927833414733,0.7399095218061597,0.9279936428507531,0.03225806451612903,6,62,0.0967741935483871,0.3319433465217533,0.18373361818242706,10,62,0.16129032258064516,0.211490365071063,0.5752468179324877,0.4124047106580471,0.3870967741935484,0.8064516129032258,1.0,0.5772509768062422,0.7528157343903632,0.6285582472317188,0.03225806451612903,0.21140518018305388,0.44950950622110436,0.44950950622110436,0.2594798015498241,indeterminate
141,portable_alpha_0.50,portable,41,0.5,none,0.0,683,62,portable/indeterminate,0.7615210299649262,0.0009814755583033266,775.8940337560366,89.43141532597421,62.346860774467295,0.6469847937786418,0.6787907521806933,0.6218407165671435,0.5647528218693952,0.5664936333934584,0.08223197190924658,0.28047718564959945,0.5594590419542814,0.8704943562612095,0.7195228143504006,3,62,0,62,0.6557500332359895,0.633500028487991,0.7429544975650273,0.9936823925108246,0.04838709677419355,5,62,0.08064516129032258,0.3022756398369415,0.17445047780128242,10,62,0.16129032258064516,0.20247669515140843,0.5421896232475163,0.35986892577546964,0.3225806451612903,0.8064516129032258,1.0,0.542565575169047,0.8097404765737821,0.6557500332359893,0.04838709677419355,0.23744615592151974,0.624411159312095,0.624411159312095,0.33878399979413826,indeterminate
142,portable_alpha_0.50,portable,42,0.5,none,0.0,683,62,portable/indeterminate,0.7591538427297739,0.0005398200817472382,1406.3090062759745,85.92891128755619,61.68765685693644,0.5949086932370504,0.6205957238822373,0.5681806346340785,0.5134594852124382,0.536804120835076,0.0814492080246122,0.27688172043010756,0.85818490642558,0.9730810295751235,0.7231182795698925,0,62,0,62,0.7113487485843745,0.6811560702151781,0.7589425949628048,0.9547656809728465,0.0,2,62,0.03225806451612903,0.2659994047722043,0.11965562822303641,10,62,0.16129032258064516,0.20050537465407323,0.4356803719174194,0.16407001683694816,0.12903225806451613,0.8064516129032258,1.0,0.4310213811907916,0.8279793790144095,0.7113487485843746,0.0,0.19095313619456933,0.24947173798717687,0.24947173798717687,0.10752765307530024,indeterminate
143,portable_alpha_0.50,portable,43,0.5,none,0.0,683,62,portable/indeterminate,0.7581954227618886,0.001047568295760821,723.767057317472,67.4402362026497,61.277431258833936,0.6424454936814331,0.6407189663413232,0.6083573462019165,0.5885452646067554,0.5916065652538994,0.05390022907467773,0.32088122605363983,0.37839195668218806,0.8229094707864892,0.6791187739463602,0,62,0,62,0.5617836866422491,0.5529574456933564,0.7409459606312379,0.7493359578072188,0.0,7,62,0.11290322580645161,0.2777855280595628,0.18167480441327505,11,62,0.1774193548387097,0.22564711023485237,0.5337518031471802,0.4208212556579227,0.45161290322580644,0.8870967741935484,1.0,0.582345123913576,0.5992167023290295,0.561783686642249,0.0,0.14986719156144376,0.13378081496311242,0.13378081496311242,0.07790660526695288,indeterminate
144,portable_alpha_0.50,portable,44,0.5,none,0.0,683,62,portable/indeterminate,0.7616394505320483,0.0005722717450227782,1330.9052161953805,80.41252842042175,61.81063357811517,0.6018782113595333,0.6071651672580041,0.5840117691987223,0.5323599925378554,0.53755630529249,0.06951821882167797,0.23287935864000775,0.6823659141044857,0.9352800149242892,0.7671206413599923,4,62,0,62,0.6833833397180037,0.6571857197582889,0.7575448008823111,0.8934725380046861,0.06451612903225806,1,62,0.016129032258064516,0.35450514799099153,0.1309321653050888,10,62,0.16129032258064516,0.2164276956378648,0.45139386650581187,0.2544012285263394,0.06451612903225806,0.8064516129032258,1.0,0.43500802384747533,0.8177559691931146,0.6833833397180037,0.06451612903225806,0.23030741082674366,0.6588480200961876,0.6588480200961876,0.2866041752378643,indeterminate
145,portable_alpha_0.50,portable,45,0.5,none,0.0,683,62,portable/indeterminate,0.7636469694405904,0.0012722151866251432,600.2498456777172,83.24381971939692,62.416257656098786,0.6594223024579919,0.6720721420616873,0.6205561727537843,0.5594729202331074,0.5806973963480827,0.09994938222488459,0.25326797385620914,0.6269473008722943,0.8810541595337853,0.7467320261437909,0,62,0,62,0.652508066093969,0.6307211995091163,0.7353835797984228,0.9249313302155214,0.0,6,62,0.0967741935483871,0.2907973787672453,0.19720681677334845,12,62,0.1935483870967742,0.1815920159111487,0.564663266837842,0.34488525695688227,0.3870967741935484,0.9677419354838709,1.0,0.5894008042758996,0.7607219186820322,0.652508066093969,0.0,0.1849862660431043,0.23180704519146575,0.23180704519146575,0.13662725887266972,indeterminate
146,portable_alpha_0.50,portable,46,0.5,none,0.0,683,62,portable/indeterminate,0.7565047258438264,0.001043284006405146,725.1186840777156,82.81578257511337,61.42212588647196,0.6700024302180252,0.6724387428936085,0.6670210734620192,0.5798776289396174,0.5918213476416726,0.09012480127840783,0.22875816993464052,0.5301383113336928,0.8402447421207653,0.7712418300653595,1,62,0,62,0.6364882548897847,0.6169899327626727,0.741000251615122,0.9201753619457042,0.016129032258064516,3,62,0.04838709677419355,0.40960444195345647,0.17163720307232208,10,62,0.16129032258064516,0.21164650416387912,0.5830993572591642,0.3996939552698223,0.1935483870967742,0.8064516129032258,1.0,0.5411964935114031,0.7468146966124924,0.6364882548897848,0.016129032258064516,0.19693829819559247,0.3288635091127244,0.3288635091127244,0.17797977797566178,indeterminate
147,portable_alpha_0.50,portable,47,0.5,none,0.0,683,62,portable/indeterminate,0.7516900906616468,0.0009363616836041652,802.7774991478764,66.94139635210436,60.916549366825265,0.611651159561172,0.623298507767893,0.5843372448271074,0.5910484992054923,0.6168184066991984,0.020602660355679703,0.20023767082590613,0.18452706122045973,0.8179030015890154,0.7997623291740938,1,62,0,62,0.5510069464852766,0.5437202398445228,0.7439269618688663,0.7437932928011596,0.016129032258064516,3,62,0.04838709677419355,0.30859545219687146,0.17279728577051398,10,62,0.16129032258064516,0.2012477341539237,0.47254874787935264,0.4267282489020203,0.1935483870967742,0.8064516129032258,1.0,0.48862461818471703,0.5444870290494731,0.5510069464852765,0.016129032258064516,0.16166188436668355,0.2076487867902364,0.2076487867902364,0.10146230916189898,indeterminate
148,portable_alpha_0.50,portable,48,0.5,none,0.0,683,62,portable/indeterminate,0.7584555730136064,0.0006202140848831304,1222.8931775332474,84.34420458072591,61.61205642650638,0.5895188168309956,0.6082787667080484,0.547775482571865,0.5020781020220646,0.5232033905338671,0.08744071480893101,0.30825496342737724,0.9767858636247629,0.9958437959558708,0.6917450365726228,0,62,0,62,0.7261497968172087,0.6938426829861789,0.7553662560752638,0.9371578286747324,0.0,0,62,0.0,0.0,0.13466694415873876,10,62,0.16129032258064516,0.2137003337753492,0.423128389099563,0.06446862837170647,0.0,0.8064516129032258,0.0,0.338978799322436,0.8472661359743519,0.7261497968172087,0.0,0.1874315657349465,0.2349488008490224,0.2349488008490224,0.07964266241404774,indeterminate
149,portable_alpha_0.50,portable,49,0.5,none,0.0,683,62,portable/indeterminate,0.7559100154329781,0.0007628354430911414,990.9214658011953,76.09960067109779,61.26010707727148,0.6141594917372588,0.6349903953263312,0.5978379738925149,0.5366188571265502,0.565178569008559,0.07754063461070859,0.25081459758879115,0.6792307273859495,0.9267622857468996,0.7491854024112088,1,62,0,62,0.6611063671414328,0.6380911718355138,0.7497796364787216,0.8455511185677532,0.016129032258064516,4,62,0.06451612903225806,0.28504216982287134,0.15219482696391395,10,62,0.16129032258064516,0.22091239504701016,0.477827357394402,0.2706246741394813,0.25806451612903225,0.8064516129032258,1.0,0.4885567912724395,0.759009396272578,0.6611063671414329,0.016129032258064516,0.18201344952000229,0.2699793334623352,0.2699793334623352,0.13190023686623045,indeterminate
150,portable_alpha_0.50,portable,50,0.5,none,0.0,683,62,portable/indeterminate,0.7662006500204899,0.0007751155708689646,988.4985914571677,81.10804086808704,62.09385021221241,0.6173968893209276,0.6133877497530761,0.6001163032912096,0.5714758382258138,0.5676506255374999,0.045921051095113796,0.21286393345216878,0.39116071440001715,0.8570483235483723,0.7871360665478312,2,62,0,62,0.6197527905082334,0.6026452490070573,0.7497131199471947,0.901200454089856,0.03225806451612903,2,62,0.03225806451612903,0.3276374776003047,0.15531070028215024,10,62,0.16129032258064516,0.22752161959900108,0.48455523796761835,0.3780895085183238,0.12903225806451613,0.8064516129032258,1.0,0.47686076338402866,0.7134585727692979,0.6197527905082334,0.03225806451612903,0.20604654243087445,0.42940209637894156,0.42940209637894156,0.20476501147796433,indeterminate
151,portable_alpha_1.00,portable,1,1.0,none,0.0,683,62,portable/indeterminate,0.7561608644851936,0.0027314477482901778,276.8351929699305,78.03439498810074,61.5427259828276,0.7883019719483405,0.7981208188586889,0.7269693445354812,0.6449061064086096,0.6392594128653575,0.14339586553973094,0.26859364435429345,0.49738080031386456,0.7101877871827809,0.7314063556457066,0,62,0,62,0.5859409654300393,0.5736636846543194,0.7096220162367644,0.8670488332011194,0.0,10,62,0.16129032258064516,0.43149893633657765,0.28850824744228076,10,62,0.16129032258064516,0.4353489659651847,0.7593444171762119,0.5383420964565367,0.6451612903225806,0.8064516129032258,1.0,0.7335064182337597,0.6975661393343175,0.5859409654300393,0.0,0.1734097666402239,0.1953626208422048,0.1953626208422048,0.1432997362707257,portable
152,portable_alpha_1.00,portable,2,1.0,none,0.0,683,62,portable/indeterminate,0.7521300925291102,0.0025528851483679255,294.61963575210245,82.33794858411648,61.35015538998885,0.7513713373142619,0.7520193688453514,0.6963355783918901,0.6282943109757112,0.6208499937874297,0.12307702633855067,0.22630479366722253,0.48962235572897095,0.7434113780485776,0.7736952063327774,0,62,0,62,0.6055785805801355,0.5904959262115447,0.7118764479914149,0.9148660953790719,0.0,10,62,0.16129032258064516,0.4446719453849338,0.27401212008679954,10,62,0.16129032258064516,0.41805188199286847,0.7090434927622732,0.5065457747839008,0.6451612903225806,0.8064516129032258,1.0,0.7051763238595267,0.7164257923848042,0.6055785805801355,0.0,0.1829732190758144,0.22767124870461924,0.22767124870461924,0.16054837421003143,portable
153,portable_alpha_1.00,portable,3,1.0,none,0.0,683,62,portable/indeterminate,0.7602821326333971,0.0023012677174846403,330.37535218388666,72.93349139119324,61.50173411794804,0.7539230662408,0.7576878041013901,0.7019207401749756,0.5803970211412389,0.6017647708502317,0.17352604509956104,0.27688172043010756,0.683380394182083,0.8392059577175222,0.7231182795698925,2,62,0,62,0.6340449589811554,0.6148956791267047,0.7159349313324919,0.8103721265688139,0.03225806451612903,10,62,0.16129032258064516,0.4285454776509131,0.257157143408281,10,62,0.16129032258064516,0.4370724688858494,0.7126332384064049,0.40099132444789604,0.6451612903225806,0.8064516129032258,1.0,0.6964157516479921,0.7613233841764393,0.6340449589811554,0.03225806451612903,0.18788087692666602,0.3441401289567726,0.3441401289567726,0.2396646065796677,indeterminate
154,portable_alpha_1.00,portable,4,1.0,none,0.0,683,62,portable/indeterminate,0.7566519764004981,0.0027169400486599018,278.494174640956,77.60735327551984,61.56917450043318,0.774510484654909,0.7567255127265797,0.7216922996805999,0.633880617286246,0.6217716398618007,0.140629867368663,0.24064171122994651,0.5122932464508625,0.732238765427508,0.7593582887700535,0,62,0,62,0.5960056811186533,0.5822905838159885,0.709839860779942,0.8623039252835538,0.0,10,62,0.16129032258064516,0.4439270767593243,0.2793698446406923,10,62,0.16129032258064516,0.43838039781626925,0.7409594923542163,0.5174565050054855,0.6451612903225806,0.8064516129032258,1.0,0.7222253966776567,0.7001767218736215,0.5960056811186533,0.0,0.17246078505671078,0.19479825908833265,0.19479825908833265,0.140688249942188,portable
155,portable_alpha_1.00,portable,5,1.0,none,0.0,683,62,portable/indeterminate,0.7634696361662734,0.0029413241033883286,259.5666473092089,80.43752467790993,61.5788036965371,0.7941692126093598,0.7860533695306053,0.7309271281766421,0.6342814190300468,0.6395976098363899,0.15988779357931304,0.22772657450076805,0.5435232061202647,0.7314371619399065,0.772273425499232,3,62,0,62,0.6161040268490275,0.5995177372991665,0.7072529965615695,0.8937502741989992,0.04838709677419355,10,62,0.16129032258064516,0.4711924789912545,0.2854446320091518,10,62,0.16129032258064516,0.42797615024475555,0.7670322191529634,0.5182304873896301,0.6451612903225806,0.8064516129032258,1.0,0.7353391583154447,0.7701690266430701,0.6161040268490275,0.04838709677419355,0.21745973225915471,0.5427864184444423,0.5427864184444423,0.39913210808399097,cohort-conditioned
156,portable_alpha_1.00,portable,6,1.0,none,0.0,683,62,portable/indeterminate,0.7514094349270242,0.002178603596652779,344.9041560757058,74.87883534811246,60.97937951941852,0.7414508401610886,0.7451828519725452,0.6917442021941398,0.601386298468,0.6134454082358027,0.14006454169308868,0.22630479366722253,0.5800954827891338,0.7972274030640001,0.7736952063327774,1,62,0,62,0.619427492772696,0.6023664223765967,0.7174307727687286,0.8319870594234717,0.016129032258064516,10,62,0.16129032258064516,0.39266799523614104,0.25208859068880085,11,62,0.1774193548387097,0.41623358736688226,0.6949112751439405,0.45030278362008813,0.6451612903225806,0.8870967741935484,1.0,0.7045826901275275,0.724678826889202,0.619427492772696,0.016129032258064516,0.179300637691146,0.2626995872246995,0.2626995872246995,0.18509358186216981,portable
157,portable_alpha_1.00,portable,7,1.0,none,0.0,683,62,portable/indeterminate,0.7595951167602278,0.0027704550455991636,274.17702300090957,74.05319862357003,61.92259765610852,0.7957401749756977,0.7796126109319522,0.7621944868768227,0.6458125565585596,0.6462379643753178,0.1499276184171381,0.23893105629348513,0.5069572249676876,0.7083748868828807,0.7610689437065149,0,62,0,62,0.5847473202800832,0.5726405602400713,0.7092695480837493,0.822813318039667,0.0,11,62,0.1774193548387097,0.4279173351031228,0.28610791527870993,41,62,0.6612903225806451,0.0479563229142162,0.7690775968336325,0.540023252385598,0.7096774193548387,1.0,1.0,0.7804766075263438,0.6802948588872563,0.5847473202800832,0.0,0.1645626636079334,0.17342815987137378,0.17342815987137378,0.13535662186594621,portable
158,portable_alpha_1.00,portable,8,1.0,none,0.0,683,62,portable/indeterminate,0.753299068580372,0.003162130107009708,238.2251972840975,71.38216392935067,61.20368298707576,0.7865313845299263,0.7768738374111179,0.739168171087349,0.6494101344617809,0.6471817461636531,0.13712125006814546,0.30654430849091585,0.4785557794763109,0.7011797310764383,0.6934556915090841,1,62,0,62,0.5644154885923881,0.5552132759363327,0.7040375424638681,0.793135154770563,0.016129032258064516,10,62,0.16129032258064516,0.4769123739152716,0.2924864555876431,10,62,0.16129032258064516,0.4374441422077988,0.7570090944366868,0.5466445544625518,0.6451612903225806,0.8064516129032258,1.0,0.7331690026645986,0.6748708190503954,0.5644154885923881,0.016129032258064516,0.17153025676056421,0.22935089120686988,0.22935089120686988,0.16815296416637765,portable
159,portable_alpha_1.00,portable,9,1.0,none,0.0,683,62,portable/indeterminate,0.7605719331261327,0.0028150415858403193,270.18142003720845,78.19254719698071,61.839478215921,0.7786418552978753,0.7908399082954799,0.7088251631717817,0.600114714067085,0.6309859295712527,0.17852714123079028,0.25,0.6407046817856569,0.7997705718658299,0.75,0,62,0,62,0.6280021617567134,0.6097161386486114,0.7087316369223413,0.8688060799664523,0.0,10,62,0.16129032258064516,0.4528733482774441,0.28490586656203065,10,62,0.16129032258064516,0.43490856038225023,0.7465143740047814,0.4474700304312794,0.6451612903225806,0.8064516129032258,1.0,0.7180041900455186,0.7420793798813387,0.6280021617567134,0.0,0.17376121599329047,0.19779958866261294,0.19779958866261294,0.14202093344903616,portable
160,portable_alpha_1.00,portable,10,1.0,none,0.0,683,62,portable/indeterminate,0.7590573883945472,0.0028470755609247655,266.609498817796,78.01297441900675,61.60460025252901,0.798890779058464,0.803520535473847,0.7407955492292737,0.6470731129317929,0.6501454209456027,0.15181766612667102,0.22474747474747478,0.5079369347054197,0.7058537741364141,0.7752525252525252,0,62,0,62,0.594016058294192,0.5805851928235931,0.7082422887929408,0.8668108268778528,0.0,10,62,0.16129032258064516,0.45187662334061945,0.27550606972741987,10,62,0.16129032258064516,0.42835022597244365,0.7731633450422543,0.542352492262722,0.6451612903225806,0.8064516129032258,1.0,0.7408169217473993,0.7008244425145223,0.5940160582941921,0.0,0.1733621653755706,0.19860430580350708,0.19860430580350708,0.14712943047113328,portable
161,portable_alpha_1.00,portable,11,1.0,none,0.0,683,62,portable/indeterminate,0.7597298555184409,0.0028809954100504093,263.7039451253925,73.7349694405735,62.10027366145692,0.8110505485349256,0.8134490788613289,0.7565746076933759,0.6457160535963254,0.6400983713620603,0.1653344949386002,0.23737373737373738,0.531535776796857,0.7085678928073491,0.7626262626262627,0,62,1,62,0.5909957595006278,0.5779963652862524,0.7078381542866394,0.8192774382285943,0.016129032258064516,12,62,0.1935483870967742,0.4042303080892272,0.28859204624024076,10,62,0.16129032258064516,0.43826348927584113,0.7887338569313804,0.5398445213139158,0.7741935483870968,0.8064516129032258,1.0,0.774157832209985,0.7040874008687781,0.5909957595006279,0.016129032258064516,0.1767587134521705,0.25284947168773275,0.25284947168773275,0.19574539887721518,portable
162,portable_alpha_1.00,portable,12,1.0,none,0.0,683,62,portable/indeterminate,0.7572354286032499,0.0029082986966084833,260.3705834914072,77.86301175939705,61.46733644188495,0.7886838633523121,0.7989261590211614,0.7094934731287321,0.5853608117571618,0.589267297152956,0.2033230515951503,0.2785923753665689,0.7043104149781078,0.8292783764856764,0.7214076246334311,1,62,0,62,0.6406062721227876,0.6205196618195323,0.7073676092770348,0.8651445751044117,0.016129032258064516,10,62,0.16129032258064516,0.47206900387649003,0.2906622915472655,13,62,0.20967741935483872,0.38608448064884243,0.7598471732556648,0.41318473291534336,0.6451612903225806,1.0,1.0,0.7502743179838829,0.7733656066473917,0.6406062721227876,0.016129032258064516,0.18593214082733397,0.2814674122743189,0.2814674122743189,0.21117777077880298,portable
163,portable_alpha_1.00,portable,13,1.0,none,0.0,683,62,portable/indeterminate,0.7631464331327859,0.00288619165116966,264.412944588594,81.57772638819577,62.21676715991655,0.7951065824191084,0.788498740453703,0.7407955492292737,0.6227833037873145,0.600399221905442,0.17232327863179386,0.2912186379928315,0.5839357333855113,0.754433392425371,0.7087813620071686,1,62,0,62,0.612939330442208,0.5968051403790354,0.7079372804860687,0.9064191820910641,0.016129032258064516,9,62,0.14516129032258066,0.47196472177150417,0.2790534124307657,10,62,0.16129032258064516,0.43561748078788043,0.768253320746625,0.49554677637396555,0.5806451612903226,0.8064516129032258,1.0,0.7207781122042575,0.7565164326648085,0.612939330442208,0.016129032258064516,0.19418706222466445,0.3113863544889927,0.3113863544889927,0.22444046875474188,portable
164,portable_alpha_1.00,portable,14,1.0,none,0.0,683,62,portable/indeterminate,0.7569805868124951,0.0026444859499762,286.2486703018059,83.44971971827698,61.579923500565215,0.762498264129982,0.7576790366994399,0.7193792528815443,0.6002236823463986,0.6182138702741268,0.16227458178358345,0.18835412953060013,0.618192970995151,0.7995526353072029,0.8116458704693998,1,62,0,62,0.6472627823143683,0.6262252419837443,0.710837076875536,0.9272191079808554,0.016129032258064516,9,62,0.14516129032258066,0.48411982450560753,0.26888416204527393,10,62,0.16129032258064516,0.41123973107180006,0.7245664415772815,0.44771348504685127,0.5806451612903226,0.8064516129032258,1.0,0.6941513434868744,0.7738782072999616,0.6472627823143682,0.016129032258064516,0.1983470474026227,0.3389218914082313,0.3389218914082313,0.2352630862581363,indeterminate
165,portable_alpha_1.00,portable,15,1.0,none,0.0,683,62,portable/indeterminate,0.7629139467964562,0.0024016045798684856,317.6684260146748,77.50765851971939,62.067223376877465,0.7561189418136369,0.7673839760078103,0.6950163171781698,0.5991923896025023,0.6052480502276175,0.1569265522111346,0.2032167705791994,0.6127096695773523,0.8016152207949954,0.7967832294208006,0,62,0,62,0.6311437257284837,0.6124089077672716,0.7145580288030938,0.8611962057746598,0.0,9,62,0.14516129032258066,0.36492980285886034,0.24487441344821886,10,62,0.16129032258064516,0.4374533968541949,0.7157079597344673,0.44540406285192846,0.5806451612903226,0.8064516129032258,1.0,0.6894911603459749,0.7306645785481978,0.6311437257284835,0.0,0.17223924115493197,0.19703708154810512,0.19703708154810512,0.1358553259877875,portable
166,portable_alpha_1.00,portable,16,1.0,none,0.0,683,62,portable/indeterminate,0.7529224952355317,0.0024557921427263056,306.5904813913413,86.42593566145753,61.24258999175578,0.787729134842383,0.7807137137788199,0.7411210248576586,0.5953132657390982,0.611817387875453,0.1924158691032849,0.25326797385620914,0.6687396088987985,0.8093734685218037,0.7467320261437909,1,62,0,62,0.6524271389910837,0.630651833420929,0.7133005241078503,0.9602881740161948,0.016129032258064516,11,62,0.1774193548387097,0.4055766915680825,0.2616287501246933,10,62,0.16129032258064516,0.4064690863423006,0.758589658303332,0.4366079837545304,0.7096774193548387,0.8064516129032258,1.0,0.7358588533335707,0.7986835739746523,0.6524271389910837,0.016129032258064516,0.2049608606096906,0.3589824436944032,0.3589824436944032,0.26416040938384666,indeterminate
167,portable_alpha_1.00,portable,17,1.0,none,0.0,683,62,portable/indeterminate,0.7558434693220528,0.0028702702751325524,263.3352948920976,80.3480822913933,60.8961684547299,0.7600420080544368,0.7483960800433962,0.6897219136231079,0.621451974704416,0.6337117241801674,0.13859003335002074,0.18977591036414565,0.5329524809737991,0.7570960505911679,0.8102240896358543,1,62,0,62,0.6194907674192052,0.6024206577878901,0.7077864811519751,0.89275646990437,0.016129032258064516,10,62,0.16129032258064516,0.44245135245286077,0.2823428517866109,10,62,0.16129032258064516,0.42709124556785527,0.7211685074300414,0.49285286791174515,0.6451612903225806,0.8064516129032258,1.0,0.7098695405061952,0.7363336857661549,0.6194907674192051,0.016129032258064516,0.1914545197873256,0.311356065967768,0.311356065967768,0.22102218748235608,portable
168,portable_alpha_1.00,portable,18,1.0,none,0.0,683,62,portable/indeterminate,0.7623744589830228,0.0023846308328502063,319.70334715155985,80.62080579397045,61.8479335918135,0.7638522427440633,0.7762866919298186,0.7167233717539231,0.6188266913817723,0.5930215349101392,0.145025551362291,0.25252525252525254,0.549646839663083,0.7623466172364555,0.7474747474747474,0,62,0,62,0.6116730044413817,0.5957197180926129,0.7147830912298889,0.8957867310441161,0.0,10,62,0.16129032258064516,0.4264027685723968,0.2643798794448033,10,62,0.16129032258064516,0.43893372993382684,0.7264327122921479,0.48749705923579123,0.6451612903225806,0.8064516129032258,1.0,0.7119660620696532,0.7264675763884747,0.6116730044413818,0.0,0.17915734620882323,0.21358022243366578,0.21358022243366578,0.15206186990205764,portable
169,portable_alpha_1.00,portable,19,1.0,none,0.0,683,62,portable/indeterminate,0.7592121940747977,0.0027446734133291214,276.61294432619565,75.92548697862598,61.38097136502093,0.7721149840299958,0.7751374210736783,0.7220177753089849,0.6347313966474966,0.6463567701989287,0.13738358738249923,0.3343220862686936,0.504873290503382,0.7305372067050069,0.6656779137313065,0,62,0,62,0.5757162735836238,0.5648996630716775,0.7095927085773139,0.8436165219847331,0.0,10,62,0.16129032258064516,0.4444233881291081,0.270319893252073,10,62,0.16129032258064516,0.44045544623067145,0.7377194372252852,0.5190980574949141,0.6451612903225806,0.8064516129032258,1.0,0.720769524362134,0.6892689893765689,0.5757162735836238,0.0,0.16872330439694663,0.17762285563144414,0.17762285563144414,0.12802514116931998,portable
170,portable_alpha_1.00,portable,20,1.0,none,0.0,683,62,portable/indeterminate,0.7534158493782406,0.003004778341681554,250.73924386602474,78.45360998077882,61.14590932831211,0.7942646854603528,0.8150732907595851,0.7371805999166783,0.6491216451541382,0.6343807715777877,0.1451430403062146,0.23818833496252853,0.49323975141342674,0.7017567096917237,0.7618116650374714,0,62,0,62,0.58907991557622,0.5763542133510458,0.7059645897504891,0.8717067775642091,0.0,12,62,0.1935483870967742,0.37618361606394024,0.2890126131472927,11,62,0.1774193548387097,0.41842562415407714,0.7671566795125397,0.546116553776093,0.7741935483870968,0.8870967741935484,1.0,0.7760932209403308,0.698354258364848,0.58907991557622,0.0,0.17434135551284183,0.20039455132055622,0.20039455132055622,0.15552485279326292,portable
171,portable_alpha_1.00,portable,21,1.0,none,0.0,683,62,portable/indeterminate,0.7596761479911958,0.002146947453495852,353.8401215894795,79.49326577697626,61.65868268194893,0.7551815720038884,0.7785767891752022,0.6953244341063741,0.6031321532819062,0.6163566794221477,0.1520494187219822,0.28104575163398693,0.5958479584868508,0.7937356934361877,0.7189542483660131,0,62,0,62,0.6183514773858168,0.6014441234735572,0.7183124553927798,0.8832585086330695,0.0,9,62,0.14516129032258066,0.42915633815840226,0.24155338779276256,10,62,0.16129032258064516,0.41870035986976323,0.7143970492714655,0.45416330384985126,0.5806451612903226,0.8064516129032258,1.0,0.6897116292142663,0.7349486555676079,0.6183514773858168,0.0,0.17665170172661393,0.20378417074616778,0.20378417074616778,0.14055231241341762,portable
172,portable_alpha_1.00,portable,22,1.0,none,0.0,683,62,portable/indeterminate,0.7527554131130821,0.002028834296183506,371.02853324646094,80.04185869319528,60.74897617007877,0.7529683377308708,0.7478856748359715,0.703600194417442,0.5989777427970339,0.6008238879818186,0.15399059493383693,0.21442125237191653,0.6087346595037724,0.8020445144059323,0.7855787476280834,1,62,0,62,0.6369623502205513,0.6173963001890439,0.7199331620475075,0.8893539854799476,0.016129032258064516,10,62,0.16129032258064516,0.3323982224755416,0.24638251873319938,10,62,0.16129032258064516,0.4243539720088456,0.71129225741726,0.44492188707015495,0.6451612903225806,0.8064516129032258,1.0,0.7001383174156456,0.7566820606654856,0.6369623502205513,0.016129032258064516,0.19077402290244114,0.30616028882896973,0.30616028882896973,0.21435454948020294,portable
173,portable_alpha_1.00,portable,23,1.0,none,0.0,683,62,portable/indeterminate,0.7568807625417786,0.0027664162500116206,273.5961236992442,76.62821006664909,61.78715794058521,0.7812630190251354,0.791036698269423,0.728271247049021,0.6413669961255887,0.6379559286980745,0.13989602289954672,0.29121863799283154,0.49738505753237594,0.7172660077488227,0.7087813620071685,1,62,0,62,0.5833629949698179,0.5714539956884153,0.7091919539763749,0.851424556296101,0.016129032258064516,11,62,0.1774193548387097,0.3838969808407606,0.2887348287126628,10,62,0.16129032258064516,0.437073369201286,0.7500173584993022,0.5317273664681716,0.7096774193548387,0.8064516129032258,1.0,0.7410846417029199,0.7076905207890314,0.5833629949698179,0.016129032258064516,0.18318813706567183,0.2702991033716807,0.2702991033716807,0.20031451417482252,portable
174,portable_alpha_1.00,portable,24,1.0,none,0.0,683,62,portable/indeterminate,0.7513984099252268,0.002763906623168218,271.8609969044149,80.51128931028022,61.33171932259549,0.8024145951951117,0.8216709961555052,0.7299333425913068,0.598597160284338,0.621386778919358,0.20381743491077375,0.3526272577996716,0.6739669253703675,0.8028056794313241,0.6473727422003284,2,62,0,62,0.6266553743093507,0.6085617494080149,0.7089589531126195,0.8945698812253358,0.03225806451612903,12,62,0.1935483870967742,0.4128180402044459,0.2738261949292643,10,62,0.16129032258064516,0.43816172620005167,0.7777076509783245,0.44406567145938663,0.7741935483870968,0.8064516129032258,1.0,0.7590668442480042,0.7903008760972976,0.6266553743093507,0.03225806451612903,0.2047204278579704,0.40699136742898323,0.40699136742898323,0.30893365291049824,indeterminate
175,portable_alpha_1.00,portable,25,1.0,none,0.0,683,62,portable/indeterminate,0.7523923333482496,0.002128222842818207,353.53080429863564,77.68305750130324,61.19903171102885,0.7304888209970837,0.7504865046226302,0.6913840091653938,0.598592686711464,0.5903548588423566,0.13189613428561964,0.21286393345216878,0.57224525560521,0.8028146265770719,0.7871360665478312,0,62,0,62,0.6239372386293159,0.6062319188251281,0.7182823996979691,0.8631450833478138,0.0,9,62,0.14516129032258066,0.3815468159701263,0.243110570363614,10,62,0.16129032258064516,0.43885203920453153,0.6789533430171526,0.44405559722058235,0.5806451612903226,0.8064516129032258,1.0,0.670979005424183,0.7192694167770338,0.623937238629316,0.0,0.17262901666956276,0.19741220824828298,0.19741220824828298,0.1324594471490246,portable
176,portable_alpha_1.00,portable,26,1.0,none,0.0,683,62,portable/indeterminate,0.7613141332562623,0.00298679537709106,254.89330105958967,72.76660379041176,61.90391743999688,0.7669681294264686,0.7651150749966396,0.7131257811415082,0.6304577433492549,0.6305540805685395,0.13651038607721377,0.29121863799283154,0.5113358900572924,0.7390845133014903,0.7087813620071685,3,62,0,62,0.587114087434632,0.5746692178011131,0.7065778425741832,0.808517819893464,0.04838709677419355,10,62,0.16129032258064516,0.49133534326391803,0.28535712405630065,10,62,0.16129032258064516,0.43966951113939157,0.7307094216259548,0.510798871081867,0.6451612903225806,0.8064516129032258,1.0,0.7164345979211642,0.7265481645248125,0.5871140874346319,0.04838709677419355,0.20041324139804767,0.4579768066500237,0.4579768066500237,0.3281104293295285,indeterminate
177,portable_alpha_1.00,portable,27,1.0,none,0.0,683,62,portable/indeterminate,0.7551067176497237,0.0032563475720771,231.88762898797992,68.17084293954404,61.54759159661861,0.8059036939313986,0.8130521392214685,0.749344709068185,0.5820970419052629,0.6126632402395454,0.2238066520261357,0.2912186379928315,0.7316245487258685,0.8358059161894742,0.7087813620071686,3,62,0,62,0.630844225351254,0.6121521931582176,0.7030126179714408,0.7574538104393783,0.04838709677419355,14,62,0.22580645161290322,0.376636035694238,0.30968588290833193,37,62,0.5967741935483871,0.04908996078971306,0.7821811732986145,0.40520869167692564,0.9032258064516129,1.0,1.0,0.8122566171073224,0.7687638675567806,0.630844225351254,0.04838709677419355,0.19020043950723053,0.4124869285453427,0.4124869285453427,0.3350452371812299,indeterminate
178,portable_alpha_1.00,portable,28,1.0,none,0.0,683,62,portable/indeterminate,0.7599568026431861,0.0023690420713725646,320.78653723649825,75.08152400416019,61.793653723231614,0.7573687682266352,0.7552546994255596,0.7098189487571172,0.6493554642985133,0.6272436495366612,0.10801330392812192,0.25081459758879115,0.4196830278684279,0.7012890714029734,0.7491854024112088,4,62,0,62,0.5806358255018917,0.5691164218587643,0.7149021666947025,0.8342391556017799,0.06451612903225806,9,62,0.14516129032258066,0.4467947836189974,0.25128054273373457,10,62,0.16129032258064516,0.4346877816810272,0.7174521143973794,0.5465445348706971,0.5806451612903226,0.8064516129032258,1.0,0.7004772848793078,0.7262323432663357,0.5806358255018917,0.06451612903225806,0.21846073434616242,0.6069705036730753,0.6069705036730753,0.4251690504147417,cohort-conditioned
179,portable_alpha_1.00,portable,29,1.0,none,0.0,683,62,portable/indeterminate,0.7579526553484042,0.0023547140680227696,321.88734319867956,80.56105941196283,61.57002046917442,0.7515015275656158,0.758963315841921,0.6959580266629635,0.602139966724997,0.634328506750319,0.1493615608406188,0.21286393345216878,0.5938793385724105,0.7957200665500059,0.7871360665478312,0,62,0,62,0.6311468369075822,0.6124115744922134,0.7150226674201028,0.8951228823551426,0.0,9,62,0.14516129032258066,0.4489223416348085,0.2538029629197342,10,62,0.16129032258064516,0.4388422347309318,0.7092270829087336,0.45197337692611284,0.5806451612903226,0.8064516129032258,1.0,0.6869076533405266,0.739314019480718,0.6311468369075821,0.0,0.17902457647102854,0.21643441410603967,0.21643441410603967,0.14867045549571148,portable
180,portable_alpha_1.00,portable,30,1.0,none,0.0,683,62,portable/indeterminate,0.7588944474462522,0.0031388684106134607,241.77325971366025,80.65024465152996,61.8984472754187,0.8094622274684071,0.8069313725074803,0.7355185043743925,0.6326184940379207,0.6272163086717395,0.17684373343048643,0.18977591036414565,0.5714549878257447,0.7347630119241586,0.8102240896358543,1,62,0,62,0.6222135840060632,0.6047545005766255,0.7045965529311136,0.896113829461444,0.016129032258064516,11,62,0.1774193548387097,0.4712449513916077,0.3067134569844544,10,62,0.16129032258064516,0.438138459085555,0.7867175191495447,0.5150116387770682,0.7096774193548387,0.8064516129032258,1.0,0.7577631492589308,0.7488694674445461,0.6222135840060632,0.016129032258064516,0.19212599169874042,0.31397291158033486,0.31397291158033486,0.23791710226111037,portable
181,portable_alpha_1.00,portable,31,1.0,none,0.0,683,62,portable/indeterminate,0.7609460730692936,0.0023464580663464987,324.2956198463449,75.3463905034439,62.080070229195485,0.7647201777530899,0.7673790242921656,0.7118238786279684,0.6121052521322813,0.6090388059683954,0.15261492562080858,0.26344086021505375,0.576514140010724,0.7757894957354374,0.7365591397849462,1,62,0,62,0.6095764063724122,0.5939226340334961,0.7152845137403687,0.8371821167049323,0.016129032258064516,10,62,0.16129032258064516,0.40818836294753424,0.25923903041110274,10,62,0.16129032258064516,0.4369226684789751,0.7276265219920036,0.4735087161442359,0.6451612903225806,0.8064516129032258,1.0,0.7111641326104254,0.7258230065096779,0.6095764063724122,0.016129032258064516,0.18033964914743808,0.2628455067839258,0.2628455067839258,0.1869262968425383,portable
182,portable_alpha_1.00,portable,32,1.0,none,0.0,683,62,portable/indeterminate,0.7593840831192296,0.002380638847202941,318.98331996532977,78.12080622703111,61.95583495967145,0.7831637966949034,0.7862837113680856,0.7427484029995834,0.6136470471327751,0.6385277400412505,0.16951674956212837,0.21286393345216878,0.598652622760159,0.7727059057344499,0.7871360665478312,2,62,0,62,0.6289108796707638,0.6104950397177975,0.7147036603878906,0.8680089580781234,0.03225806451612903,12,62,0.1935483870967742,0.38626079070911246,0.26423331430874286,10,62,0.16129032258064516,0.4374427413671316,0.7525474027526816,0.47675370398723715,0.7741935483870968,0.8064516129032258,1.0,0.7497555233879678,0.7605030456675143,0.6289108796707639,0.03225806451612903,0.19940824322852793,0.4001901159865034,0.4001901159865034,0.30004474986615237,indeterminate
183,portable_alpha_1.00,portable,33,1.0,none,0.0,683,62,portable/indeterminate,0.7613189322500215,0.0026492244498126163,287.37426619472376,77.74986133400836,61.761011972190275,0.7968858491876128,0.7864418602259442,0.7477173309262602,0.634767978877428,0.6159982918398322,0.16211787031018488,0.30654430849091585,0.5460612917516886,0.730464042245144,0.6934556915090841,1,62,0,62,0.593496071905916,0.5801394902050708,0.7109790255158668,0.8638873481556484,0.016129032258064516,10,62,0.16129032258064516,0.4643551765463174,0.2750110281990622,10,62,0.16129032258064516,0.4386481074103897,0.7705658300075509,0.5191685253892574,0.6451612903225806,0.8064516129032258,1.0,0.7371997675427012,0.7280579259188801,0.593496071905916,0.016129032258064516,0.1856806954375813,0.2778062802363934,0.2778062802363934,0.20479872521217174,portable
184,portable_alpha_1.00,portable,34,1.0,none,0.0,683,62,portable/indeterminate,0.7601291097823889,0.0027628198316594368,275.12800547903674,73.38341258217103,62.213310133358924,0.7819486876822663,0.7673722860529124,0.7332228162755172,0.6029405708782838,0.6256526129577068,0.17900811680398254,0.20098039215686278,0.6348960808276944,0.7941188582434324,0.7990196078431372,2,62,0,62,0.6308433328123056,0.6121514281248334,0.7093961345304294,0.8153712509130114,0.03225806451612903,10,62,0.16129032258064516,0.42974025180923203,0.27669797349819203,10,62,0.16129032258064516,0.4370855426267687,0.7509310057285773,0.4537412718241174,0.6451612903225806,0.8064516129032258,1.0,0.7208396300467005,0.7497337534029722,0.6308433328123055,0.03225806451612903,0.18888070179550553,0.35668166171867327,0.35668166171867327,0.2571102770777308,indeterminate
185,portable_alpha_1.00,portable,35,1.0,none,0.0,683,62,portable/indeterminate,0.7606010366304233,0.0030690810438754913,247.82696375784593,80.90740975832672,61.5547959643713,0.795714136925427,0.7948402110120498,0.735535863074573,0.6163563972493973,0.6002763160783898,0.17935773967602975,0.17714964773788303,0.6065240625315794,0.7672872055012054,0.822850352262117,1,62,0,62,0.6362148172623995,0.6167555576534853,0.7055270314844669,0.8989712195369636,0.016129032258064516,10,62,0.16129032258064516,0.47934812953670786,0.2773157347060019,10,62,0.16129032258064516,0.4223171570759693,0.7690437398814544,0.48240314519994015,0.6451612903225806,0.8064516129032258,1.0,0.7327621844607212,0.7598585372380318,0.6362148172623995,0.016129032258064516,0.19269746971384435,0.3175407201629962,0.3175407201629962,0.23268183176186769,portable
186,portable_alpha_1.00,portable,36,1.0,none,0.0,683,62,portable/indeterminate,0.7562933178055753,0.0023918782020599916,316.1922363581147,80.4909125485104,61.26023887790877,0.7434123732814887,0.7434143867113485,0.6808646368559922,0.6069527091798402,0.601209268741196,0.13645966410164845,0.25081459758879115,0.5606110415095571,0.7860945816403195,0.7491854024112088,0,62,0,62,0.6174380225007722,0.600661162143519,0.7143936366823206,0.8943434727612266,0.0,9,62,0.14516129032258066,0.4905193640041041,0.25245346368335536,10,62,0.16129032258064516,0.42582368029750545,0.6977282755937138,0.46249910092851043,0.5806451612903226,0.8064516129032258,1.0,0.6822108220832565,0.7291457251203469,0.6174380225007721,0.0,0.17886869455224533,0.21284189606183473,0.21284189606183473,0.1452030448861033,portable
187,portable_alpha_1.00,portable,37,1.0,none,0.0,683,62,portable/indeterminate,0.7485885012618946,0.002283428141985666,327.83536626246666,74.10629635219898,60.66178151914766,0.735340577697542,0.7231635764292115,0.6742683307873907,0.5801339812337281,0.57896893438393,0.15520659646381396,0.22474747474747478,0.6594978136889098,0.8397320375325439,0.7752525252525252,0,62,0,62,0.6355917823554874,0.616221527733275,0.7156650248567349,0.8234032928022109,0.0,8,62,0.12903225806451613,0.4645280468410621,0.2552474907691048,10,62,0.16129032258064516,0.4409261699746307,0.6860620638069737,0.4003348129596727,0.5161290322580645,0.8064516129032258,1.0,0.6572580615865509,0.7286254695849765,0.6355917823554874,0.0,0.1646806585604422,0.17472910315998916,0.17472910315998916,0.11484211164569096,indeterminate
188,portable_alpha_1.00,portable,38,1.0,none,0.0,683,62,portable/indeterminate,0.7505714753978326,0.0025175242986988896,298.138721356431,85.57596546566967,60.87892676975023,0.7628888348840439,0.7601627270633249,0.7068723094014719,0.6352828140645026,0.6198277515128084,0.1276060208195413,0.25081459758879115,0.4853991645397428,0.7294343718709948,0.7491854024112088,1,62,0,62,0.6072157489158417,0.5918992133564357,0.7123024616853767,0.950844060729663,0.016129032258064516,10,62,0.16129032258064516,0.4160281701427768,0.26575842861295007,10,62,0.16129032258064516,0.418570594077188,0.7251052818509102,0.5201592334362672,0.6451612903225806,0.8064516129032258,1.0,0.7145685642690819,0.746459667944344,0.6072157489158417,0.016129032258064516,0.20307203795238424,0.35141136927735356,0.35141136927735356,0.2511075176123507,indeterminate
189,portable_alpha_1.00,portable,39,1.0,none,0.0,683,62,portable/indeterminate,0.7603410754588198,0.002904431897571505,261.7865049941667,77.53142792037198,61.94206861510698,0.776541452576031,0.7672248105099773,0.7358439800027774,0.6314454449852955,0.6362339595104584,0.1450960075907355,0.19263475999718885,0.5246808615458598,0.7371091100294089,0.8073652400028112,3,62,0,62,0.6144285027983992,0.5980815738271994,0.7075683982117662,0.8614603102263554,0.04838709677419355,13,62,0.20967741935483872,0.40387869883170424,0.2885589668909653,10,62,0.16129032258064516,0.42208035842561015,0.7436954384370406,0.5127288659424112,0.8387096774193549,0.8064516129032258,1.0,0.7618302832321163,0.7523642062183753,0.6144285027983991,0.04838709677419355,0.21100173946462591,0.517878861438601,0.517878861438601,0.39453579968969527,cohort-conditioned
190,portable_alpha_1.00,portable,40,1.0,none,0.0,683,62,portable/indeterminate,0.7587173557756021,0.0022244171390354618,341.0859152544529,77.95381840370541,61.72124639796962,0.7761248437716984,0.7766758437899761,0.738482502430218,0.6102963938810235,0.6136845479749831,0.1658284498906749,0.21212121212121213,0.6005560659647953,0.779407212237953,0.7878787878787878,2,62,0,62,0.6305498357741799,0.6118998592350113,0.7170453462284653,0.866153537818949,0.03225806451612903,10,62,0.16129032258064516,0.38976644334016103,0.25132623757798955,10,62,0.16129032258064516,0.43909654297691025,0.7431350399109148,0.4696730647610602,0.6451612903225806,0.8064516129032258,1.0,0.7185348264315635,0.7603018692092091,0.6305498357741799,0.03225806451612903,0.19903715917669304,0.39866261690546806,0.39866261690546806,0.2864529742429234,indeterminate
191,portable_alpha_1.00,portable,41,1.0,none,0.0,683,62,portable/indeterminate,0.7648510645009011,0.0033225254605404,230.20171661122504,72.23813975686741,62.10531442380902,0.7991251215109013,0.8072130064797962,0.7230115608943202,0.6388598702072544,0.6402971749146976,0.16026525130364688,0.26859364435429345,0.5357799789403719,0.7222802595854911,0.7314063556457066,0,62,0,62,0.5824744400737151,0.5706923772060415,0.7027340489721942,0.8026459972985268,0.0,12,62,0.1935483870967742,0.40546944719146494,0.3091400634983785,10,62,0.16129032258064516,0.43835673067044245,0.7734663813132427,0.526991214741298,0.7741935483870968,0.8064516129032258,1.0,0.7652387637436545,0.6803663843447645,0.5824744400737151,0.0,0.16052919945970537,0.16122839000119724,0.16122839000119724,0.12337821384489596,portable
192,portable_alpha_1.00,portable,42,1.0,none,0.0,683,62,portable/indeterminate,0.7548664260029274,0.002685147140222403,281.1266521284208,77.98674288205713,61.549343655949784,0.7759946535203444,0.7641593616752801,0.7220177753089849,0.6264740464211379,0.6149335684698625,0.14952060709920645,0.2678509230233368,0.5417518245083862,0.7470519071577242,0.7321490769766632,0,62,1,62,0.6022972402944023,0.5876833488237734,0.7101822355093861,0.8665193653561903,0.016129032258064516,10,62,0.16129032258064516,0.4005781410222743,0.26425014987880313,10,62,0.16129032258064516,0.4308940090908484,0.7429598286857028,0.5029394524615024,0.6451612903225806,0.8064516129032258,1.0,0.7217738595890016,0.7278849496861047,0.6022972402944025,0.016129032258064516,0.1862070988776897,0.2835386028702572,0.2835386028702572,0.2046507517361387,portable
193,portable_alpha_1.00,portable,43,1.0,none,0.0,683,62,portable/indeterminate,0.7620597311436396,0.0023146909263568344,329.22742404450065,79.19388710586354,62.1079182773691,0.7994288987640605,0.8066424527305882,0.7276202957922511,0.592583301142981,0.5939714803700439,0.20684559762107957,0.28047718564959945,0.6908003819099192,0.8148333977140381,0.7195228143504006,1,62,0,62,0.6395051624757767,0.6195758535506658,0.7158132696681989,0.8799320789540394,0.016129032258064516,10,62,0.16129032258064516,0.431143570652497,0.25885544421789375,10,62,0.16129032258064516,0.43796259865899,0.7738590294931765,0.43030989099248224,0.6451612903225806,0.8064516129032258,1.0,0.7299605038458366,0.7753430898022045,0.6395051624757768,0.016129032258064516,0.1888896415972595,0.29225032409094914,0.29225032409094914,0.21333119382253826,portable
194,portable_alpha_1.00,portable,44,1.0,none,0.0,683,62,portable/indeterminate,0.7587726516789094,0.0024936599018912024,304.28072854018825,74.42060440078244,61.71185612360978,0.7720455492292737,0.7640534165056327,0.7348328357172615,0.5774556252098682,0.595144468512495,0.19458992401940556,0.25081459758879115,0.715284350619571,0.8450887495802637,0.7491854024112088,0,62,0,62,0.6415808846136062,0.6213550439545196,0.7130312006174557,0.8268956044531381,0.0,10,62,0.16129032258064516,0.4503660966523456,0.2634249781265196,10,62,0.16129032258064516,0.437828567159678,0.7376253103429595,0.39358766548221036,0.6451612903225806,0.8064516129032258,1.0,0.7081714217197008,0.7464460922406038,0.6415808846136062,0.0,0.16537912089062765,0.1747246553606795,0.1747246553606795,0.12373500759625715,portable
195,portable_alpha_1.00,portable,45,1.0,none,0.0,683,62,portable/indeterminate,0.7600914070117891,0.0020588826850947597,369.17664737017594,81.61689177757117,61.73030965892923,0.7637220524927093,0.7834022130983265,0.7098536661574781,0.5897204016179519,0.5943214498784762,0.17400165087475739,0.30465949820788535,0.6597918119857182,0.8205591967640962,0.6953405017921146,0,62,0,62,0.6337181550496863,0.6146155614711597,0.7197630666720651,0.9068543530841241,0.0,10,62,0.16129032258064516,0.41193632026573357,0.24141411714016253,10,62,0.16129032258064516,0.42295272792404626,0.7262534715823523,0.4236045363731411,0.6451612903225806,0.8064516129032258,1.0,0.7054871894284903,0.7627042070692126,0.6337181550496864,0.0,0.18137087061682483,0.21606762965967935,0.21606762965967935,0.1524329447750831,portable
196,portable_alpha_1.00,portable,46,1.0,none,0.0,683,62,portable/indeterminate,0.7538775412810489,0.0026838716210505565,280.89180397755246,77.16907318438807,60.9657359811261,0.7729308429384807,0.7760928898563992,0.7266265102069157,0.652104170220439,0.6495401640604617,0.1208266727180417,0.27859237536656895,0.4427006908313266,0.695791659559122,0.7214076246334311,0,62,0,62,0.5712476626521279,0.5610694251303954,0.7101518543956863,0.8574341464932007,0.0,9,62,0.14516129032258066,0.5005695492443176,0.25988786701635874,10,62,0.16129032258064516,0.42900524145022717,0.7388245298289449,0.551550850276634,0.5806451612903226,0.8064516129032258,1.0,0.7116641241356844,0.6752789377595164,0.5712476626521278,0.0,0.17148682929864015,0.18919090653074402,0.18919090653074402,0.13464038079063806,portable
197,portable_alpha_1.00,portable,47,1.0,none,0.0,683,62,portable/indeterminate,0.7575090333560612,0.002880332622343682,262.9935957673138,78.55577564932409,61.33112202494747,0.787928759894459,0.7762483599134329,0.7398017636439383,0.6050230594352931,0.6192767513568805,0.18290570045916588,0.22549019607843138,0.6352463731869314,0.7899538811294138,0.7745098039215687,0,62,0,62,0.6300484191427341,0.611470073550915,0.7077385049593341,0.8728419516591566,0.0,10,62,0.16129032258064516,0.49146033019279356,0.27213049857230265,10,62,0.16129032258064516,0.42040644908007563,0.7588527655539762,0.45830788654635457,0.6451612903225806,0.8064516129032258,1.0,0.7252571714316236,0.7421566374783247,0.630048419142734,0.0,0.17456839033183133,0.2020504559823094,0.2020504559823094,0.14653854219219947,portable
198,portable_alpha_1.00,portable,48,1.0,none,0.0,683,62,portable/indeterminate,0.7645713905185626,0.002570248952055872,297.46978007986456,78.64243556100737,62.192585293010836,0.8027530898486321,0.7995152767259582,0.7371805999166783,0.5950506863640348,0.5911342935732545,0.20770240348459734,0.27859237536656895,0.6860455283493311,0.8098986272719304,0.7214076246334311,1,62,0,62,0.63658460280002,0.6170725166857315,0.7122219647206146,0.8738048395667486,0.016129032258064516,12,62,0.1935483870967742,0.38772074683884605,0.28038685004042174,11,62,0.1774193548387097,0.43359580167583456,0.7781427759076507,0.43600616134186637,0.7741935483870968,0.8870967741935484,1.0,0.7705752298944637,0.7717723758171324,0.63658460280002,0.016129032258064516,0.18766419371980134,0.2878632276003773,0.2878632276003773,0.22182027278632307,portable
199,portable_alpha_1.00,portable,49,1.0,none,0.0,683,62,portable/indeterminate,0.7580259799146909,0.002536160769696464,298.88719554849587,75.48377901746771,61.64239265555354,0.7491928204416053,0.7530652399513791,0.6792025413137064,0.6024902446021048,0.6091684315635938,0.14670257583950053,0.26515151515151514,0.5887110855743058,0.7950195107957905,0.7348484848484849,0,62,0,62,0.6116133333200052,0.5956685714171474,0.7123922629518089,0.8387086557496413,0.0,9,62,0.14516129032258066,0.43219708893402564,0.2634372958276685,10,62,0.16129032258064516,0.43694898573586904,0.7059643340022289,0.45274771032464595,0.5806451612903226,0.8064516129032258,1.0,0.6853537122271275,0.7136657426457332,0.6116133333200052,0.0,0.16774173114992827,0.17995617080830542,0.17995617080830542,0.12333362970165115,portable
200,portable_alpha_1.00,portable,50,1.0,none,0.0,683,62,portable/indeterminate,0.7584832506293627,0.0022047211896223445,344.0268339595749,78.31062333356888,61.79175312541131,0.7484029995833911,0.7345042366334689,0.7266265102069157,0.6171268698390072,0.6347755267421663,0.13127612974438385,0.22549019607843138,0.5284804529919266,0.7657462603219856,0.7745098039215687,1,62,0,62,0.6120543783038254,0.5960466099747074,0.717342683289752,0.8701180370396543,0.016129032258064516,10,62,0.16129032258064516,0.39314230595073524,0.2555326427685463,11,62,0.1774193548387097,0.42867373034636386,0.7048446631469817,0.4839976649509938,0.6451612903225806,0.8870967741935484,1.0,0.7129188722621387,0.7254256115077841,0.6120543783038253,0.016129032258064516,0.1869268332143825,0.2904312471286713,0.2904312471286713,0.20705391717265884,portable
201,portable_alpha_1.50,portable,1,1.5,none,0.0,683,62,portable/indeterminate,0.7589000011373501,0.005319669981475942,142.6592258128752,77.65354593709617,61.614285830177295,0.887368073878628,0.8811932228194694,0.8215091653936952,0.6886400326496922,0.6575576675035404,0.19872804122893584,0.2768817204301075,0.5130212183960267,0.6227199347006156,0.7231182795698925,0,62,0,62,0.5674922759441472,0.5578505222378405,0.6832770459195022,0.8628171770788463,0.0,10,62,0.16129032258064516,0.6813915497523724,0.36777875546651495,10,62,0.16129032258064516,0.6403075056558936,0.8801909723220616,0.6142312799747213,0.6451612903225806,0.8064516129032258,1.0,0.8015186141585029,0.7006399120971953,0.5674922759441472,0.0,0.17256343541576927,0.19233338654280474,0.19233338654280474,0.1541587894382005,portable
202,portable_alpha_1.50,portable,2,1.5,none,0.0,683,62,portable/indeterminate,0.7530560411890113,0.004901045498066425,153.65212208009683,76.75985254360643,60.97341198544589,0.845811345646438,0.833119384778152,0.763188272462158,0.6442706914979301,0.6537064029187462,0.20154065414850786,0.26859364435429345,0.5828052106612073,0.7114586170041397,0.7314063556457066,0,62,0,62,0.5941690833681099,0.5807163571726657,0.6864570664130905,0.8528872504845159,0.0,10,62,0.16129032258064516,0.5947506323859422,0.36818363477824845,10,62,0.16129032258064516,0.6531942002376224,0.8316385580845058,0.5371604816029008,0.6451612903225806,0.8064516129032258,1.0,0.769535327202543,0.7180463422518081,0.5941690833681099,0.0,0.17057745009690317,0.18741473683033655,0.18741473683033655,0.14422226082931153,portable
203,portable_alpha_1.50,portable,3,1.5,none,0.0,683,62,portable/indeterminate,0.7592545867755215,0.0053310593732398505,142.42095869101132,80.30975378866219,61.7033802454928,0.8914473684210527,0.9013038720542409,0.8280707540619359,0.660384633721918,0.6448446958501924,0.23106273469913463,0.29391804586465325,0.5902779104919069,0.679230732556164,0.7060819541353467,1,62,0,62,0.5945424900831353,0.5810364200712588,0.6832047134055272,0.8923305976518021,0.016129032258064516,11,62,0.1774193548387097,0.610367105396147,0.38263711373069825,10,62,0.16129032258064516,0.648964519502716,0.8848133909712858,0.566364959583338,0.7096774193548387,0.8064516129032258,1.0,0.8119464172504284,0.7526867319500485,0.5945424900831352,0.016129032258064516,0.19136934533681205,0.3002603123353629,0.3002603123353629,0.2437952848431925,portable
204,portable_alpha_1.50,portable,4,1.5,none,0.0,683,62,portable/indeterminate,0.7611976101654305,0.0050385022960559665,151.07616617765163,76.66045237259029,62.175724114185094,0.8700527704485488,0.8943410939230925,0.8129079294542425,0.6362927079941257,0.6347807325182881,0.23376006245442305,0.23818833496252853,0.6316938586112395,0.7274145840117485,0.7618116650374714,2,62,0,62,0.6151165433409742,0.5986713228636921,0.6857382837293646,0.851782804139892,0.03225806451612903,12,62,0.1935483870967742,0.5454236029296742,0.38245973593311633,10,62,0.16129032258064516,0.6565444749605047,0.8602938689175331,0.5220971327140683,0.7741935483870968,0.8064516129032258,1.0,0.8081630993430767,0.7632605234698224,0.6151165433409741,0.03225806451612903,0.19616301244088166,0.3832304687611551,0.3832304687611551,0.30971272339671524,indeterminate
205,portable_alpha_1.50,portable,5,1.5,none,0.0,683,62,portable/indeterminate,0.7536358195216994,0.005116125997162262,147.3059537508879,84.02153852082749,60.87168000081387,0.8682301069295932,0.8782454162004752,0.7885623524510484,0.6674194967476295,0.6716248779567452,0.20081061018196378,0.27859237536656895,0.5453400099638225,0.6651610065047411,0.7214076246334311,5,62,0,62,0.6051307153458721,0.5901120417250334,0.6846578394514992,0.9335726502314166,0.08064516129032258,11,62,0.1774193548387097,0.5733388498174263,0.38464556993013715,49,62,0.7903225806451613,0.05284129652511067,0.8581726014381876,0.5786527399876881,0.7096774193548387,1.0,1.0,0.8288870585888305,0.8118016915907659,0.6051307153458721,0.08064516129032258,0.25123065907854136,0.78099154061922,0.78099154061922,0.6473537808866244,non-portable
206,portable_alpha_1.50,portable,6,1.5,none,0.0,683,62,portable/indeterminate,0.7569315435201597,0.005253432164108197,144.08324308279205,78.45004453330442,61.47730527893427,0.8770743646715735,0.8820566515025091,0.7977624635467295,0.6856872452241453,0.6737773995587876,0.19138711944742826,0.23737373737373738,0.5075580240362502,0.6286255095517095,0.7626262626262627,0,62,0,62,0.5756971895597103,0.5648833053368946,0.6837061796628792,0.8716671614811602,0.0,10,62,0.16129032258064516,0.6194588648274855,0.3730756793421802,10,62,0.16129032258064516,0.655590893253719,0.8684173704752497,0.6094050298843049,0.6451612903225806,0.8064516129032258,1.0,0.7951491882260554,0.7028895273610855,0.5756971895597103,0.0,0.17433343229623205,0.2004351103820439,0.2004351103820439,0.159375815312282,portable
207,portable_alpha_1.50,portable,7,1.5,none,0.0,683,62,portable/indeterminate,0.7551115274207265,0.004891561958646242,154.37022648481516,82.03029492739736,61.81801480030894,0.866685182613526,0.8640966139708496,0.8254495903346757,0.6335243173651944,0.6425200580416863,0.23316086524833157,0.23893105629348513,0.6358611591188166,0.7329513652696111,0.7610689437065149,1,62,0,62,0.62401882553439,0.6063018504580485,0.686654731437807,0.9114477214155262,0.016129032258064516,11,62,0.1774193548387097,0.5697031089904501,0.3642295065864468,10,62,0.16129032258064516,0.6454388275690661,0.8563704602723357,0.5167674861389684,0.7096774193548387,0.8064516129032258,1.0,0.7927652045565163,0.7726282409316781,0.62401882553439,0.016129032258064516,0.19519277008955688,0.3208345736208713,0.3208345736208713,0.25434648638535273,portable
208,portable_alpha_1.50,portable,8,1.5,none,0.0,683,62,portable/indeterminate,0.7499837123908629,0.004917988406883517,152.4980643185616,75.36244222904658,60.88907090876874,0.8362033050965143,0.8271253548384373,0.7503558533537009,0.6429606345226311,0.6243674414527957,0.19324267057388322,0.24476289993531375,0.5747792114012943,0.7140787309547378,0.7552371000646863,0,62,0,62,0.5945987422877042,0.5810846362466036,0.6861369420938783,0.8373604692116287,0.0,10,62,0.16129032258064516,0.6207612749366855,0.36188297987858187,10,62,0.16129032258064516,0.6554427120241997,0.8200040305955993,0.5347160639491413,0.6451612903225806,0.8064516129032258,1.0,0.7634736216927138,0.7087320253186927,0.5945987422877042,0.0,0.16747209384232575,0.18070134119478437,0.18070134119478437,0.13796070740671282,portable
209,portable_alpha_1.50,portable,9,1.5,none,0.0,683,62,portable/indeterminate,0.7532483131972941,0.004997238886172077,150.73290077879147,75.50255006564743,61.156085280612714,0.8811536592139981,0.8824539914436611,0.808967504513262,0.6612413630943486,0.6909942553203937,0.21991229611964958,0.2768817204301075,0.5769649347539916,0.6775172738113029,0.7231182795698925,3,62,0,62,0.5917576897852607,0.5786494483873662,0.6856413308505456,0.8389172229516381,0.04838709677419355,10,62,0.16129032258064516,0.5414117980829264,0.37327792856144903,10,62,0.16129032258064516,0.6530837473003837,0.8731021237106208,0.5678756256335511,0.6451612903225806,0.8064516129032258,1.0,0.7933386244186655,0.7580559389198028,0.5917576897852607,0.04838709677419355,0.20649312200968245,0.48718994081191314,0.48718994081191314,0.38650659747433425,indeterminate
210,portable_alpha_1.50,portable,10,1.5,none,0.0,683,62,portable/indeterminate,0.7573945853772579,0.0053297916109666214,142.10585341063558,80.15431798836553,61.758673343575424,0.8974708373836967,0.903019810310117,0.8264433759200112,0.7354698523786674,0.746623784617651,0.16200098500502935,0.4323607427055703,0.40757954991460776,0.5290602952426653,0.5676392572944298,0,62,0,62,0.512998575757984,0.5111416363639864,0.6831088188921401,0.8906035332040615,0.0,10,62,0.16129032258064516,0.6809917949632589,0.37096513260513336,10,62,0.16129032258064516,0.638180947308338,0.8915950172401108,0.6862504679468967,0.6451612903225806,0.8064516129032258,1.0,0.8144225554147451,0.6792313880737612,0.5129985757579841,0.0,0.1781207066408123,0.1962540018420256,0.1962540018420256,0.15983368569055256,portable
211,portable_alpha_1.50,portable,11,1.5,none,0.0,683,62,portable/indeterminate,0.7545347952597835,0.005055222676623985,149.2584686227279,75.68431880876035,61.30551199883143,0.8489011942785724,0.8450539268638808,0.7931884460491598,0.672652496404285,0.6660897445285253,0.17624869787428732,0.27777777777777773,0.5051536101466179,0.6546950071914299,0.7222222222222223,0,62,0,62,0.5680382341211535,0.5583184863895602,0.685221689513758,0.8409368756528928,0.0,10,62,0.16129032258064516,0.5969882396279199,0.35372829268453965,10,62,0.16129032258064516,0.6556366963870524,0.8353456701013926,0.587626575989012,0.6451612903225806,0.8064516129032258,1.0,0.7764354926495975,0.6881246750772805,0.5680382341211534,0.0,0.16818737513057858,0.1802413622227635,0.1802413622227635,0.13994579087326592,portable
212,portable_alpha_1.50,portable,12,1.5,none,0.0,683,62,portable/indeterminate,0.756860064294459,0.005896580973991455,128.35574846386493,77.09403009033133,61.55009299652032,0.8885918622413553,0.8917170037956049,0.8162147618386335,0.7215243623748616,0.7107242026782613,0.16706749986649372,0.29292929292929293,0.42993051605061067,0.5569512752502768,0.7070707070707071,0,62,0,62,0.538198990940464,0.5327419922346833,0.6786411129341744,0.8566003343370148,0.0,10,62,0.16129032258064516,0.6823045006872579,0.40191297468643017,10,62,0.16129032258064516,0.6575670118109618,0.8815802427928559,0.6656190537760494,0.6451612903225806,0.8064516129032258,1.0,0.807352026774033,0.6706233225946383,0.5381989909404639,0.0,0.17132006686740298,0.18766054473708876,0.18766054473708876,0.1515081211390077,portable
213,portable_alpha_1.50,portable,13,1.5,none,0.0,683,62,portable/indeterminate,0.7627219938770845,0.006001130162095955,127.09639239197841,82.24489173476499,61.921536762451254,0.895387793362033,0.9055298887855125,0.8293900152756561,0.6929321471435793,0.6628648750356071,0.2024556462184537,0.22630479366722253,0.5120432386061983,0.6141357057128414,0.7736952063327774,0,62,0,62,0.5819846683985047,0.570272572913004,0.678201729352933,0.9138321303862776,0.0,10,62,0.16129032258064516,0.6652018184395562,0.3912964537807469,10,62,0.16129032258064516,0.6568025821360343,0.8892556363184132,0.6211797600430641,0.6451612903225806,0.8064516129032258,1.0,0.806745794163513,0.722835251353485,0.5819846683985046,0.0,0.18276642607725554,0.2270125190245315,0.2270125190245315,0.18314139494550527,portable
214,portable_alpha_1.50,portable,14,1.5,none,0.0,683,62,portable/indeterminate,0.7588465907328376,0.005541809518222798,136.93119336519382,75.54039190045215,61.167157463939645,0.8637255242327454,0.8671147231220059,0.7971288709901403,0.6426598393473729,0.6450438339908224,0.22106568488537248,0.3199851687059696,0.6077816104649123,0.7146803213052542,0.6800148312940304,0,62,0,62,0.5872181463916969,0.5747584111928832,0.6814944275031829,0.8393376877828017,0.0,10,62,0.16129032258064516,0.656951184871742,0.37019499018328555,10,62,0.16129032258064516,0.6580723992714004,0.8529074090811328,0.534153235218833,0.6451612903225806,0.8064516129032258,1.0,0.7798690280624497,0.7198101376243261,0.5872181463916969,0.0,0.16786753755656036,0.1763794818314559,0.1763794818314559,0.13755289506605603,portable
215,portable_alpha_1.50,portable,15,1.5,none,0.0,683,62,portable/indeterminate,0.7600399560028749,0.0048724481687185215,155.98728394534552,77.97287598180151,61.72689299901403,0.8794611859463962,0.8921562491086658,0.8047016039438967,0.6457786225168395,0.6567069394795947,0.23368256342955673,0.23737373737373738,0.6158273153728229,0.708442754966321,0.7626262626262627,1,62,0,62,0.6094143785859439,0.5937837530736662,0.6870956176055091,0.8663652886866834,0.016129032258064516,10,62,0.16129032258064516,0.5995636348353542,0.3569687438792489,10,62,0.16129032258064516,0.655664228441782,0.8711615073525646,0.5399604106169997,0.6451612903225806,0.8064516129032258,1.0,0.7895767947379823,0.7494894549477406,0.6094143785859438,0.016129032258064516,0.18617628354378832,0.28644975386271443,0.28644975386271443,0.226174078508406,portable
216,portable_alpha_1.50,portable,16,1.5,none,0.0,683,62,portable/indeterminate,0.757514370634338,0.004908857604011412,154.31581678297485,78.01397475906415,61.10624342359824,0.8794004304957646,0.8663403660535121,0.8326968476600471,0.6516605001902596,0.6382141791927793,0.227739930305505,0.18977591036414565,0.6002627092644993,0.6966789996194809,0.8102240896358543,0,62,0,62,0.6101045892783796,0.5943753622386111,0.6866397953830637,0.8668219417673795,0.0,11,62,0.1774193548387097,0.608734936222689,0.3547974164160076,10,62,0.16129032258064516,0.6557579643043792,0.8710917638179856,0.5507458582508988,0.7096774193548387,0.8064516129032258,1.0,0.8035236935405343,0.7293296607867804,0.6101045892783796,0.0,0.1733643883534759,0.20133591433308215,0.20133591433308215,0.16177817752727877,portable
217,portable_alpha_1.50,portable,17,1.5,none,0.0,683,62,portable/indeterminate,0.7533497127730391,0.005937215449104416,126.88603255700889,72.50248981784745,61.2378439083476,0.8848163449520899,0.8882199547282756,0.8323713720316623,0.6259001525142162,0.6291291744455377,0.2589161924378738,0.29310344827586204,0.672830548479195,0.7481996949715677,0.7068965517241379,0,62,0,62,0.6019396354032654,0.5873768303456561,0.6781277970463871,0.805583220198305,0.0,10,62,0.16129032258064516,0.7409669732490295,0.39803630026631864,10,62,0.16129032258064516,0.6593554450604412,0.8772871194222447,0.5017970755479074,0.6451612903225806,0.8064516129032258,1.0,0.7888232672659131,0.725030256681159,0.6019396354032653,0.0,0.161116644039661,0.16105461787154163,0.16105461787154163,0.12704362987769258,portable
218,portable_alpha_1.50,portable,18,1.5,none,0.0,683,62,portable/indeterminate,0.7568395559219616,0.005167202658003173,146.4698805164411,81.2923686426092,61.038251979752985,0.888062421885849,0.8976217006557559,0.834684418830718,0.6791021646749926,0.6681410672828529,0.20896025721085643,0.27777777777777773,0.5384707341550411,0.6417956706500147,0.7222222222222223,0,62,0,62,0.5816917775454343,0.5700215236103723,0.6844134977718919,0.9032485404734356,0.0,11,62,0.1774193548387097,0.5699432321182801,0.38098359662605696,10,62,0.16129032258064516,0.6544270427969782,0.8809794797676607,0.5985017371319696,0.7096774193548387,0.8064516129032258,1.0,0.813243139403479,0.7262891642435069,0.5816917775454342,0.0,0.18064970809468714,0.21607033526923994,0.21607033526923994,0.17571771778631895,portable
219,portable_alpha_1.50,portable,19,1.5,none,0.0,683,62,portable/indeterminate,0.759373222735667,0.006148430558684389,123.50683893844837,76.29270598600544,61.65576743483161,0.9115834606304679,0.9153388614116489,0.8425479100124983,0.694263572370466,0.7008237249141489,0.21731988826000193,0.3639846743295019,0.528009283772261,0.611472855259068,0.6360153256704981,0,62,0,62,0.5500187648950297,0.5428732270528825,0.6769183914905126,0.8476967331778382,0.0,10,62,0.16129032258064516,0.5814007029060655,0.3925213930777923,12,62,0.1935483870967742,0.5918895190088667,0.9072854684502204,0.6233194564113429,0.6451612903225806,0.9677419354838709,1.0,0.8401682282533413,0.6985819508490346,0.5500187648950295,0.0,0.16953934663556766,0.17767399883375062,0.17767399883375062,0.14927604880683848,portable
220,portable_alpha_1.50,portable,20,1.5,none,0.0,683,62,portable/indeterminate,0.7556573046441776,0.004709809986635265,160.44326773021825,75.65991026381569,61.58959890177476,0.8649319538952924,0.8682031372174843,0.7921946604638245,0.6533632776549131,0.6429102508142377,0.21156867624037934,0.2032167705791994,0.5797482900088364,0.6932734446901738,0.7967832294208006,0,62,0,62,0.5997919788267942,0.5855359818515379,0.6882812392430024,0.8406656695979521,0.0,10,62,0.16129032258064516,0.6578443725230407,0.3474363161909137,10,62,0.16129032258064516,0.6566256659465561,0.8543207288779694,0.5538289946453022,0.6451612903225806,0.8064516129032258,1.0,0.7825432639035149,0.711745158385098,0.5997919788267942,0.0,0.16813313391959042,0.18552128712602248,0.18552128712602248,0.14517843355117876,portable
221,portable_alpha_1.50,portable,21,1.5,none,0.0,683,62,portable/indeterminate,0.758828187316587,0.005311744705207779,142.8585576736418,72.4226708968425,61.72813744012499,0.8697750312456602,0.8719077852887412,0.8014121302596862,0.6771832320990225,0.6469352071239256,0.1925917991466377,0.23148148148148148,0.5208350561092624,0.6456335358019549,0.7685185185185185,1,62,0,62,0.57319165452265,0.5627357038765571,0.6833374411498494,0.80469634329825,0.016129032258064516,10,62,0.16129032258064516,0.6285405763644789,0.37371408007568374,10,62,0.16129032258064516,0.6562970557736123,0.8599709660746231,0.59528687554661,0.6451612903225806,0.8064516129032258,1.0,0.7895141705919726,0.6940790874262142,0.57319165452265,0.016129032258064516,0.17384249446610164,0.2435182821452163,0.2435182821452163,0.19226113455186242,portable
222,portable_alpha_1.50,portable,22,1.5,none,0.0,683,62,portable/indeterminate,0.7560620036578141,0.0055622544421066004,135.92725962594938,77.4270611575915,61.482286740645684,0.8826812248298848,0.8873385717800806,0.8079910776281072,0.6726290864750908,0.6768737897727792,0.21005213835479397,0.26344086021505375,0.5488958556777107,0.6547418270498184,0.7365591397849462,0,62,0,62,0.5802782932286482,0.5688099656245555,0.6811722573306191,0.8603006795287944,0.0,10,62,0.16129032258064516,0.65518026162359,0.3747592426833876,10,62,0.16129032258064516,0.6377483803606506,0.8748499583698736,0.587586736533579,0.6451612903225806,0.8064516129032258,1.0,0.7961836528382947,0.7108106093654325,0.5802782932286481,0.0,0.1720601359057589,0.19193290360222265,0.19193290360222265,0.15281384028987793,portable
223,portable_alpha_1.50,portable,23,1.5,none,0.0,683,62,portable/indeterminate,0.7632690806789462,0.00538326447498367,141.78554373947262,79.71086434812794,62.20567824292177,0.8738109290376337,0.8815809323180355,0.8096358144702125,0.6823571883222118,0.6851751646241272,0.19145374071542187,0.2785923753665689,0.5121673173342322,0.6352856233555764,0.7214076246334311,1,62,0,62,0.5756128220490015,0.5648109903277156,0.6830110641779501,0.885676270534755,0.016129032258064516,11,62,0.1774193548387097,0.6263475093979172,0.37559576358625135,10,62,0.16129032258064516,0.6532724551536974,0.8646512927621559,0.603915868846335,0.7096774193548387,0.8064516129032258,1.0,0.8056204590721632,0.7271600877397745,0.5756128220490015,0.016129032258064516,0.1900384799134026,0.2967696807765335,0.2967696807765335,0.2390837264658902,portable
224,portable_alpha_1.50,portable,24,1.5,none,0.0,683,62,portable/indeterminate,0.7495823570987075,0.0054945135412099826,136.4237891992959,77.2543053170606,60.616046961693804,0.8842869045965838,0.8749120984979446,0.8208234967365644,0.6638153527974896,0.6414195408483749,0.22047155179909417,0.25596738172803085,0.5737160157214842,0.6723692944050208,0.7440326182719692,0,62,0,62,0.5883051786192262,0.5756901531021938,0.6813319731273204,0.8583811701895622,0.0,10,62,0.16129032258064516,0.6376763170350606,0.373064997718662,10,62,0.16129032258064516,0.6575273864924955,0.8766834144622376,0.5723903437296782,0.6451612903225806,0.8064516129032258,1.0,0.7955807416040866,0.7176482295802483,0.5883051786192262,0.0,0.17167623403791243,0.19141827069095718,0.19141827069095718,0.1522886897528835,portable
225,portable_alpha_1.50,portable,25,1.5,none,0.0,683,62,portable/indeterminate,0.754252056760685,0.006288818602380318,119.93541306394185,77.3460677496231,61.44319306490803,0.8823427301763643,0.8857159474183406,0.8185104499375087,0.7073677476716407,0.6931520458726084,0.17497498250472365,0.25252525252525254,0.45763909888913656,0.5852645046567186,0.7474747474747474,5,62,0,62,0.5676696485736372,0.5580025559202605,0.6755936263573079,0.8594007527735901,0.08064516129032258,10,62,0.16129032258064516,0.6792802612148678,0.3952348717174665,10,62,0.16129032258064516,0.6465517152127529,0.8744629553918958,0.6439996081856583,0.6451612903225806,0.8064516129032258,1.0,0.8016314385145138,0.7630176049249539,0.5676696485736372,0.08064516129032258,0.2363962795869761,0.7340243563016056,0.7340243563016056,0.5884170006467461,non-portable
226,portable_alpha_1.50,portable,26,1.5,none,0.0,683,62,portable/indeterminate,0.7538113269136697,0.005096629733238805,147.90388283408572,73.60767276693495,61.12577016724627,0.8565043049576448,0.8616165639499002,0.7888878280794334,0.6797721019455736,0.6677426520119031,0.17673220301207127,0.18903318903318903,0.4957365186181083,0.6404557961088528,0.810966810966811,0,62,0,62,0.5749756110759683,0.5642648094936871,0.6848315100183158,0.8178630307437217,0.0,10,62,0.16129032258064516,0.5780430998434725,0.35839366255937677,11,62,0.1774193548387097,0.6504122492109956,0.844398371573092,0.5996200496073719,0.6451612903225806,0.8870967741935484,1.0,0.7942579649408317,0.674249909777998,0.5749756110759683,0.0,0.16357260614874436,0.17434042529146218,0.17434042529146218,0.13847127139891585,portable
227,portable_alpha_1.50,portable,27,1.5,none,0.0,683,62,portable/indeterminate,0.7530866662618458,0.004809638481061054,156.5786429119944,77.40324585299433,61.10144642906173,0.8643677961394249,0.871592975056403,0.785598354395223,0.6357786049741238,0.6283709353261581,0.2285891911653012,0.23737373737373738,0.6273583823468081,0.7284427900517525,0.7626262626262627,0,62,0,62,0.6109531516562924,0.5951027014196791,0.6872554098796603,0.8600360650332703,0.0,10,62,0.16129032258064516,0.6239488685285226,0.35423356470516665,10,62,0.16129032258064516,0.656321884844414,0.8536601151974068,0.5211115139279188,0.6451612903225806,0.8064516129032258,1.0,0.7789412089914953,0.7345264526082903,0.6109531516562923,0.0,0.17200721300665409,0.19375989061563087,0.19375989061563087,0.1509275634501994,portable
228,portable_alpha_1.50,portable,28,1.5,none,0.0,683,62,portable/indeterminate,0.7562471200695672,0.006497441173807039,116.39153011776483,79.78120183793736,61.109970167800945,0.8902930148590475,0.8950668170182114,0.8284135883905013,0.7154384509411956,0.6888461684215258,0.17485456391785192,0.26344086021505375,0.44800843791939193,0.5691230981176088,0.7365591397849462,1,62,0,62,0.5550843437655596,0.547215151799051,0.674228556314042,0.886457798199304,0.016129032258064516,10,62,0.16129032258064516,0.685596857763291,0.40275005689220933,10,62,0.16129032258064516,0.655984402571348,0.8835077983346242,0.6564121433081439,0.6451612903225806,0.8064516129032258,1.0,0.8073951134981265,0.7077894263673488,0.5550843437655595,0.016129032258064516,0.19019478544631244,0.2989058785286074,0.2989058785286074,0.2413351457198622,portable
229,portable_alpha_1.50,portable,29,1.5,none,0.0,683,62,portable/indeterminate,0.7555860455798695,0.005686888140515124,132.86458725939136,80.53173342605535,61.35488252076651,0.8703131509512568,0.8845198314169789,0.7892133037078184,0.688192985113937,0.6740051014291838,0.18212016583731983,0.23737373737373738,0.4918004272046275,0.623614029772126,0.7626262626262627,1,62,0,62,0.5781895445127085,0.5670196095823216,0.6801704771478888,0.8947970380672817,0.016129032258064516,10,62,0.16129032258064516,0.7024896202890683,0.38396548821801,10,62,0.16129032258064516,0.6599662841197814,0.8605964802987017,0.6135030319630653,0.6451612903225806,0.8064516129032258,1.0,0.7916485433456574,0.7249195926471739,0.5781895445127085,0.016129032258064516,0.19186263341990797,0.3079819661936291,0.3079819661936291,0.24381347491391797,portable
230,portable_alpha_1.50,portable,30,1.5,none,0.0,683,62,portable/indeterminate,0.7541552373369911,0.0050164726075244154,150.33576306303405,73.9466352509481,61.24347009321678,0.8408814747951674,0.8460995158121877,0.7780082627412859,0.6259043522700705,0.6298006624570897,0.21497712252509693,0.14347961406784934,0.6306506466925923,0.7481912954598591,0.8565203859321506,0,62,0,62,0.6237534036287896,0.606074345967534,0.6855288131220455,0.8216292805660901,0.0,14,62,0.22580645161290322,0.47635276620542966,0.3628492735379608,14,62,0.22580645161290322,0.5585210574472486,0.8256893783925858,0.5018054449088222,0.9032258064516129,1.0,1.0,0.8436703949774979,0.7191219469256098,0.6237534036287895,0.0,0.16432585611321804,0.17956106691055634,0.17956106691055634,0.15149035624301,portable
231,portable_alpha_1.50,portable,31,1.5,none,0.0,683,62,portable/indeterminate,0.7563845012666987,0.0051935584289846525,145.63897019919978,74.99995662078716,61.74805830247203,0.8620504096653242,0.8645317472235341,0.8063289820858215,0.6856954675986883,0.6783828331887293,0.17635494206663593,0.22772657450076803,0.4871005179352143,0.6286090648026235,0.772273425499232,1,62,0,62,0.5702689669655193,0.5602305431133023,0.6841689099559021,0.8333328513420796,0.016129032258064516,10,62,0.16129032258064516,0.6130242506706028,0.3705089079357391,10,62,0.16129032258064516,0.6540934559574457,0.8509411374064886,0.6094185221974933,0.6451612903225806,0.8064516129032258,1.0,0.7864124209229937,0.696290710015145,0.5702689669655192,0.016129032258064516,0.17956979607486753,0.2635116586756308,0.2635116586756308,0.2072288414405364,portable
232,portable_alpha_1.50,portable,32,1.5,none,0.0,683,62,portable/indeterminate,0.7618704782409277,0.005082339667468034,149.90546246203243,76.16905630565827,61.89268714705175,0.9064539647271213,0.9065982403457142,0.8498125260380502,0.6834782838802566,0.6761133854612064,0.2229756808468647,0.3343220862686936,0.5485877865567449,0.6330434322394869,0.6656779137313065,2,62,0,62,0.568549419901748,0.5587566456300698,0.6854064745261739,0.8463228478406475,0.03225806451612903,11,62,0.1774193548387097,0.613499083269236,0.36624454561412134,10,62,0.16129032258064516,0.6549769787139141,0.9016140690196901,0.6057694014726339,0.7096774193548387,0.8064516129032258,1.0,0.8242872004635602,0.7374781530857715,0.5685494199017481,0.03225806451612903,0.19507102118103276,0.3676091085388954,0.3676091085388954,0.30301548294243114,indeterminate
233,portable_alpha_1.50,portable,33,1.5,none,0.0,683,62,portable/indeterminate,0.754516113385844,0.005267487827912346,143.2402196332896,73.54687290563096,61.73150988613432,0.8663206499097348,0.8732268473877973,0.8036904596583808,0.6807892074080444,0.6640116977438204,0.1855314425016904,0.25081459758879115,0.5064727924767749,0.6384215851839112,0.7491854024112088,2,62,0,62,0.5711630174005808,0.5609968720576407,0.6834527830862283,0.8171874767292329,0.03225806451612903,11,62,0.1774193548387097,0.5926804933353162,0.3755608922625636,10,62,0.16129032258064516,0.6599371590839525,0.8559446826866031,0.6013139070536193,0.7096774193548387,0.8064516129032258,1.0,0.8010069578551151,0.712262571660877,0.5711630174005808,0.03225806451612903,0.18924394695874983,0.3526336665316084,0.3526336665316084,0.28246202046577873,indeterminate
234,portable_alpha_1.50,portable,34,1.5,none,0.0,683,62,portable/indeterminate,0.760268887092018,0.005170071668897937,147.05190484411185,77.31634382974627,61.634508973255066,0.8811970559644494,0.8789768185752909,0.8043761283155118,0.6671668770821088,0.6762547487754199,0.21403017888234066,0.27777777777777773,0.5614686040552769,0.6656662458357825,0.7222222222222223,3,62,1,62,0.5902330726228214,0.577342633676704,0.6845837798522725,0.8590704869971808,0.04838709677419355,11,62,0.1774193548387097,0.6087758590445005,0.3672593661389388,10,62,0.16129032258064516,0.6541353411493296,0.8731518263904043,0.5782160099514865,0.7096774193548387,0.8064516129032258,1.0,0.8073007399968025,0.7616769619962687,0.5902330726228213,0.04838709677419355,0.21052377481879103,0.5053512529475114,0.5053512529475114,0.40797044046283726,cohort-conditioned
235,portable_alpha_1.50,portable,35,1.5,none,0.0,683,62,portable/indeterminate,0.7523104505517976,0.005167152508957021,145.5947834416929,80.8433605981241,60.78567732387127,0.8701829606999028,0.8846386178172525,0.7971288709901403,0.6581657224730032,0.6656142544243138,0.21201723822689955,0.350742447516641,0.5727363513059591,0.6836685550539936,0.649257552483359,0,62,0,62,0.5813463124497223,0.5697254106711905,0.6841558536536435,0.8982595622013788,0.0,10,62,0.16129032258064516,0.6213055295158215,0.3693690781667624,10,62,0.16129032258064516,0.6496346277543432,0.8604451879113542,0.5624335026881012,0.6451612903225806,0.8064516129032258,1.0,0.7864659442244872,0.7344067400384127,0.5813463124497223,0.0,0.17965191244027578,0.2071238142186099,0.2071238142186099,0.1628958261208163,portable
236,portable_alpha_1.50,portable,36,1.5,none,0.0,683,62,portable/indeterminate,0.7597413647866617,0.0048182251473097345,157.68075205262352,79.3565973374662,61.66226324925379,0.8823514095264546,0.8840005909130966,0.8007611790029163,0.662633119989521,0.6631888205605554,0.21971828953693362,0.22474747474747478,0.5746501361380008,0.674733760020958,0.7752525252525252,1,62,0,62,0.6016761019998585,0.5871509445713075,0.6875511879133124,0.881739970416291,0.016129032258064516,10,62,0.16129032258064516,0.611567540826614,0.3625710485637568,10,62,0.16129032258064516,0.6491900206996013,0.8744728806846496,0.57032117265541,0.6451612903225806,0.8064516129032258,1.0,0.7942685576078659,0.7439356399509971,0.6016761019998587,0.016129032258064516,0.18925121988970983,0.2992698415158198,0.2992698415158198,0.23770062535630482,portable
237,portable_alpha_1.50,portable,37,1.5,none,0.0,683,62,portable/indeterminate,0.757494092529981,0.004758019959992954,159.203639097618,72.33176071026557,61.25603920007296,0.8726739341758091,0.880269894088022,0.8040159352867657,0.6506452109115854,0.6478285273161974,0.22202872326422363,0.23893105629348513,0.5957720755417294,0.6987095781768291,0.7610689437065149,4,62,0,62,0.6019514296886594,0.5873869397331367,0.6879556215605632,0.8036862301140619,0.06451612903225806,12,62,0.1935483870967742,0.5562660972006908,0.36232397055485377,10,62,0.16129032258064516,0.6527335509822696,0.8633353162888786,0.5488992820392198,0.7741935483870968,0.8064516129032258,1.0,0.8123640379612646,0.7643815253738185,0.6019514296886594,0.06451612903225806,0.21235014924861884,0.5816551617167754,0.5816551617167754,0.472515735873252,cohort-conditioned
238,portable_alpha_1.50,portable,38,1.5,none,0.0,683,62,portable/indeterminate,0.7537358770816839,0.00516447648684649,145.94623075569984,79.6850862526093,61.4704219584515,0.8731512984307734,0.8829305736430089,0.8010692959311208,0.6720066604098016,0.6635546666226163,0.20114463802097182,0.29310344827586204,0.5390431143261529,0.6559866791803968,0.7068965517241379,0,62,0,62,0.5785959588926293,0.5673679647651108,0.6842595608738734,0.8853898472512144,0.0,10,62,0.16129032258064516,0.6148400693235005,0.36710929140408266,10,62,0.16129032258064516,0.6563184381907445,0.8638880696372342,0.586526487739133,0.6451612903225806,0.8064516129032258,1.0,0.7905966835925304,0.7187641441642295,0.5785959588926292,0.0,0.1770779694502429,0.20408563491039333,0.20408563491039333,0.1613494261290329,portable
239,portable_alpha_1.50,portable,39,1.5,none,0.0,683,62,portable/indeterminate,0.756104887969808,0.00491226832292434,153.92174007296256,78.5726761003163,61.36746089930946,0.858144702124705,0.856422108094935,0.7911835161783085,0.6333262885584293,0.6336064525356111,0.22481841356627563,0.33640552995391704,0.6277306692868362,0.7333474228831414,0.663594470046083,3,62,1,62,0.6054368019005849,0.5903744016290727,0.686531417965297,0.873029734447959,0.04838709677419355,12,62,0.1935483870967742,0.6077881403078289,0.36347785219028633,11,62,0.1774193548387097,0.6337134244084722,0.8463388235508341,0.5163841371661785,0.7741935483870968,0.8870967741935484,1.0,0.8127110512984865,0.7845485465489805,0.6054368019005849,0.04838709677419355,0.21331562430894663,0.5108676438695974,0.5108676438695974,0.4151877799236413,cohort-conditioned
240,portable_alpha_1.50,portable,40,1.5,none,0.0,683,62,portable/indeterminate,0.7543878610013817,0.006646179765027102,113.50699013154144,79.66124503867134,61.46557417754989,0.898495000694348,0.9001466256839059,0.8231191848354396,0.676891454916043,0.684500291379914,0.221603545778305,0.27777777777777773,0.5561011942237098,0.6462170901679141,0.7222222222222223,0,62,0,62,0.5804572133002149,0.5689633256858985,0.6730778283133171,0.885124944874126,0.0,10,62,0.16129032258064516,0.6941390044502314,0.41801631503796843,10,62,0.16129032258064516,0.6585241824009537,0.8927429649057426,0.5947965280935036,0.6451612903225806,0.8064516129032258,1.0,0.8058511352622217,0.7238482822610873,0.5804572133002148,0.0,0.17702498897482521,0.20514418264715073,0.20514418264715073,0.16531567247864698,portable
241,portable_alpha_1.50,portable,41,1.5,none,0.0,683,62,portable/indeterminate,0.7640339361692432,0.005018805248248651,152.23422674865864,73.40958384661437,62.2055239404962,0.8487362866268573,0.8691494815914547,0.7892133037078184,0.6272489921782872,0.6363007787305013,0.22148729444857007,0.21286393345216878,0.6351139899747749,0.7455020156434256,0.7871360665478312,0,62,0,62,0.6115795734550179,0.5956396343900153,0.6860633258239167,0.8156620427401596,0.0,10,62,0.16129032258064516,0.6355953073313393,0.3595776398171034,15,62,0.24193548387096775,0.5391323880382386,0.8351482342995851,0.5044779324773032,0.6451612903225806,1.0,1.0,0.797054168462039,0.7178951886326093,0.611579573455018,0.0,0.16313240854803193,0.17153841808989131,0.17153841808989131,0.13672541118993192,portable
242,portable_alpha_1.50,portable,42,1.5,none,0.0,683,62,portable/indeterminate,0.7552736359860652,0.0055848891268047525,135.23520679419025,74.84935788458112,61.18790583099339,0.8816049854186919,0.8737137350447822,0.7957922510762394,0.6730589431360636,0.695704396561315,0.2085460422826283,0.28104575163398693,0.5464971639555871,0.6538821137278727,0.7189542483660131,1,62,0,62,0.5746784168503122,0.5640100715859818,0.6809484107434338,0.8316595320509014,0.016129032258064516,10,62,0.16129032258064516,0.6445022984014014,0.3835115449797767,10,62,0.16129032258064516,0.6566105794106678,0.8736188933610489,0.5883178445977372,0.6451612903225806,0.8064516129032258,1.0,0.7956412311402982,0.7142566052337662,0.5746784168503121,0.016129032258064516,0.1792351322166319,0.2573407791761313,0.2573407791761313,0.2047509343663007,portable
243,portable_alpha_1.50,portable,43,1.5,none,0.0,683,62,portable/indeterminate,0.7616042871095763,0.005888810217535685,129.33075765316275,75.23815601297581,62.11106027417427,0.8842869045965839,0.8784846736248948,0.8267514928482155,0.6890007719324632,0.6833706360241641,0.19528613266412065,0.30190796857463525,0.5081779533162282,0.6219984561350735,0.6980920314253647,0,62,0,62,0.5572042500401202,0.5490322143201031,0.6789775481087681,0.8359795112552868,0.0,10,62,0.16129032258064516,0.6655212621622726,0.392249789889489,10,62,0.16129032258064516,0.6601420713151533,0.8766834144622377,0.6148183015045392,0.6451612903225806,0.8064516129032258,1.0,0.7998235373815729,0.686819350400404,0.5572042500401202,0.0,0.16719590225105738,0.1758898058872355,0.1758898058872355,0.1406808067340869,portable
244,portable_alpha_1.50,portable,44,1.5,none,0.0,683,62,portable/indeterminate,0.7511188415773679,0.005868468063775078,127.99231987200879,75.21126722356342,60.809832428904386,0.878141924732676,0.8751365578772752,0.8112805513123177,0.6944883750903142,0.6751165064360977,0.1836535496423618,0.18835412953060013,0.48567359932965376,0.6110232498193715,0.8116458704693998,0,62,0,62,0.5704230574195455,0.5603626206453247,0.6785148779703654,0.8356807469284825,0.0,10,62,0.16129032258064516,0.6555436369698187,0.3992698026594208,10,62,0.16129032258064516,0.6569801501221673,0.8696458184027289,0.6236800062376767,0.6451612903225806,0.8064516129032258,1.0,0.7971909098251322,0.679294216018977,0.5704230574195455,0.0,0.16713614938569651,0.18388886326065115,0.18388886326065115,0.1465945302094678,portable
245,portable_alpha_1.50,portable,45,1.5,none,0.0,683,62,portable/indeterminate,0.7518166508826652,0.005733796002607222,131.1202300432045,76.91247582964783,61.15325801833337,0.9041018608526592,0.9145574484603435,0.8284135883905013,0.7032549420090793,0.6670878112635624,0.20084691884357986,0.25081459758879115,0.49702052452762957,0.5934901159818413,0.7491854024112088,0,62,0,62,0.5623109721894414,0.5534094047338068,0.6795867254421032,0.8545830647738648,0.0,10,62,0.16129032258064516,0.7100056471017773,0.38383696385983856,10,62,0.16129032258064516,0.6583651497711388,0.8990015137391696,0.637581276401808,0.6451612903225806,0.8064516129032258,1.0,0.8132588845097657,0.6917645098069851,0.5623109721894413,0.0,0.17091661295477298,0.1896806942294,0.1896806942294,0.1542595098020398,portable
246,portable_alpha_1.50,portable,46,1.5,none,0.0,683,62,portable/indeterminate,0.7607837840760956,0.005098682194924661,149.2118463146019,76.17651389060995,61.617968374072895,0.8507932925982502,0.8505082979160978,0.8043414109151507,0.6681895276727731,0.6745365672779483,0.18260376492547714,0.2768817204301075,0.5205452007732829,0.6636209446544539,0.7231182795698925,1,62,0,62,0.5758379169921514,0.5650039288504154,0.6852083348015482,0.8464057098956661,0.016129032258064516,10,62,0.16129032258064516,0.6587427394968102,0.3550776781906876,10,62,0.16129032258064516,0.658963177978712,0.8376076558846035,0.5799819439823503,0.6451612903225806,0.8064516129032258,1.0,0.7768020223405369,0.7126959210217417,0.5758379169921514,0.016129032258064516,0.18218436778558486,0.2680919236675581,0.2680919236675581,0.20825434847812394,portable
247,portable_alpha_1.50,portable,47,1.5,none,0.0,683,62,portable/indeterminate,0.759117325146548,0.00576623363373383,131.64872833204888,80.8622385706842,61.61315138519035,0.8742188584918762,0.8775347709477921,0.7908753992501041,0.680936760587053,0.6852105863310228,0.1932820979048232,0.25,0.5164948091706584,0.638126478825894,0.75,0,62,0,62,0.5804758714916166,0.5689793184213857,0.6797646235011012,0.8984693174520466,0.0,10,62,0.16129032258064516,0.6903114341831442,0.38036634358118526,46,62,0.7419354838709677,0.043946951926024436,0.8651229490562323,0.6015592416164064,0.6451612903225806,1.0,1.0,0.821749656754273,0.717537872610357,0.5804758714916167,0.0,0.17969386349040933,0.21542679627663927,0.21542679627663927,0.177026895896001,portable
248,portable_alpha_1.50,portable,48,1.5,none,0.0,683,62,portable/indeterminate,0.7513612315103944,0.004985235019690816,150.71731393658422,81.05411794072988,60.85217953110418,0.8765970004166089,0.8903879079597613,0.8125998125260381,0.6583303320326586,0.6570031213362605,0.21826666838395037,0.21428571428571427,0.5795762264237202,0.6833393359346829,0.7857142857142857,0,62,0,62,0.6058113467261299,0.5906954400509685,0.6856369218315368,0.9006013104525542,0.0,10,62,0.16129032258064516,0.6451515952350008,0.3661381160461414,10,62,0.16129032258064516,0.6562353509384895,0.8678675018879425,0.5627261003946032,0.6451612903225806,0.8064516129032258,1.0,0.7902063609834317,0.737400788616199,0.6058113467261299,0.0,0.18012026209051085,0.21970435723340917,0.21970435723340917,0.17361178062161614,portable
249,portable_alpha_1.50,portable,49,1.5,none,0.0,683,62,portable/indeterminate,0.7518388714458122,0.004938445810401345,152.24200088665359,78.01893189921329,60.70553693972589,0.8812404527149008,0.8858826126406968,0.8191961185946396,0.682968074498274,0.6618401228066525,0.1982723782166268,0.22549019607843138,0.5200717206285002,0.634063851003452,0.7745098039215687,0,62,0,62,0.5802646489891575,0.5687982705621349,0.6860654972790542,0.8668770211023699,0.0,10,62,0.16129032258064516,0.631779229748128,0.35226849349165035,10,62,0.16129032258064516,0.6538149904312895,0.8732015262411087,0.6049265649618539,0.6451612903225806,0.8064516129032258,1.0,0.7970934196167397,0.7046971186779273,0.5802646489891574,0.0,0.17337540422047398,0.19858493758187945,0.19858493758187945,0.1582907469815171,portable
250,portable_alpha_1.50,portable,50,1.5,none,0.0,683,62,portable/indeterminate,0.7481042423024042,0.005160749575267116,144.96038441541373,77.41801647098127,60.57959394910418,0.8892688515483962,0.892247616692414,0.7997500347174004,0.6685251098130944,0.6728053329987743,0.22074374173530176,0.30825496342737724,0.5670727078656526,0.6629497803738111,0.6917450365726228,1,62,0,62,0.5803440978032329,0.5688663695456283,0.683967846738344,0.8602001830109031,0.016129032258064516,11,62,0.1774193548387097,0.642822937107999,0.37927703290801446,11,62,0.1774193548387097,0.6513651181974514,0.8823478356616468,0.5805602635611473,0.7096774193548387,0.8870967741935484,1.0,0.8242299441869382,0.7327690881552226,0.5803440978032329,0.016129032258064516,0.18494326240863224,0.2749651066624132,0.2749651066624132,0.22663447451771634,portable
251,nonportable_low,nonportable,1,1.0,low,0.25,683,62,non-portable,0.7632133013400964,0.002403460723267,317.5476486683203,84.82006573818512,62.22592611393161,0.800557214275795,0.7878843112576155,0.7437421885849188,0.6441363865440924,0.6366460951165257,0.15642082773170252,0.2768817204301075,0.5204361110033741,0.7117272269118151,0.7231182795698925,1,62,0,62,0.6047334065133402,0.5897714912971487,0.7145446144681713,0.9424451748687236,0.016129032258064516,10,62,0.16129032258064516,0.41951709747825816,0.2743672081242118,10,62,0.16129032258064516,0.3583217874762927,0.7753156960565095,0.5369103957721296,0.6451612903225806,0.8064516129032258,1.0,0.7413488876054678,0.7530370664882595,0.6047334065133402,0.016129032258064516,0.20139226078019634,0.34163870776150096,0.34163870776150096,0.25327347596195826,indeterminate
252,nonportable_low,nonportable,2,1.0,low,0.25,683,62,non-portable,0.7586375359699723,0.0023341825293081283,325.0120872915791,79.70190139892186,61.76570043449776,0.7409213998055826,0.7393891723489601,0.686124323010693,0.6594330599774233,0.6667697689648661,0.08148833982815928,0.29292929292929293,0.33823620439661356,0.6811338800451534,0.7070707070707071,0,62,0,62,0.5545632368238047,0.5467684887061183,0.7153619472201108,0.8855766822102429,0.0,9,62,0.14516129032258066,0.4131702556254604,0.2615245047207309,10,62,0.16129032258064516,0.36223860332802427,0.6941489750847185,0.5646823177281599,0.5806451612903226,0.8064516129032258,1.0,0.6906394935087238,0.6534642038685136,0.5545632368238046,0.0,0.17711533644204858,0.20420951283831984,0.20420951283831984,0.14103515451632043,portable
253,nonportable_low,nonportable,3,1.0,low,0.25,683,62,non-portable,0.7548936943203284,0.0029817808994519945,253.1687336447377,73.12358460310024,61.70685879166244,0.8034908346063048,0.7790253696795058,0.7496875433967505,0.6467701110642438,0.6515914450988333,0.156720723542061,0.27859237536656895,0.516393596351477,0.7064597778715125,0.7214076246334311,1,62,0,62,0.5798665135529489,0.5684570116168134,0.7063247768354279,0.8124842733677805,0.016129032258064516,12,62,0.1935483870967742,0.46153965663445984,0.286490054461597,18,62,0.2903225806451613,0.23123720263385975,0.7790902830947191,0.5417935235202498,0.7741935483870968,1.0,1.0,0.7985632035768039,0.6962012346527857,0.5798665135529488,0.016129032258064516,0.17540008048000774,0.24449571071653428,0.24449571071653428,0.1952452780105831,portable
254,nonportable_low,nonportable,4,1.0,low,0.25,683,62,non-portable,0.7590472127484885,0.002899837291076559,261.7551043585255,81.25698976252752,61.720460571087955,0.8047493403693932,0.7823548660987344,0.7463980697125399,0.6689452285965829,0.6543312781353176,0.13580411177281027,0.23893105629348513,0.4456256135229012,0.6621095428068342,0.7610689437065149,2,62,0,62,0.5852469277386073,0.5730687952045205,0.7075639600734027,0.9028554418058614,0.03225806451612903,10,62,0.16129032258064516,0.4515454793490488,0.2858385971314227,10,62,0.16129032258064516,0.36472959280487993,0.7807039648540196,0.5812834568376825,0.6451612903225806,0.8064516129032258,1.0,0.748480328110778,0.7307386635707922,0.5852469277386072,0.03225806451612903,0.20637753997407554,0.4277625879128167,0.4277625879128167,0.32017188215450054,indeterminate
255,nonportable_low,nonportable,5,1.0,low,0.25,683,62,non-portable,0.7570596912423394,0.002966435052226118,255.20858468626002,79.33293216430526,61.50926087373721,0.8140102069157062,0.813523769888139,0.7602242744063324,0.6524823061867397,0.6366438417609613,0.1615279007289665,0.22474747474747478,0.5144033447687498,0.6950353876265205,0.7752525252525252,2,62,1,62,0.6008417037687342,0.5864357460874865,0.7066238764006453,0.8814770240478362,0.03225806451612903,10,62,0.16129032258064516,0.4490068779006132,0.2813902445267257,10,62,0.16129032258064516,0.35015068856545706,0.792477390107385,0.5522360114783167,0.6451612903225806,0.8064516129032258,1.0,0.7514622962015243,0.7420542334905732,0.6008417037687342,0.03225806451612903,0.2021018564224705,0.41056888022667554,0.41056888022667554,0.3085270334840262,indeterminate
256,nonportable_low,nonportable,6,1.0,low,0.25,683,62,non-portable,0.7554114461030306,0.0025910073635592485,291.55125405175505,72.91117782480238,61.55289852423766,0.7721670601305376,0.7610340371244968,0.7184201846965699,0.5879497585856805,0.6155179198630368,0.18421730154485705,0.2642554578038449,0.6768537730337469,0.8241004828286389,0.735744542196155,0,62,0,62,0.6263871307563645,0.6083318263625982,0.7114997884262865,0.8101241980533598,0.0,10,62,0.16129032258064516,0.4570299546297573,0.2705634070261579,10,62,0.16129032258064516,0.3617211201301527,0.7377900245063463,0.41940376389746564,0.6451612903225806,0.8064516129032258,1.0,0.7108353886429198,0.7281817434718707,0.6263871307563645,0.0,0.16202483961067196,0.16522131179011773,0.16522131179011773,0.11744515537842137,portable
257,nonportable_low,nonportable,7,1.0,low,0.25,683,62,non-portable,0.7614265644096849,0.002513871182067593,302.89004855985957,76.51647736926647,61.85420988882978,0.7730697125399248,0.7861428835580953,0.7233543952228857,0.6423722778972999,0.6490460719834142,0.13069743464262495,0.3246753246753247,0.4786229619790441,0.7152554442054002,0.6753246753246753,3,62,0,62,0.5801068454882838,0.568663010418529,0.7128678127656519,0.8501830818807385,0.04838709677419355,9,62,0.14516129032258066,0.48604172693020176,0.2622245393035826,10,62,0.16129032258064516,0.35460391669822755,0.7390124661193813,0.5336146135504535,0.5806451612903226,0.8064516129032258,1.0,0.7099644686082845,0.7344234759557274,0.580106845488284,0.04838709677419355,0.20874629379550258,0.49158297898690295,0.49158297898690295,0.3490064484533141,indeterminate
258,nonportable_low,nonportable,8,1.0,low,0.25,683,62,non-portable,0.7469246236479272,0.0026829261728896227,278.3992460155765,79.85196198133106,60.90202450476875,0.7397496875433967,0.7311608451163415,0.6979803152339953,0.5882445881400264,0.5762663016452101,0.1515050994033702,0.22630479366722253,0.631930330987174,0.8235108237199471,0.7736952063327774,2,62,0,62,0.6430776477962765,0.6226379838253798,0.7098274392068415,0.8872440220147896,0.03225806451612903,11,62,0.1774193548387097,0.4132133435655714,0.2707709567012924,10,62,0.16129032258064516,0.34585480734621155,0.6924589338630799,0.4201061488243809,0.7096774193548387,0.8064516129032258,1.0,0.7011433076204298,0.7768243548563762,0.6430776477962764,0.03225806451612903,0.20325525601586117,0.4154557369682962,0.4154557369682962,0.29129400958783447,indeterminate
259,nonportable_low,nonportable,9,1.0,low,0.25,683,62,non-portable,0.7529151089978374,0.0017718862112231888,424.92294608358424,81.04790372882248,60.97806727668614,0.7133297458686294,0.7192724243184612,0.6749192820441605,0.6276951507681344,0.6181022067872312,0.08563459510049498,0.22630479366722253,0.4014189148907046,0.7446096984637312,0.7736952063327774,0,62,0,62,0.5907872020867765,0.5778176017886656,0.7244671291798628,0.9005322636535831,0.0,9,62,0.14516129032258066,0.3562592556722892,0.22624013727685122,10,62,0.16129032258064516,0.3457509161142711,0.6531917725578444,0.5053615552614473,0.5806451612903226,0.8064516129032258,1.0,0.6642288159986154,0.6818426869654012,0.5907872020867765,0.0,0.18010645273071663,0.21865957185132825,0.21865957185132825,0.14523998851757194,portable
260,nonportable_low,nonportable,10,1.0,low,0.25,683,62,non-portable,0.759145718944121,0.0025180521184684315,301.48133685408396,81.65578768569337,61.62309543974964,0.7575423552284405,0.7641131874535536,0.7029318844604917,0.6545559741283425,0.6510491732975451,0.10298638110009795,0.29121863799283154,0.39988133605732096,0.6908880517433149,0.7087813620071685,0,62,0,62,0.5699231051414421,0.5599340901212361,0.7127013511998113,0.9072865298410374,0.0,10,62,0.16129032258064516,0.41375014398020626,0.2684084544557055,10,62,0.16129032258064516,0.35852036684104444,0.7176940228655112,0.5559783703137067,0.6451612903225806,0.8064516129032258,1.0,0.7144448484641263,0.6844820000286603,0.5699231051414422,0.0,0.1814573059682075,0.21744523179477523,0.21744523179477523,0.15535262567886501,portable
261,nonportable_low,nonportable,11,1.0,low,0.25,683,62,non-portable,0.7471019039054818,0.002151251109150652,347.2871673267606,83.42061746158546,60.83430415535687,0.7581846271351201,0.7601869944690498,0.7148052353839744,0.5972334769633814,0.6115902190303064,0.16095115017173878,0.27777777777777773,0.6233955598274465,0.8055330460732373,0.7222222222222223,0,62,0,62,0.6326192040704083,0.6136736034889214,0.7176686467263714,0.9268957495731718,0.0,7,62,0.11290322580645161,0.4017155031623741,0.24449204352221426,11,62,0.1774193548387097,0.3187654692890051,0.718588376102926,0.44098407445934223,0.45161290322580644,0.8870967741935484,1.0,0.6767796922715908,0.7605106433640257,0.6326192040704082,0.0,0.18537914991463436,0.23095094822372492,0.23095094822372492,0.15630291166868465,portable
262,nonportable_low,nonportable,12,1.0,low,0.25,683,62,non-portable,0.7564926597608248,0.002726407118323692,277.4687076910024,75.3548283191198,61.874942382326594,0.7595386057492015,0.7495508959349784,0.7045766213025969,0.5625624929885231,0.5659252850674726,0.1969761127606784,0.21442125237191653,0.7589472563901388,0.8748750140229538,0.7855787476280834,0,62,0,62,0.6610637140771938,0.6380546120661661,0.7097053962095442,0.8372758702124423,0.0,10,62,0.16129032258064516,0.4075842496433163,0.2714965268582462,10,62,0.16129032258064516,0.3572131985638972,0.7204701322736446,0.3537301032949362,0.6451612903225806,0.8064516129032258,1.0,0.6956080764663161,0.7628313930341505,0.6610637140771938,0.0,0.16745517404248847,0.1828538571822715,0.1828538571822715,0.12719461986900635,portable
263,nonportable_low,nonportable,13,1.0,low,0.25,683,62,non-portable,0.7557811770929265,0.0028464243771886993,265.5194998854604,77.69783395988058,61.53843830957603,0.755797805860297,0.7608021085297735,0.6894137966949034,0.6559505477846531,0.6388954352290775,0.09984725807564387,0.22630479366722253,0.3903366478842085,0.6880989044306938,0.7736952063327774,0,62,0,62,0.5705885588115797,0.560504478981354,0.7080913280009028,0.8633092662208953,0.0,11,62,0.1774193548387097,0.48196482918168715,0.2854783535499688,11,62,0.1774193548387097,0.3416639700003751,0.7152591220813573,0.5584810610659113,0.7096774193548387,0.8870967741935484,1.0,0.7384776671472698,0.6604735572684258,0.5705885588115797,0.0,0.17266185324417907,0.19647095267613915,0.19647095267613915,0.14508941079447688,portable
264,nonportable_low,nonportable,14,1.0,low,0.25,683,62,non-portable,0.7565503612710252,0.002860477115253147,264.4839761999186,73.68842225559435,61.253999561355045,0.7802388557144839,0.7739394050835469,0.7292997500347174,0.6728644253346806,0.6487017112552104,0.10737443037980332,0.22474747474747478,0.3831532572670784,0.6542711493306388,0.7752525252525252,3,62,0,62,0.5646285781874877,0.5553959241607037,0.7079471932161083,0.8187602472843817,0.04838709677419355,10,62,0.16129032258064516,0.4238197710276236,0.2847374699423046,10,62,0.16129032258064516,0.3629164130482518,0.7486505936877148,0.5879871177750081,0.6451612903225806,0.8064516129032258,1.0,0.7331240086213583,0.6910151913201067,0.5646285781874876,0.04838709677419355,0.2024617268762312,0.47527905252905656,0.47527905252905656,0.3484384842038631,indeterminate
265,nonportable_low,nonportable,15,1.0,low,0.25,683,62,non-portable,0.7604335619719768,0.0027826765671589344,273.2741458157915,80.45762658995021,61.569704245641766,0.781184904874323,0.8011746341613519,0.7134686154700736,0.6166604637412734,0.6372550766157555,0.16452444113304965,0.25252525252525254,0.585111214297171,0.7666790725174533,0.7474747474747474,1,62,0,62,0.6197527587028738,0.6026452217453204,0.7091488568925822,0.8939736287772245,0.016129032258064516,13,62,0.20967741935483872,0.32373693294269934,0.28394133683082373,11,62,0.1774193548387097,0.34659605998922793,0.7499132014764416,0.48303305009341413,0.8387096774193549,0.8870967741935484,1.0,0.7740663573604655,0.7518854420293191,0.6197527587028737,0.016129032258064516,0.19169795156189653,0.305776951276799,0.305776951276799,0.23669165083962032,portable
266,nonportable_low,nonportable,16,1.0,low,0.25,683,62,non-portable,0.7568030640534193,0.002579157852365494,293.4303006538788,87.72947545598683,61.50622984948308,0.7765327732259408,0.7733487155975648,0.7019207401749756,0.6396025392620416,0.6186511943018932,0.13693023396389925,0.27859237536656895,0.4951681942307089,0.7207949214759168,0.7214076246334311,3,62,2,62,0.6120434700585446,0.5960372600501811,0.711731033726053,0.9747719495109648,0.04838709677419355,12,62,0.1935483870967742,0.40875220166441584,0.27493972218128104,15,62,0.24193548387096775,0.2944224496578433,0.7436837677749069,0.5283985981473486,0.7741935483870968,1.0,1.0,0.7795204533796077,0.7875447163336262,0.6120434700585446,0.04838709677419355,0.23366406732154782,0.6084129336291109,0.6084129336291109,0.4742703258645817,cohort-conditioned
267,nonportable_low,nonportable,17,1.0,low,0.25,683,62,non-portable,0.7541117787325375,0.0022159482638346314,340.3110943698523,76.90486157210425,61.17788702465996,0.7651628246076935,0.7459219316475681,0.7227208026662963,0.567990006143145,0.5902302730028037,0.19717281846454848,0.21442125237191653,0.7435914848028349,0.86401998771371,0.7855787476280834,1,62,0,62,0.663464032192722,0.6401120275937616,0.7169664788413695,0.8544984619122695,0.016129032258064516,10,62,0.16129032258064516,0.4349350235867923,0.2552707264522452,10,62,0.16129032258064516,0.3650487020356903,0.7282346113824768,0.3687546776466571,0.6451612903225806,0.8064516129032258,1.0,0.7009927734559042,0.7797264896770633,0.6634640321927219,0.016129032258064516,0.18380291818890554,0.2799822895339058,0.2799822895339058,0.1962655616589066,portable
268,nonportable_low,nonportable,18,1.0,low,0.25,683,62,non-portable,0.7621369068757377,0.003088068742087095,246.8004991238121,77.79625627116513,62.213850017916485,0.8060772809332036,0.8028763741460486,0.742440286071379,0.6643664202435816,0.6523543060596997,0.14171086068962202,0.22772657450076805,0.4629904586761802,0.6712671595128368,0.772273425499232,0,62,0,62,0.5793841942039811,0.5680435950319838,0.7053712740782471,0.8644028474573904,0.0,12,62,0.1935483870967742,0.41699560787163775,0.3035824709685565,10,62,0.16129032258064516,0.36592098133525475,0.7824030686713896,0.5733522830574265,0.7741935483870968,0.8064516129032258,1.0,0.7743432142543408,0.685228652228824,0.579384194203981,0.0,0.1728805694914781,0.1969882958974622,0.1969882958974622,0.15253655021572607,portable
269,nonportable_low,nonportable,19,1.0,low,0.25,683,62,non-portable,0.7600291855098922,0.002654697252731094,286.29599278335445,80.78554355266168,62.01865864928811,0.7914091792806555,0.7809878499238428,0.7328973406471323,0.6474679048855785,0.6393780331549697,0.14394127439507698,0.29310344827586204,0.4939490058288366,0.705064190228843,0.7068965517241379,0,62,0,62,0.5857283261791734,0.5734814224392915,0.7108430587080928,0.8976171505851298,0.0,10,62,0.16129032258064516,0.4072276204091783,0.2806726766103471,10,62,0.16129032258064516,0.36125183494557495,0.7634254112624959,0.5430799294497606,0.6451612903225806,0.8064516129032258,1.0,0.736020698576224,0.7101818532513597,0.5857283261791734,0.0,0.17952343011702598,0.21138372324579013,0.21138372324579013,0.15558279565100966,portable
270,nonportable_low,nonportable,20,1.0,low,0.25,683,62,non-portable,0.7590896022439046,0.002031427582135536,373.67298195582856,73.82024765134184,61.76364852072539,0.7403398833495348,0.7364190516942045,0.7183681085960283,0.6124398572321471,0.615580126397151,0.1279000261173877,0.25081459758879115,0.5321631363670847,0.7751202855357058,0.7491854024112088,5,62,1,62,0.6129188662263886,0.5967875996226188,0.720174237850211,0.8202249739037982,0.08064516129032258,12,62,0.1935483870967742,0.35893482859046927,0.2492881253597702,18,62,0.2903225806451613,0.2386820022964492,0.6933107288215505,0.47421483998741987,0.7741935483870968,1.0,1.0,0.7489155580869368,0.7681749156355397,0.6129188662263885,0.08064516129032258,0.2285611238130177,0.7055533044668025,0.7055533044668025,0.5283998467748379,non-portable
271,nonportable_low,nonportable,21,1.0,low,0.25,683,62,non-portable,0.7591717931895673,0.0022084036083718137,343.7649668346995,75.51541069452168,61.658301951648234,0.7586012359394528,0.771858029740327,0.7276202957922511,0.6124021933433021,0.6041594253179724,0.14619904259615069,0.25081459758879115,0.5653454905775499,0.7751956133133957,0.7491854024112088,0,62,0,62,0.6076838268320134,0.5923004229988686,0.7173163358619074,0.8390601188280187,0.0,10,62,0.16129032258064516,0.37714334469369826,0.2501049521765587,10,62,0.16129032258064516,0.36716045325138524,0.7191679024253694,0.4741354096527745,0.6451612903225806,0.8064516129032258,1.0,0.7069974921779622,0.7065292211890505,0.6076838268320134,0.0,0.16781202376560375,0.18117805975252269,0.18117805975252269,0.12809243388270253,portable
272,nonportable_low,nonportable,22,1.0,low,0.25,683,62,non-portable,0.7607099401431038,0.0018776891128562804,405.13093191765716,77.04008459224255,62.143741589845355,0.738482502430218,0.7495572380543825,0.6841367518400222,0.5668553560034736,0.5725439179045745,0.17162714642674437,0.29391804586465325,0.719663475004687,0.8662892879930528,0.7060819541353467,0,62,0,62,0.6451541585877503,0.6244178502180716,0.722889294479609,0.8560009399138061,0.0,7,62,0.11290322580645161,0.40294046304577946,0.22295437174994595,10,62,0.16129032258064516,0.3598742256583388,0.6906265306664926,0.36566475357483824,0.45161290322580644,0.8064516129032258,1.0,0.6431700632713753,0.7593237516442104,0.6451541585877503,0.0,0.17120018798276124,0.1872560571069787,0.1872560571069787,0.12043749009744376,indeterminate
273,nonportable_low,nonportable,23,1.0,low,0.25,683,62,non-portable,0.7598784487220789,0.002584175801264484,294.0506014916851,79.93601656383805,62.05422778945602,0.7764633384252186,0.759626151458566,0.7061866407443411,0.6116675524693219,0.6342944940355802,0.16479578595589672,0.26344086021505375,0.5960854950772173,0.7766648950613562,0.7365591397849462,3,62,0,62,0.6262802591463538,0.608240222125446,0.7118069663599867,0.8881779618204229,0.04838709677419355,11,62,0.1774193548387097,0.3795244642441282,0.2722586874155376,11,62,0.1774193548387097,0.35471711877383433,0.7435903958836728,0.47258343701260186,0.7096774193548387,0.8870967741935484,1.0,0.7440535416430967,0.7819338415809615,0.6262802591463538,0.04838709677419355,0.21634526978343943,0.5334397438261931,0.5334397438261931,0.3969077306470652,cohort-conditioned
274,nonportable_low,nonportable,24,1.0,low,0.25,683,62,non-portable,0.75626322286024,0.0026755718998651137,282.654793503537,75.55163575771503,61.635492532046335,0.7777652409387585,0.7786127807405686,0.7075232606582419,0.669810894539422,0.6449043570015658,0.10795434639933654,0.28104575163398693,0.3886531879744386,0.660378210921156,0.7189542483660131,5,62,0,62,0.5664120969017948,0.5569246544872527,0.7103791533286714,0.839462619530167,0.08064516129032258,10,62,0.16129032258064516,0.40552826992172286,0.2624519509684921,10,62,0.16129032258064516,0.3632365858680382,0.7453391723755817,0.5827707860547267,0.6451612903225806,0.8064516129032258,1.0,0.7309466647932635,0.7353291072276384,0.5664120969017947,0.08064516129032258,0.23240865293829147,0.7168585360933605,0.7168585360933605,0.5239853560860231,non-portable
275,nonportable_low,nonportable,25,1.0,low,0.25,683,62,non-portable,0.7529632946650148,0.00261303748824718,288.15633072685114,83.78759811125943,61.1122247353183,0.7630277044854882,0.7667966974954246,0.7111382099708374,0.6271434686122291,0.6308562628405995,0.13588423587325904,0.25326797385620914,0.5166156779532556,0.7457130627755417,0.7467320261437909,1,62,1,62,0.6112067259148046,0.5953200507841182,0.7110772440108485,0.9309733123473269,0.016129032258064516,9,62,0.14516129032258066,0.4301639783540364,0.27649498401426503,10,62,0.16129032258064516,0.36008778957467924,0.725296773032237,0.5042687152941954,0.5806451612903226,0.8064516129032258,1.0,0.7001720322390865,0.7473284689464486,0.6112067259148046,0.016129032258064516,0.199097888275917,0.33490004020641545,0.33490004020641545,0.2344876417482777,indeterminate
276,nonportable_low,nonportable,26,1.0,low,0.25,683,62,non-portable,0.746872802062928,0.0019316317084863161,386.6538319813562,80.98700714944768,60.57486193772138,0.7270084016108874,0.7387079208799446,0.6716124496597695,0.5972077262837815,0.5924128173276361,0.12980067532710593,0.17647058823529413,0.5717879796783726,0.805584547432437,0.8235294117647058,0,62,0,62,0.6370142107125519,0.6174407520393302,0.7213276904059334,0.8998556349938631,0.0,9,62,0.14516129032258066,0.3957628041083625,0.2285708459363517,10,62,0.16129032258064516,0.35515559483211967,0.6738076900880361,0.44092567692022994,0.5806451612903226,0.8064516129032258,1.0,0.6680931869295894,0.7347955849998806,0.6370142107125519,0.0,0.17997112699877263,0.2224103049917136,0.2224103049917136,0.1485908094678959,portable
277,nonportable_low,nonportable,27,1.0,low,0.25,683,62,non-portable,0.7537413050294273,0.0026086483810186596,288.9394026860363,84.7708758251147,61.283403431734925,0.8088893903624497,0.8066180013265252,0.7450788084988196,0.6512594470510822,0.6496106440476361,0.15762994331136748,0.25081459758879115,0.5103119376369809,0.6974811058978356,0.7491854024112088,0,62,0,62,0.6016753871436168,0.5871503318373857,0.711175256636623,0.9418986202790522,0.0,10,62,0.16129032258064516,0.41093752863261634,0.2774792538205265,10,62,0.16129032258064516,0.36051479045772433,0.7859890461863316,0.5500171761883117,0.6451612903225806,0.8064516129032258,1.0,0.747996240711997,0.734251253426922,0.6016753871436167,0.0,0.18837972405581047,0.24316555084470257,0.24316555084470257,0.18188691790249947,portable
278,nonportable_low,nonportable,28,1.0,low,0.25,683,62,non-portable,0.7539941911349207,0.0026956104895203927,279.71184786013816,75.37110302291758,61.24632405413056,0.7921035272878767,0.7870992498726908,0.7315954381335925,0.6258715062439176,0.6219380331432381,0.16623202104395907,0.3968253968253968,0.5690859764255174,0.7482569875121647,0.6031746031746033,4,62,0,62,0.5887481874808876,0.5760698749836178,0.709998728486142,0.8374567002546398,0.06451612903225806,11,62,0.1774193548387097,0.40621480075381,0.2845015403341905,10,62,0.16129032258064516,0.364879934250555,0.7643343866239131,0.501739984940243,0.7096774193548387,0.8064516129032258,1.0,0.7452444176124325,0.7701248855557733,0.5887481874808875,0.06451612903225806,0.21910424327673442,0.5927014903367641,0.5927014903367641,0.4417074769840426,cohort-conditioned
279,nonportable_low,nonportable,29,1.0,low,0.25,683,62,non-portable,0.760672686585935,0.002378082808666219,319.8680398402816,81.99676498588367,62.252934540174806,0.7717330926260242,0.7854871037705772,0.7042337869740314,0.6216395541579239,0.6330852477365218,0.15009353846810025,0.26515151515151514,0.5523564944468071,0.7567208916841521,0.7348484848484849,3,62,0,62,0.6196982270899903,0.6025984803628488,0.7148012282764856,0.9110751665098186,0.04838709677419355,10,62,0.16129032258064516,0.37812886771194676,0.2684213397921739,10,62,0.16129032258064516,0.3516774974855429,0.7372015906467161,0.49323332036253176,0.6451612903225806,0.8064516129032258,1.0,0.7179241273596112,0.7790113269276254,0.6196982270899903,0.04838709677419355,0.22092471072131858,0.5538333813278374,0.5538333813278374,0.3976103469924105,cohort-conditioned
280,nonportable_low,nonportable,30,1.0,low,0.25,683,62,non-portable,0.7516921914133939,0.0017251902054486073,435.7155454739721,87.73550629608324,61.59579422307985,0.6950076378280794,0.7038462216435024,0.6597738161366478,0.53446657792648,0.5805425159039092,0.1605410599015994,0.28047718564959945,0.8232552411261652,0.93106684414704,0.7195228143504006,2,62,0,62,0.7010386067432499,0.6723188057799285,0.7252897174743946,0.9748389588453694,0.03225806451612903,11,62,0.1774193548387097,0.3272376588427468,0.22516965363288072,10,62,0.16129032258064516,0.34596037123895973,0.6245120300331762,0.2625512442418813,0.7096774193548387,0.8064516129032258,1.0,0.651414365247228,0.8488600110085289,0.7010386067432497,0.03225806451612903,0.22077424338197713,0.48746616285170014,0.48746616285170014,0.3175424610535421,indeterminate
281,nonportable_low,nonportable,31,1.0,low,0.25,683,62,non-portable,0.7558826435194681,0.0022250124246628537,339.7206393730604,83.38081173736443,61.66651066805788,0.7601027635050688,0.7738660017091746,0.6992822177475351,0.6460577630888046,0.6358632097138229,0.1140450004162642,0.25081459758879115,0.4384613176708587,0.7078844738223908,0.7491854024112088,0,62,0,62,0.5898151475692993,0.5769844122022566,0.7169062277628439,0.9264534637484936,0.0,10,62,0.16129032258064516,0.39117294909204725,0.25908738670442644,10,62,0.16129032258064516,0.3609383186429565,0.7212527483553443,0.5404771282650258,0.6451612903225806,0.8064516129032258,1.0,0.7146740870041748,0.705609433672047,0.5898151475692993,0.0,0.18529069274969873,0.23300506885213296,0.23300506885213296,0.166522684849243,portable
282,nonportable_low,nonportable,32,1.0,low,0.25,683,62,non-portable,0.7604898677601308,0.002963622683890941,256.6081950627006,77.53697143598306,61.89136176864402,0.7873125260380504,0.7889020134345996,0.7197047285099292,0.6613627240053198,0.6618326619494371,0.12594980203273054,0.23893105629348513,0.43837212310071827,0.6772745519893604,0.7610689437065149,1,62,0,62,0.5768656552285534,0.56588484733876,0.7068273754724059,0.8615219048442563,0.016129032258064516,10,62,0.16129032258064516,0.39497763516225437,0.28467873978888586,10,62,0.16129032258064516,0.365660560434962,0.7580402707482635,0.568089295807129,0.6451612903225806,0.8064516129032258,1.0,0.7358290649548447,0.6934799488084276,0.5768656552285534,0.016129032258064516,0.18520760677530287,0.28271889714078674,0.28271889714078674,0.20803278172817002,portable
283,nonportable_low,nonportable,33,1.0,low,0.25,683,62,non-portable,0.7610026142263611,0.0023913302939911883,318.23400395109337,80.45665760333509,61.67123618183867,0.7594865296486599,0.7555745544968604,0.721366824052215,0.5883978039585321,0.6076509828696524,0.17108872569012779,0.25252525252525254,0.6593356731148196,0.8232043920829357,0.7474747474747474,0,62,1,62,0.6424545780878098,0.6221039240752655,0.7146207613370128,0.8939628622592788,0.016129032258064516,10,62,0.16129032258064516,0.41959866770526666,0.26642191578218416,10,62,0.16129032258064516,0.34330000996076104,0.72039784792663,0.42047069804810927,0.6451612903225806,0.8064516129032258,1.0,0.7022459937681259,0.7722747681488328,0.6424545780878097,0.016129032258064516,0.19169579825830738,0.30576866211605364,0.30576866211605364,0.2147248179908384,portable
284,nonportable_low,nonportable,34,1.0,low,0.25,683,62,non-portable,0.7561888464719463,0.0030380266275145465,248.9079060806637,81.96064095119787,61.687706896019236,0.8149736147757256,0.8097772679380838,0.7467061866407443,0.6586344663015146,0.6707900416059133,0.15633914847421104,0.29292929292929293,0.49635633316629096,0.6827310673969709,0.7070707070707071,1,62,0,62,0.586441852301482,0.5740930162584131,0.7056901855702161,0.910673788346643,0.016129032258064516,11,62,0.1774193548387097,0.44476753398419855,0.29589554052651673,10,62,0.16129032258064516,0.3494389277017885,0.7936921503652731,0.56326630700143,0.7096774193548387,0.8064516129032258,1.0,0.7660759316892312,0.7330292596417561,0.586441852301482,0.016129032258064516,0.19503798347578025,0.3145250633019813,0.3145250633019813,0.24095008090867975,portable
285,nonportable_low,nonportable,35,1.0,low,0.25,683,62,non-portable,0.7536575236773553,0.0025476535021835803,295.8241860721638,85.32729728447862,61.26286873312966,0.7629843077350367,0.7613698565115502,0.7259582002499654,0.6396201853619075,0.6334745592108718,0.12336412237312921,0.28047718564959945,0.4690930931796192,0.7207596292761851,0.7195228143504006,0,62,0,62,0.5949132661091879,0.5813542280935896,0.7120229789102712,0.9480810809386513,0.0,10,62,0.16129032258064516,0.46828863249269453,0.2732302286746416,10,62,0.16129032258064516,0.3713665575519487,0.7252369374694544,0.52843199252488,0.6451612903225806,0.8064516129032258,1.0,0.7154616679872152,0.7245418649146083,0.5949132661091878,0.0,0.18961621618773028,0.2446361906338,0.2446361906338,0.1750278170008969,portable
286,nonportable_low,nonportable,36,1.0,low,0.25,683,62,non-portable,0.7533173721214552,0.002982189361083938,252.6054790322391,85.74702496163658,60.936487131992614,0.8276541452576032,0.8127235062548863,0.7625026038050271,0.6648592570143285,0.6649588736767191,0.1627948882432747,0.25252525252525254,0.4968497746771512,0.6702814859713431,0.7474747474747474,3,62,1,62,0.6036632472361878,0.5888542119167324,0.7062416567237295,0.952744721795962,0.04838709677419355,9,62,0.14516129032258066,0.4699305501413682,0.2882666222100795,10,62,0.16129032258064516,0.3623096798300447,0.8095111429221999,0.5742112102951813,0.5806451612903226,0.8064516129032258,1.0,0.7492734666841666,0.7799490724016295,0.6036632472361878,0.04838709677419355,0.22925862177854728,0.5922929873572615,0.5922929873572615,0.4437894199298966,cohort-conditioned
287,nonportable_low,nonportable,37,1.0,low,0.25,683,62,non-portable,0.7543149182708659,0.0025728900155207474,293.1780658016951,79.90612486229355,61.16320645451726,0.7778520344396612,0.7854175565948271,0.7385172198305792,0.6457141580626741,0.6381815618237083,0.13213787637698715,0.20451830129249485,0.4755692238981335,0.7085716838746519,0.7954816987075052,0,62,0,62,0.5965280896765928,0.5827383625799367,0.711700099776004,0.8878458318032617,0.0,10,62,0.16129032258064516,0.38611275381992705,0.26510449959036775,10,62,0.16129032258064516,0.3633245770613767,0.7454556116089827,0.5398410100440204,0.6451612903225806,0.8064516129032258,1.0,0.7267119068088934,0.7000192334645048,0.5965280896765928,0.0,0.17756916636065234,0.2126717759130359,0.2126717759130359,0.154551111798196,portable
288,nonportable_low,nonportable,38,1.0,low,0.25,683,62,non-portable,0.7531691653453823,0.002403506707624449,313.3626226031177,77.09455135217303,60.922589108101164,0.7619948618247465,0.7815800060738498,0.7243134634078601,0.6225340615902715,0.6076163741672701,0.13946080023447505,0.25326797385620914,0.5323035698607063,0.7549318768194571,0.7467320261437909,2,62,0,62,0.6061512502539227,0.5909867859319338,0.7140758380481966,0.8566061261352559,0.03225806451612903,11,62,0.1774193548387097,0.3603288176737558,0.26278449084102856,11,62,0.1774193548387097,0.3327115114435456,0.723871344680457,0.49504355685186224,0.7096774193548387,0.8870967741935484,1.0,0.7364400280254148,0.7369794046351131,0.6061512502539226,0.03225806451612903,0.1971276768399544,0.3856320438949279,0.3856320438949279,0.28399487321347866,indeterminate
289,nonportable_low,nonportable,39,1.0,low,0.25,683,62,non-portable,0.7561095177370611,0.0026593671060933075,284.3193465109108,75.01124293478416,61.49133144702239,0.7794750729065408,0.756674733531594,0.742114810442994,0.6273649026660014,0.6253029315020303,0.1521101702405394,0.26515151515151514,0.5442709743613039,0.7452701946679972,0.7348484848484849,0,62,0,62,0.5947400088011177,0.5812057218295293,0.7105921440979854,0.8334582548309352,0.0,11,62,0.1774193548387097,0.42308540008694173,0.2782681769698611,10,62,0.16129032258064516,0.364922457905988,0.7476296849464189,0.5047076434253823,0.7096774193548387,0.8064516129032258,1.0,0.7371888326221994,0.6973244323998327,0.5947400088011178,0.0,0.16669165096618704,0.1771631171634039,0.1771631171634039,0.13060267152539967,portable
290,nonportable_low,nonportable,40,1.0,low,0.25,683,62,non-portable,0.7540932811041363,0.0017747837344713915,424.89305398594854,81.44257926528373,60.90327851524269,0.7488456464379947,0.7620556537482963,0.7035828357172615,0.5900384661050427,0.5969710746313536,0.15880718033295194,0.20165945165945165,0.6381754417090926,0.8199230677899145,0.7983405483405484,0,62,0,62,0.647636903391224,0.6265459171924778,0.7244648151157473,0.9049175473920414,0.0,8,62,0.12903225806451613,0.4032839520470878,0.22975594419724485,10,62,0.16129032258064516,0.3449869814408748,0.7054723898750321,0.42435472450543715,0.5161290322580645,0.8064516129032258,1.0,0.6693652157751565,0.7559543438291075,0.6476369033912239,0.0,0.1809835094784083,0.22346526587129156,0.22346526587129156,0.1495798759081898,portable
291,nonportable_low,nonportable,41,1.0,low,0.25,683,62,non-portable,0.7562764431374996,0.0027133854011813147,278.72061330036007,83.9875592909322,61.82760711427757,0.7702749618108596,0.7554172162202216,0.7170662060824886,0.6157131571435143,0.6107249341172809,0.15456180466734537,0.21755368814192344,0.5718687503709975,0.7685736857129715,0.7824463118580766,3,62,0,62,0.6357234028832263,0.6163343453284796,0.709869469350539,0.9331951032325799,0.04838709677419355,11,62,0.1774193548387097,0.4021216104175793,0.2796596153321128,10,62,0.16129032258064516,0.3448027082589906,0.7352210032512124,0.4810678894782196,0.7096774193548387,0.8064516129032258,1.0,0.7286205163798798,0.7920067188493486,0.6357234028832264,0.04838709677419355,0.22534869806587082,0.5792225246781718,0.5792225246781718,0.4220334150298672,cohort-conditioned
292,nonportable_low,nonportable,42,1.0,low,0.25,683,62,non-portable,0.7579017895383613,0.0028188033049351357,268.87359902389557,81.67663576439885,61.72640800768636,0.7895517983613387,0.7766242969985501,0.7332054575753368,0.6423224098674528,0.6258249148018199,0.1472293884938859,0.2642554578038449,0.5084734038161792,0.7153551802650944,0.735744542196155,1,62,0,62,0.5986289572128062,0.5845391061824053,0.7085534095813568,0.9075181751599872,0.016129032258064516,10,62,0.16129032258064516,0.4329456674568545,0.28232848278967054,10,62,0.16129032258064516,0.36087797503633895,0.7609885654349068,0.5335211520969957,0.6451612903225806,0.8064516129032258,1.0,0.733846397927153,0.7352901852293948,0.5986289572128062,0.016129032258064516,0.19440686083844907,0.3150689986066241,0.3150689986066241,0.23121224972598625,portable
293,nonportable_low,nonportable,43,1.0,low,0.25,683,62,non-portable,0.7549871604230313,0.0020712427924787537,364.50925172297286,78.96767110576019,61.59686630728831,0.7541400499930566,0.7615254481720284,0.6894137966949034,0.584569342182745,0.6004641367396498,0.16957070781031158,0.21714456391875747,0.6672333141311039,0.8308613156345099,0.7828554360812425,0,62,0,62,0.6462830441805952,0.6253854664405102,0.7193296313949357,0.8774185678417799,0.0,9,62,0.14516129032258066,0.39739738436853156,0.24342603430909415,10,62,0.16129032258064516,0.36387480134475714,0.7129376550485416,0.41126473756631515,0.5806451612903226,0.8064516129032258,1.0,0.6846920754744508,0.7531613594038631,0.6462830441805952,0.0,0.175483713568356,0.20540254896707041,0.20540254896707041,0.14063749756000596,portable
294,nonportable_low,nonportable,44,1.0,low,0.25,683,62,non-portable,0.7604673232477478,0.0022635324765894033,335.96483863734454,79.65115501515479,61.78021288338883,0.7485679072351062,0.7559502255448953,0.696300860991529,0.6112519378245987,0.6230546069139465,0.1373159694105075,0.12169312169312169,0.5524283924578732,0.7774961243508025,0.8783068783068784,0,62,0,62,0.6349606895740539,0.6156805910634748,0.71651990882705,0.8850128335017199,0.0,10,62,0.16129032258064516,0.3655385639526736,0.2423374130251264,10,62,0.16129032258064516,0.35057521743479536,0.7050785874427137,0.4717031647648736,0.6451612903225806,0.8064516129032258,1.0,0.6997096101978443,0.7226855294797997,0.6349606895740539,0.0,0.17700256670034398,0.21775001175659497,0.21775001175659497,0.15236177584678307,portable
295,nonportable_low,nonportable,45,1.0,low,0.25,683,62,non-portable,0.7574372108045911,0.0021420875664230196,353.5976879177741,77.01447460885565,61.6996804723334,0.7431867101791418,0.7505940128440209,0.6953244341063741,0.5814668340187766,0.5903535187064515,0.1617198761603652,0.21286393345216878,0.6650029355684584,0.8370663319624467,0.7871360665478312,0,62,0,62,0.6438684366702966,0.6233158028602543,0.7182889014002032,0.8557163845428406,0.0,10,62,0.16129032258064516,0.3860627342080567,0.24511165136089302,10,62,0.16129032258064516,0.36568006586626733,0.6974047751186421,0.403650428016066,0.6451612903225806,0.8064516129032258,1.0,0.6890674303609277,0.7437390150536901,0.6438684366702967,0.0,0.17114327690856812,0.19317810189789747,0.19317810189789747,0.13311273827678566,portable
296,nonportable_low,nonportable,46,1.0,low,0.25,683,62,non-portable,0.7590279893386136,0.002716135374021549,279.45145761081335,77.64293614006277,61.784704035466135,0.7758123871684487,0.7840610093800845,0.7137940910984586,0.637070436849033,0.624771896155841,0.13874195031941572,0.26515151515151514,0.5030301638870227,0.725859126301934,0.7348484848484849,0,62,0,62,0.5894003156528521,0.5766288419881589,0.7099648284345296,0.8626992904451419,0.0,10,62,0.16129032258064516,0.4167360822418513,0.28692504652944656,10,62,0.16129032258064516,0.34865110759012763,0.7427144635301627,0.5235846385237691,0.6451612903225806,0.8064516129032258,1.0,0.7237156956174583,0.6973997511840345,0.5894003156528522,0.0,0.1725398580890284,0.1931558759411733,0.1931558759411733,0.1397899391193657,portable
297,nonportable_low,nonportable,47,1.0,low,0.25,683,62,non-portable,0.761112376728139,0.002808022904117949,271.049205336599,78.239132937581,61.97183475901055,0.800296833773087,0.7932707075168139,0.7516577558672406,0.6790582304855368,0.6623551939221767,0.1212386032875502,0.31899641577060933,0.4037292094100519,0.6418835390289264,0.6810035842293907,0,62,0,62,0.5507982226127893,0.5435413336681051,0.7088493037019111,0.8693236993064556,0.0,10,62,0.16129032258064516,0.4507403797804602,0.2701141390303639,10,62,0.16129032258064516,0.36488562349727327,0.7749797852500244,0.5984283256757434,0.6451612903225806,0.8064516129032258,1.0,0.7473327251925866,0.667886884974413,0.5507982226127893,0.0,0.17386473986129114,0.19281302736293404,0.19281302736293404,0.1440954851917743,portable
298,nonportable_low,nonportable,48,1.0,low,0.25,683,62,non-portable,0.7528802370452352,0.0024440140939587006,308.05069369536847,74.55323508594697,61.29531306647282,0.7486199833356479,0.7438574844218625,0.6854560130537426,0.6268335253203842,0.6268278840170479,0.12178645801526378,0.28203450456934726,0.4898498358068293,0.7463329493592317,0.7179654954306527,0,62,0,62,0.5826645080484038,0.5708552926129176,0.7134694889609654,0.828369278732744,0.0,10,62,0.16129032258064516,0.37139263254734955,0.2567441278332864,10,62,0.16129032258064516,0.36459897904192207,0.7051524421508415,0.5036537011089746,0.6451612903225806,0.8064516129032258,1.0,0.7029415911863183,0.6772448265395096,0.5826645080484039,0.0,0.1656738557465488,0.17330713803692874,0.17330713803692874,0.12182479537562559,portable
299,nonportable_low,nonportable,49,1.0,low,0.25,683,62,non-portable,0.7548151719129159,0.0026238138664001834,287.67862750436115,76.33512244908341,61.460449333189985,0.7432127482294125,0.7239739164261667,0.7081915706151923,0.6424233187671048,0.6191601444307699,0.10078942946230773,0.21286393345216878,0.41440849707120303,0.7151533624657904,0.7871360665478312,0,62,1,62,0.5820020458307659,0.5702874678549421,0.7110172894296682,0.848168027212038,0.016129032258064516,11,62,0.1774193548387097,0.40077516208780706,0.2716548085527658,10,62,0.16129032258064516,0.3613466625670867,0.6974421097545122,0.5337102561635945,0.7096774193548387,0.8064516129032258,1.0,0.7149953063000672,0.6794818260945635,0.5820020458307659,0.016129032258064516,0.18253683124885922,0.27552862707758363,0.27552862707758363,0.1970016751117739,portable
300,nonportable_low,nonportable,50,1.0,low,0.25,683,62,non-portable,0.7587172475831628,0.00212475641128743,357.08434319934196,86.20226681985763,61.72280839336865,0.7578721705318705,0.7364829839029878,0.7032573600888765,0.5934990702339978,0.5974743458387799,0.16437310029787267,0.22549019607843138,0.6374208583999091,0.8130018595320043,0.7745098039215687,3,62,0,62,0.6582913868854858,0.6356783316161307,0.7186257380201545,0.9578029646650847,0.04838709677419355,13,62,0.20967741935483872,0.35314406329863246,0.2583840405542218,11,62,0.1774193548387097,0.3391977831125591,0.7181534244600808,0.432432816132166,0.8387096774193549,0.8870967741935484,1.0,0.7531264454561603,0.8159828539754539,0.6582913868854857,0.04838709677419355,0.2302702703523718,0.5998804199157868,0.5998804199157868,0.4517858083499253,cohort-conditioned
301,nonportable_moderate,nonportable,1,1.0,moderate,0.5,683,62,non-portable,0.7629529816555304,0.002423735778096087,314.78389210182456,81.78146484360589,62.64081562737386,0.7816015136786558,0.7905003078648727,0.7305669351478961,0.6119811055536851,0.6181935143481337,0.1696204081249707,0.3229646697388633,0.6023419615511364,0.7760377888926298,0.6770353302611367,6,62,2,62,0.6291846874098148,0.6107297320655556,0.7142359074988668,0.9086829427067321,0.0967741935483871,12,62,0.1935483870967742,0.42169555076564313,0.26345097392609085,10,62,0.16129032258064516,0.24721706016241118,0.7504685385526242,0.4732464591598866,0.7741935483870968,0.8064516129032258,1.0,0.748365366805204,0.8287376801178319,0.6291846874098148,0.0967741935483871,0.2591559433800561,0.8388484727695229,0.8388484727695229,0.6277651450181492,non-portable
302,nonportable_moderate,nonportable,2,1.0,moderate,0.5,683,62,non-portable,0.7588188803673094,0.0023997477118736462,316.20777326415197,78.41909431632521,61.796689564201934,0.7628107207332315,0.7521130459640482,0.7098363074572975,0.6148929443317753,0.628272482732371,0.1479177764014562,0.22474747474747478,0.5628300702070732,0.7702141113364493,0.7752525252525252,3,62,0,62,0.6237337409384904,0.6060574922329918,0.7143953718793099,0.8713232701813912,0.04838709677419355,11,62,0.1774193548387097,0.44747783361472404,0.27326589921011424,10,62,0.16129032258064516,0.24197076021398695,0.7249975458347863,0.4793598738563238,0.7096774193548387,0.8064516129032258,1.0,0.7233379861094772,0.7667962427920461,0.6237337409384904,0.04838709677419355,0.2129743314556331,0.5229029635818945,0.5229029635818945,0.37823557660800483,cohort-conditioned
303,nonportable_moderate,nonportable,3,1.0,moderate,0.5,683,62,non-portable,0.7599765127228831,0.0023524735867052754,323.05421706658046,87.42257615777986,62.05769222891634,0.7832939869462574,0.7838254815296786,0.7361694556311623,0.6591176442144099,0.677111922616295,0.12417634273184752,0.32088122605363983,0.4383303156921736,0.6817647115711802,0.6791187739463602,4,62,0,62,0.5917069549304904,0.5786059613689918,0.7151498420323049,0.971361957308665,0.06451612903225806,12,62,0.1935483870967742,0.3405076047670029,0.2691317371756656,10,62,0.16129032258064516,0.24018619414074693,0.7527203822751944,0.5641234691349224,0.7741935483870968,0.8064516129032258,1.0,0.7585789896639927,0.7856222642099283,0.5917069549304903,0.06451612903225806,0.24588529468753947,0.7104964609511997,0.7104964609511997,0.5389676875082036,non-portable
304,nonportable_moderate,nonportable,4,1.0,moderate,0.5,683,62,non-portable,0.7497027969775802,0.002319210342688322,323.25778441836337,77.02578973582406,60.71662674083689,0.7161852520483267,0.7289206354467475,0.6554905568671019,0.6206500828095814,0.6233724350117923,0.09553516923874528,0.21442125237191653,0.4419134438337591,0.7586998343808371,0.7855787476280834,1,62,1,62,0.5955558560125446,0.5819050194393239,0.7151719697987003,0.855842108175823,0.016129032258064516,10,62,0.16129032258064516,0.3769177865032406,0.2593759697306188,11,62,0.1774193548387097,0.23376521497079303,0.6575488606154325,0.4912231322109769,0.6451612903225806,0.8870967741935484,1.0,0.6899935177223624,0.692022976620546,0.5955558560125445,0.016129032258064516,0.18407164744161622,0.2809657537040877,0.2809657537040877,0.19386454875779835,portable
305,nonportable_moderate,nonportable,5,1.0,moderate,0.5,683,62,non-portable,0.7535841229939121,0.0022493296059129878,335.0260988931577,84.82301094590483,61.12435681934938,0.7513539786140814,0.7751914512570406,0.6801789681988613,0.5959533114191878,0.6375936721233956,0.15540066719489354,0.26344086021505375,0.6182542566134963,0.8080933771616243,0.7365591397849462,8,62,3,62,0.6584732405007836,0.6358342061435288,0.7164225119811765,0.9424778993989426,0.12903225806451613,11,62,0.1774193548387097,0.32141043422575244,0.24819140943931753,10,62,0.16129032258064516,0.2398446565955183,0.7090190104843189,0.43807148142554964,0.7096774193548387,0.8064516129032258,1.0,0.7112198791911661,0.8626657432903899,0.6584732405007836,0.12903225806451613,0.29172138633140143,0.9416669476399627,0.9416669476399627,0.6697322527388084,non-portable
306,nonportable_moderate,nonportable,6,1.0,moderate,0.5,683,62,non-portable,0.755691615737507,0.0026398312360156584,286.2651238562072,75.1333491956602,61.43714961117352,0.7939088321066519,0.7939378808466031,0.7411036661574781,0.6708034550204579,0.670385955942041,0.12310537708619396,0.32088122605363983,0.418855657394883,0.6583930899590842,0.6791187739463602,10,62,9,62,0.5772186652971123,0.5661874273975248,0.7108391568388102,0.8348149910628911,0.16129032258064516,9,62,0.14516129032258066,0.4709881717572587,0.2732452118975094,10,62,0.16129032258064516,0.2412572379324666,0.766692679118109,0.5844714792365114,0.5806451612903226,0.8064516129032258,1.0,0.7288902616762541,0.8127356989628277,0.5772186652971123,0.16129032258064516,0.29599525627709433,0.9658832871556506,0.9658832871556506,0.7040229219236027,non-portable
307,nonportable_moderate,nonportable,7,1.0,moderate,0.5,683,62,non-portable,0.7529333783332643,0.0017999070840979928,418.31791484424883,85.03172623480421,61.28289354442502,0.7573427301763644,0.7463936775258,0.7068549507012916,0.6146040391242895,0.621882443942692,0.14273869105207493,0.23287935864000775,0.5546637783560155,0.770791921751421,0.7671206413599923,4,62,2,62,0.6376400478812739,0.6179771838982349,0.723950858623466,0.9447969581644913,0.06451612903225806,11,62,0.1774193548387097,0.29463152052013,0.24669353644710176,10,62,0.16129032258064516,0.24546639960402872,0.7174158210917354,0.47875680491098926,0.7096774193548387,0.8064516129032258,1.0,0.7194868168434183,0.8050216961028165,0.6376400478812739,0.06451612903225806,0.2405722948587047,0.6993728114124664,0.6993728114124664,0.5031895178699878,non-portable
308,nonportable_moderate,nonportable,8,1.0,moderate,0.5,683,62,non-portable,0.7503132466970416,0.0018162720203955506,413.1062078100158,83.13581596324816,60.685452839021934,0.7447837105957507,0.7302473933263252,0.6867752742674629,0.6435714688973919,0.6336714752013378,0.10121224169835874,0.22474747474747478,0.4134762131517249,0.7128570622052162,0.7752525252525252,4,62,1,62,0.6022282574083409,0.5876242206357206,0.7235363263277858,0.9237312884805351,0.06451612903225806,9,62,0.14516129032258066,0.31585603150310093,0.235076114242464,10,62,0.16129032258064516,0.25573361044732856,0.6996909469126361,0.5358571990696624,0.5806451612903226,0.8064516129032258,1.0,0.6905279675568328,0.7610833936653075,0.6022282574083409,0.06451612903225806,0.23635916092191347,0.6839255030970433,0.6839255030970433,0.4722696876138856,non-portable
309,nonportable_moderate,nonportable,9,1.0,moderate,0.5,683,62,non-portable,0.7548450729040409,0.001791710068689256,421.29867219882044,80.25146164075093,61.341513396616776,0.7009529926399112,0.7313243419911154,0.6581117205943618,0.5837540600367085,0.6142139263938025,0.11719893260320269,0.2294372294372294,0.583215661849894,0.832491879926583,0.7705627705627706,2,62,1,62,0.6390660612092148,0.6191994810364699,0.7241850832804574,0.8916829071194547,0.03225806451612903,10,62,0.16129032258064516,0.3854029714455135,0.23218457142873355,10,62,0.16129032258064516,0.25430744789310444,0.6339605549873133,0.4092775587219717,0.6451612903225806,0.8064516129032258,1.0,0.6579080333658538,0.7654769664808067,0.6390660612092148,0.03225806451612903,0.2041430330367942,0.4189992670720384,0.4189992670720384,0.27566298378109894,indeterminate
310,nonportable_moderate,nonportable,10,1.0,moderate,0.5,683,62,non-portable,0.7568142455762942,0.0021283124921153813,355.5935739605974,83.22895710211395,61.693617456224636,0.7451048465490904,0.7596094012220709,0.6982884321621996,0.5755084230403374,0.6024474087544854,0.16959642350875292,0.26344086021505375,0.6919341901906685,0.8489831539193251,0.7365591397849462,2,62,1,62,0.6588304931407617,0.6361404226920815,0.7184822204100135,0.9247661900234884,0.03225806451612903,8,62,0.12903225806451613,0.3691137415057105,0.2455077520755026,10,62,0.16129032258064516,0.2428465162567638,0.7001497647633546,0.388608860013092,0.5161290322580645,0.8064516129032258,1.0,0.6631293167700832,0.8051683312942437,0.6588304931407617,0.03225806451612903,0.21075968961760091,0.444367248789548,0.444367248789548,0.29467295008481453,indeterminate
311,nonportable_moderate,nonportable,11,1.0,moderate,0.5,683,62,non-portable,0.7565295481713102,0.0023311619095946613,324.5289591673426,85.54268286756604,61.82830389367211,0.7512671851131787,0.7477148561911615,0.6851305374253576,0.6700814793443431,0.6690083651034325,0.08118570576883555,0.27777777777777773,0.3231050872491246,0.6598370413113137,0.7222222222222223,3,62,2,62,0.5698892428796579,0.5599050653254211,0.7153097556370264,0.9504742540840672,0.04838709677419355,10,62,0.16129032258064516,0.4039149608693232,0.2747983224653877,10,62,0.16129032258064516,0.2536951426065343,0.7088965864118386,0.5832349086677565,0.6451612903225806,0.8064516129032258,1.0,0.712771784072695,0.7304832755474387,0.5698892428796579,0.04838709677419355,0.22880452823616826,0.5873249015052711,0.5873249015052711,0.41862861787623196,cohort-conditioned
312,nonportable_moderate,nonportable,12,1.0,moderate,0.5,683,62,non-portable,0.756945192717289,0.002408210127175884,314.3185821600049,82.61455504570661,61.73706074009693,0.7950805443688377,0.805419293678685,0.7223606096375503,0.6420049798430226,0.6300599930864687,0.15307556452581506,0.3343220862686936,0.5187585811637834,0.7159900403139547,0.6656779137313065,6,62,0,62,0.6048873051248586,0.5899034043927359,0.7141836014838687,0.9179395005078512,0.0967741935483871,10,62,0.16129032258064516,0.4307139406868358,0.2617246941153243,10,62,0.16129032258064516,0.2513619436437619,0.7682194274669675,0.5329258482059631,0.6451612903225806,0.8064516129032258,1.0,0.7374022985540801,0.8130412352572763,0.6048873051248586,0.0967741935483871,0.26100725494027993,0.8426031073352329,0.8426031073352329,0.6213374681178111,non-portable
313,nonportable_moderate,nonportable,13,1.0,moderate,0.5,683,62,non-portable,0.7576249627857442,0.0023234324042417185,326.08005354604006,77.70064958285336,61.4762316097775,0.7915654075822802,0.7795611097067808,0.7516751145674212,0.6475540160516078,0.6377873089716429,0.14401139153067244,0.26344086021505375,0.49392482024820517,0.7048919678967844,0.7365591397849462,3,62,2,62,0.5937634253426649,0.5803686502937128,0.715476976431267,0.8633405509205929,0.04838709677419355,11,62,0.1774193548387097,0.417921747366659,0.26029403882743146,10,62,0.16129032258064516,0.25905175497137334,0.7636300250543848,0.5432384670687593,0.7096774193548387,0.8064516129032258,1.0,0.7490420850405201,0.7443450666633724,0.5937634253426648,0.04838709677419355,0.21137778760347342,0.510967314315781,0.510967314315781,0.3827360225026474,cohort-conditioned
314,nonportable_moderate,nonportable,14,1.0,moderate,0.5,683,62,non-portable,0.7580329635361437,0.0021903748365454446,346.07453979505965,80.25546966922437,61.884017976785586,0.7571083877239273,0.7596840028384297,0.6953938689070962,0.6180304547974359,0.6184711333097732,0.1390779329264914,0.21286393345216878,0.5409311386442504,0.7639390904051282,0.7871360665478312,1,62,0,62,0.6195684373542428,0.6024872320179224,0.7175478555010237,0.8917274407691597,0.016129032258064516,10,62,0.16129032258064516,0.3805003166688009,0.23807823938079514,10,62,0.16129032258064516,0.2500299469160937,0.7170890986815059,0.4858609982236399,0.6451612903225806,0.8064516129032258,1.0,0.707130649163117,0.7382480301308446,0.6195684373542429,0.016129032258064516,0.19124871396028356,0.3081536527634299,0.3081536527634299,0.2179048925205899,portable
315,nonportable_moderate,nonportable,15,1.0,moderate,0.5,683,62,non-portable,0.7541490629369756,0.002041308005732357,369.44403334488993,80.441419033592,61.248310165857255,0.736225871406749,0.7422150989634877,0.6999505277044855,0.5640983544733514,0.5929371126150992,0.17212751693339756,0.30825496342737724,0.7286565011205621,0.8718032910532971,0.6917450365726228,5,62,2,62,0.6644052043592441,0.6409187465936378,0.7197876913009711,0.8937935448176889,0.08064516129032258,11,62,0.1774193548387097,0.3363858333631682,0.24922500319239874,10,62,0.16129032258064516,0.2554890873817908,0.6873512514089852,0.3580456799721271,0.7096774193548387,0.8064516129032258,1.0,0.692383419508157,0.8394497698022242,0.6644052043592441,0.08064516129032258,0.24327483799579586,0.7526378979665571,0.7526378979665571,0.5211140014455161,non-portable
316,nonportable_moderate,nonportable,16,1.0,moderate,0.5,683,62,non-portable,0.7553892940321578,0.0016743777480784125,451.1462809984634,85.62540274673287,61.50672226198933,0.7419368837661438,0.7492443704970707,0.681480870712401,0.600486867988866,0.6174894104474601,0.14145001577727778,0.29310344827586204,0.5846566822527292,0.7990262640222681,0.7068965517241379,2,62,0,62,0.6334423325910977,0.6143791422209409,0.7264230691787343,0.9513933638525874,0.03225806451612903,8,62,0.12903225806451613,0.35264840384399054,0.21647275794689583,10,62,0.16129032258064516,0.24571670002151075,0.6956103561134549,0.4483009435387482,0.5161290322580645,0.8064516129032258,1.0,0.666828820797699,0.788103965732546,0.6334423325910976,0.03225806451612903,0.21608512438342073,0.4647260241010462,0.4647260241010462,0.30989270664530366,indeterminate
317,nonportable_moderate,nonportable,17,1.0,moderate,0.5,683,62,non-portable,0.7520921871664235,0.002239460999892893,335.83625131332667,80.32161346423914,61.31576872173916,0.7611790029162615,0.7705856194674744,0.710144424385502,0.622827755430101,0.6335635184428864,0.13835124748616046,0.23893105629348513,0.5297181088118261,0.7543444891397979,0.7610689437065149,3,62,1,62,0.6170812662989715,0.6003553711134042,0.7165065875366172,0.8924623718248793,0.04838709677419355,11,62,0.1774193548387097,0.3758099519720348,0.2606465833679743,10,62,0.16129032258064516,0.2518598697403075,0.7227433886467056,0.49563647047024506,0.7096774193548387,0.8064516129032258,1.0,0.723838567176829,0.7659472234785196,0.6170812662989715,0.04838709677419355,0.21720215178433072,0.5402717178575189,0.5402717178575189,0.3910695061401505,cohort-conditioned
318,nonportable_moderate,nonportable,18,1.0,moderate,0.5,683,62,non-portable,0.7555740873546603,0.0025969409229053214,290.9477380445619,74.52660242235666,61.276980897852354,0.7970941535897792,0.8036610395881454,0.731217886404666,0.6160661659451782,0.6392336518701324,0.18102798764460104,0.29121863799283154,0.6093286773140624,0.7678676681096437,0.7087813620071685,0,62,0,62,0.6042460316481972,0.5893537414127404,0.7114251222099014,0.8280733602484074,0.0,10,62,0.16129032258064516,0.4172324606596425,0.27031290601161734,10,62,0.16129032258064516,0.25797644250768414,0.7708361091565173,0.48180113313519335,0.6451612903225806,0.8064516129032258,1.0,0.7335981678917781,0.7153765876336526,0.6042460316481972,0.0,0.1656146720496815,0.17251388007685764,0.17251388007685764,0.12655586636028468,portable
319,nonportable_moderate,nonportable,19,1.0,moderate,0.5,683,62,non-portable,0.7598692871230807,0.0016642194177720017,456.59200884722696,80.35358954335658,61.79603301073783,0.7386560894320234,0.7273361301036885,0.7068723094014719,0.6317388565528719,0.6304355394018878,0.10691723287915156,0.20098039215686278,0.4479970870787475,0.7365222868942563,0.7990196078431372,3,62,0,62,0.6085925678956831,0.5930793439105855,0.7268116671909126,0.8928176615928508,0.04838709677419355,8,62,0.12903225806451613,0.3625023748367917,0.2204669347036913,10,62,0.16129032258064516,0.2472213216934456,0.6908778320832467,0.5133008017778111,0.5161290322580645,0.8064516129032258,1.0,0.6709625446065013,0.7431555819319006,0.608592567895683,0.04838709677419355,0.21727320973792502,0.5451790963304702,0.5451790963304702,0.3657947537401652,cohort-conditioned
320,nonportable_moderate,nonportable,20,1.0,moderate,0.5,683,62,non-portable,0.7562818786862242,0.0021804837240230975,346.8413317439709,80.19870416005594,61.23683147656632,0.7608231495625608,0.7339916064382316,0.7309444868768227,0.6311282364352219,0.600196818825037,0.12969491312733894,0.26515151515151514,0.4972523081055366,0.7377435271295563,0.7348484848484849,3,62,1,62,0.6044920712067658,0.5895646324629421,0.7176242974933138,0.8910967128895104,0.04838709677419355,10,62,0.16129032258064516,0.4154291150858507,0.25385406979317116,10,62,0.16129032258064516,0.25555578936745826,0.7222508560916502,0.5121098250087024,0.6451612903225806,0.8064516129032258,1.0,0.7123364105466954,0.7564674767312077,0.604492071206766,0.04838709677419355,0.21692901999725694,0.5358662158362989,0.5358662158362989,0.38171701672206987,cohort-conditioned
321,nonportable_moderate,nonportable,21,1.0,moderate,0.5,683,62,non-portable,0.7582980109095544,0.002253420379837495,336.50978649808735,77.24885268601095,61.59545604427086,0.7423014164699346,0.7374251685257764,0.7016126232467713,0.6264657765853506,0.6084954348545955,0.11583563988458401,0.25081459758879115,0.47806422914146346,0.7470684468292987,0.7491854024112088,1,62,0,62,0.5942239982871839,0.5807634271033005,0.716576293682946,0.8583205854001217,0.016129032258064516,8,62,0.12903225806451613,0.44361756287541226,0.257695458909094,11,62,0.1774193548387097,0.2508339773612343,0.6961342061268568,0.5029230091879882,0.5161290322580645,0.8870967741935484,1.0,0.6846497265628725,0.7046897988934526,0.5942239982871839,0.016129032258064516,0.18456734288647597,0.27920390459513256,0.27920390459513256,0.19115687693634384,portable
322,nonportable_moderate,nonportable,22,1.0,moderate,0.5,683,62,non-portable,0.75072783077799,0.0019408029282444509,386.8130142698513,87.15412196433299,61.22355097666813,0.718650187473962,0.7268923793651099,0.6864497986390778,0.63507633590041,0.6476480119292883,0.08357385157355202,0.20165945165945165,0.3822262973522692,0.72984732819918,0.7983405483405484,2,62,1,62,0.6053988178923659,0.5903418439077422,0.7213415360090353,0.9683791329370331,0.03225806451612903,10,62,0.16129032258064516,0.33240917373537704,0.234220265831714,10,62,0.16129032258064516,0.24859823943826692,0.661286908193353,0.5197621300179728,0.6451612903225806,0.8064516129032258,1.0,0.6826196670984738,0.7394593101940569,0.6053988178923657,0.03225806451612903,0.21948227820030988,0.4912050410586517,0.4912050410586517,0.335306221604549,indeterminate
323,nonportable_moderate,nonportable,23,1.0,moderate,0.5,683,62,non-portable,0.7532028365196815,0.001768354462135296,425.9343093523148,84.42516889747705,61.316355899576614,0.7320945007637827,0.7457818637482896,0.681806346340786,0.5977328570786461,0.6397114724575107,0.1343616436851366,0.23818833496252853,0.5789092082878989,0.8045342858427078,0.7618116650374714,0,62,0,62,0.6346429826217402,0.6154082708186345,0.7245453043681738,0.9380574321941895,0.0,8,62,0.12903225806451613,0.3701312424244227,0.22470413977226444,10,62,0.16129032258064516,0.24818955861057482,0.6813141724106181,0.4421150462914514,0.5161290322580645,0.8064516129032258,1.0,0.659062139221551,0.7525090098342547,0.6346429826217402,0.0,0.1876114864388379,0.24173635089332302,0.24173635089332302,0.15931927654736497,indeterminate
324,nonportable_moderate,nonportable,24,1.0,moderate,0.5,683,62,non-portable,0.7606285492478208,0.0021782626526435198,349.19046531176065,80.12205967964053,62.121200851404524,0.7324850715178447,0.7155701277133224,0.6917442021941398,0.6201255583535695,0.5881439187608337,0.11235951316427517,0.25252525252525254,0.48329775512339024,0.7597488832928609,0.7474747474747474,2,62,0,62,0.6051469570329014,0.5901259631710584,0.7178571842387202,0.8902451075515614,0.03225806451612903,12,62,0.1935483870967742,0.35160842970212525,0.2620211494679503,10,62,0.16129032258064516,0.2544110760360492,0.681887192309468,0.4901541764660779,0.7741935483870968,0.8064516129032258,1.0,0.715765465414245,0.7365996981551503,0.6051469570329016,0.03225806451612903,0.20385547312321553,0.41499750941944347,0.41499750941944347,0.2970408854753605,indeterminate
325,nonportable_moderate,nonportable,25,1.0,moderate,0.5,683,62,non-portable,0.7592612718545739,0.0024144555931913695,314.46479032194605,86.02560468581704,61.32544252627352,0.7473875156228302,0.7568308600449003,0.692737987779475,0.6324590236210536,0.6206832137357962,0.11492849200177668,0.2523719165085389,0.4645686816993544,0.7350819527578929,0.747628083491461,6,62,3,62,0.6190155018075117,0.6020132872635815,0.7142000472833413,0.9558400520646338,0.0967741935483871,11,62,0.1774193548387097,0.3271425190497643,0.2623684800844738,12,62,0.1935483870967742,0.23429748278819873,0.7034024674719733,0.5147019013391219,0.7096774193548387,0.9677419354838709,1.0,0.7402681980634472,0.8129419310220949,0.6190155018075117,0.0967741935483871,0.26858736525163646,0.864725256324593,0.864725256324593,0.6401286073193589,non-portable
326,nonportable_moderate,nonportable,26,1.0,moderate,0.5,683,62,non-portable,0.7582973005747722,0.0018396249229136788,412.2021239926167,77.53634166353996,61.40454331897539,0.7598684210526316,0.7570539613507483,0.7022635745035413,0.6187529919333926,0.6116859981296645,0.14111542911923902,0.29121863799283154,0.5430264614208691,0.7624940161332148,0.7087813620071685,2,62,0,62,0.6052564282752932,0.5902197956645371,0.7234637582017123,0.8615149073726662,0.03225806451612903,10,62,0.16129032258064516,0.3516367802681929,0.23620605645494103,10,62,0.16129032258064516,0.2512660609106418,0.7209277648317224,0.4873458565195617,0.6451612903225806,0.8064516129032258,1.0,0.7091984680678174,0.7421437066107164,0.6052564282752932,0.03225806451612903,0.1981094330874365,0.3854705152030558,0.3854705152030558,0.2733750988673195,indeterminate
327,nonportable_moderate,nonportable,27,1.0,moderate,0.5,683,62,non-portable,0.7559863138451467,0.002141407898821968,353.0323738233291,82.0983927179043,61.76686475683453,0.7448791834467436,0.7619035609032854,0.6792025413137064,0.611413396952148,0.6232755231139073,0.13346578649459562,0.20165945165945165,0.5450270807670419,0.777173206095704,0.7983405483405484,2,62,0,62,0.6305395271327662,0.6118910232566568,0.7182338995449041,0.9122043635322701,0.03225806451612903,11,62,0.1774193548387097,0.3686151572469494,0.2511496712029405,10,62,0.16129032258064516,0.2533054900879574,0.6998273836407712,0.4720453303489995,0.7096774193548387,0.8064516129032258,1.0,0.7100214506617373,0.762996516151726,0.6305395271327663,0.03225806451612903,0.20824732431935727,0.4405516850851088,0.4405516850851088,0.31280114653560176,indeterminate
328,nonportable_moderate,nonportable,28,1.0,moderate,0.5,683,62,non-portable,0.7651407319042336,0.002002319757073674,382.12714487842953,85.94140671524241,62.45029301994399,0.7379357033745313,0.752600996520715,0.6808472781558117,0.6014074502187096,0.6087164700923492,0.13652825315582173,0.21510031187450543,0.5738031376523367,0.7971850995625809,0.7848996881254946,6,62,1,62,0.6547496028935663,0.632642516765914,0.7209309794143497,0.954904519058249,0.0967741935483871,12,62,0.1935483870967742,0.3482992060403141,0.2508370262979024,10,62,0.16129032258064516,0.25021793990004876,0.6898343328285876,0.45034975345548833,0.7741935483870968,0.8064516129032258,1.0,0.7157585933727459,0.8365579316089294,0.6547496028935663,0.0967741935483871,0.2684002586503595,0.8664427264420654,0.8664427264420654,0.6201638271162196,non-portable
329,nonportable_moderate,nonportable,29,1.0,moderate,0.5,683,62,non-portable,0.7504374140943849,0.0022299930461989795,336.52006914259425,86.53226878327757,60.844852399837315,0.777522219136231,0.7729537590504918,0.7279631301208165,0.6375383389689161,0.6222037441785669,0.1399838801673149,0.3333333333333333,0.5044060277515984,0.7249233220621678,0.6666666666666667,2,62,1,62,0.6010501817774209,0.5866144415235036,0.7165773565204343,0.9614696531475286,0.03225806451612903,10,62,0.16129032258064516,0.38082530866621966,0.2580638571683051,11,62,0.1774193548387097,0.2365396135332308,0.7450130457062225,0.5244775285346668,0.6451612903225806,0.8870967741935484,1.0,0.7370510499001264,0.7709240457234297,0.6010501817774208,0.03225806451612903,0.21810038224240896,0.4689448485251243,0.4689448485251243,0.3456362929506986,indeterminate
330,nonportable_moderate,nonportable,30,1.0,moderate,0.5,683,62,non-portable,0.7596655662966711,0.002561190288206658,296.6064527866799,76.69822364320208,62.01168940287732,0.7567785724204972,0.7588071182156256,0.7144450423552284,0.6236984455944439,0.6356034536446026,0.1330801268260533,0.32088122605363983,0.518268037599816,0.7526031088111123,0.6791187739463602,1,62,1,62,0.5884065299867717,0.5757770257029472,0.7121177423808096,0.8522024849244676,0.016129032258064516,10,62,0.16129032258064516,0.40499266233295184,0.25455461773852284,16,62,0.25806451612903225,0.2180699676859709,0.716629014791471,0.49739007950389175,0.6451612903225806,1.0,1.0,0.7370857734106409,0.7145379441728696,0.5884065299867717,0.016129032258064516,0.18334372279134514,0.26801196769158064,0.26801196769158064,0.1975478084892564,portable
331,nonportable_moderate,nonportable,31,1.0,moderate,0.5,683,62,non-portable,0.7576310845698184,0.0024811490062454844,305.35493138974283,79.97229505603201,61.477814738248696,0.7625763782807942,0.7725706785044398,0.6946734828496042,0.5983114609280425,0.6027402913180058,0.16426491735275162,0.32088122605363983,0.6255890892709696,0.8033770781439149,0.6791187739463602,2,62,2,62,0.6236801388580838,0.6060115475926432,0.7131567710929954,0.8885810561781334,0.03225806451612903,13,62,0.20967741935483872,0.3476136294881007,0.26688955338681897,10,62,0.16129032258064516,0.25180165613278327,0.7246742416849024,0.44342183285905656,0.8387096774193549,0.8064516129032258,1.0,0.7453889815477117,0.7756539129762777,0.6236801388580836,0.03225806451612903,0.20352266284852993,0.4054819848174431,0.4054819848174431,0.3022418036990186,indeterminate
332,nonportable_moderate,nonportable,32,1.0,moderate,0.5,683,62,non-portable,0.761914209281044,0.002162147785216295,352.38766493698506,76.56786072753047,62.04918727774593,0.7580197194834052,0.7593950320713437,0.710504617414248,0.6076027295242578,0.6296368681870189,0.15041698995914743,0.33730158730158727,0.5829670315908613,0.7847945409514845,0.6626984126984128,0,62,0,62,0.599897505461105,0.5856264332523757,0.7181710394421997,0.850754008083672,0.0,10,62,0.16129032258064516,0.37511773842733553,0.2449904017739814,11,62,0.1774193548387097,0.2258593399421867,0.7183588511091169,0.4639024240597537,0.6451612903225806,0.8870967741935484,1.0,0.7176664421540823,0.7171664285767921,0.5998975054611051,0.0,0.1701508016167344,0.1812203986839835,0.1812203986839835,0.13005579876927878,portable
333,nonportable_moderate,nonportable,33,1.0,moderate,0.5,683,62,non-portable,0.758024029673181,0.002152626394688491,352.1391503623533,84.61273988155556,61.94953344802529,0.719865296486599,0.7238044605443046,0.6867752742674629,0.6173096025754968,0.6336361789109589,0.1025556939111022,0.2523719165085389,0.46644784579431364,0.7653807948490063,0.747628083491461,1,62,0,62,0.6089790135655928,0.5934105830562224,0.7181467707612048,0.9401415542395062,0.016129032258064516,9,62,0.14516129032258066,0.35633233456039815,0.24422484899729868,10,62,0.16129032258064516,0.2411375873410122,0.6631218537894812,0.48437506660747276,0.5806451612903226,0.8064516129032258,1.0,0.6670952077490363,0.7365418908945339,0.6089790135655928,0.016129032258064516,0.20093153665435287,0.34244518124543444,0.34244518124543444,0.22844353932557948,indeterminate
334,nonportable_moderate,nonportable,34,1.0,moderate,0.5,683,62,non-portable,0.7597327740442716,0.002329547476838241,326.12890769473074,83.7447260784299,61.97102616426303,0.7437074711845577,0.7587245147087238,0.6864497986390778,0.6509439954331336,0.659833194390805,0.09276347575142407,0.25326797385620914,0.38063451768852435,0.6981120091337327,0.7467320261437909,0,62,1,62,0.5812644614816213,0.5696552526985326,0.7154822272386167,0.9304969564269989,0.016129032258064516,10,62,0.16129032258064516,0.41497407401407665,0.2618118362351038,10,62,0.16129032258064516,0.2545372189880247,0.6981510884966917,0.5494433463663632,0.6451612903225806,0.8064516129032258,1.0,0.7040198788849822,0.7062481876058558,0.5812644614816213,0.016129032258064516,0.1990026170918514,0.33451532041266613,0.33451532041266613,0.23550543536209623,indeterminate
335,nonportable_moderate,nonportable,35,1.0,moderate,0.5,683,62,non-portable,0.7538441386879876,0.001916183193842078,393.4092215768153,85.1264952324802,61.32398818929082,0.732623941119289,0.7207181365190101,0.6818237050409666,0.5732553999933142,0.5905890933936124,0.15936854112597476,0.25081459758879115,0.6850908825598951,0.8534892000133716,0.7491854024112088,3,62,3,62,0.6673186119543705,0.6434159531037461,0.7219091429399954,0.9458499470275578,0.04838709677419355,10,62,0.16129032258064516,0.3236069771464251,0.2353461135224037,10,62,0.16129032258064516,0.2517783731084815,0.6820908167088734,0.3827672922111141,0.6451612903225806,0.8064516129032258,1.0,0.6793221375755482,0.8228725396372757,0.6673186119543704,0.04838709677419355,0.22787966682486638,0.5864427869099753,0.5864427869099753,0.3983835675694461,cohort-conditioned
336,nonportable_moderate,nonportable,36,1.0,moderate,0.5,683,62,non-portable,0.7571202050275279,0.002442762037534964,309.9443144251381,74.35125003836056,61.482030351244596,0.7612484377169837,0.7664193624849732,0.7081742119150118,0.5894778955356829,0.6236006010686652,0.17177054218130083,0.2523719165085389,0.6574988301648094,0.8210442089286343,0.747628083491461,1,62,0,62,0.6303520468286226,0.611730325853105,0.7136871257025378,0.8261250004262285,0.016129032258064516,10,62,0.16129032258064516,0.4349076959972446,0.2655143868224282,10,62,0.16129032258064516,0.2561609873295848,0.7228394534292988,0.4230316667477338,0.6451612903225806,0.8064516129032258,1.0,0.7037228933894228,0.7450785162458431,0.6303520468286227,0.016129032258064516,0.17812822589169733,0.2561754832295085,0.2561754832295085,0.1802765522737033,portable
337,nonportable_moderate,nonportable,37,1.0,moderate,0.5,683,62,non-portable,0.7520736590844233,0.0017937151554850708,419.282658556253,77.8367881437102,61.27569225876167,0.738517219830579,0.7326057257219473,0.7012524302180253,0.6672756752665444,0.6451214516327257,0.07124154456403464,0.22474747474747478,0.29868512057384433,0.6654486494669112,0.7752525252525252,4,62,0,62,0.5654637530633687,0.5561117883400303,0.7240268924578938,0.8648532015967799,0.06451612903225806,8,62,0.12903225806451613,0.3855128607574105,0.22139919366170818,10,62,0.16129032258064516,0.24130272008636017,0.6906767982646862,0.5784041411790625,0.5161290322580645,0.8064516129032258,1.0,0.6773723616373462,0.7022387344979935,0.5654637530633687,0.06451612903225806,0.22458354354516244,0.6360652380726286,0.6360652380726286,0.43085301246867724,cohort-conditioned
338,nonportable_moderate,nonportable,38,1.0,moderate,0.5,683,62,non-portable,0.756391324824432,0.0018117352729190728,417.4955006565238,84.64813323079207,61.703981742249084,0.7263400916539369,0.7359323688691957,0.6693167615608944,0.6222871429643179,0.6458321883884973,0.10405294868961901,0.2151003118745054,0.4597194775758551,0.7554257140713643,0.7848996881254946,0,62,0,62,0.6107442606888364,0.5949236520190027,0.7238858706848373,0.9405348136754674,0.0,9,62,0.14516129032258066,0.33772704853357727,0.22132568044256926,10,62,0.16129032258064516,0.2514100970858195,0.6728151182218439,0.4945445237070528,0.5806451612903226,0.8064516129032258,1.0,0.6729587856751756,0.7184254826836296,0.6107442606888365,0.0,0.1881069627350935,0.24546407609861629,0.24546407609861629,0.1651872065782037,portable
339,nonportable_moderate,nonportable,39,1.0,moderate,0.5,683,62,non-portable,0.7561338196348545,0.001966866235995748,384.4358125615255,87.14630396908666,61.42839799824428,0.7294125815858907,0.7309892109266404,0.686124323010693,0.600436226104773,0.6108923297240136,0.12897635548111774,0.22630479366722253,0.5622026245880928,0.799127547790454,0.7736952063327774,0,62,0,62,0.6374086125439349,0.6177788107519442,0.7211340302291,0.9682922663231851,0.0,9,62,0.14516129032258066,0.38081070770008796,0.25066657677100324,10,62,0.16129032258064516,0.24926558620686592,0.6773663434005128,0.44818796526629984,0.5806451612903226,0.8064516129032258,1.0,0.6705987424204348,0.7598265265776637,0.6374086125439349,0.0,0.19365845326463704,0.2635231525113998,0.2635231525113998,0.17671829467281316,portable
340,nonportable_moderate,nonportable,40,1.0,moderate,0.5,683,62,non-portable,0.7582957156138754,0.002041041284215554,371.5239478388679,83.53349291424945,61.59796636792618,0.7799697958616859,0.7790163641614447,0.7378315511734481,0.6227655800519075,0.6259725137431519,0.1572042158097784,0.16844116844116844,0.5615041984294703,0.754468839896185,0.8315588315588316,2,62,0,62,0.6379863905072494,0.6182740490062137,0.7199784873734417,0.9281499212694383,0.03225806451612903,10,62,0.16129032258064516,0.37189093304149085,0.2479895229206278,10,62,0.16129032258064516,0.23107728447082598,0.7482911142886649,0.49551100906419326,0.6451612903225806,0.8064516129032258,1.0,0.7236966580507519,0.7735470647741556,0.6379863905072493,0.03225806451612903,0.2114364358667909,0.4588656365563407,0.4588656365563407,0.3320795276701547,indeterminate
341,nonportable_moderate,nonportable,41,1.0,moderate,0.5,683,62,non-portable,0.7645387229543006,0.002501598028318795,305.62013333057774,78.47834268515065,62.24332706881255,0.7751180391612277,0.7669538284182796,0.7187283016247743,0.6031906099196003,0.6124904995127458,0.1719274292416274,0.27688172043010756,0.6249224142691444,0.7936187801607995,0.7231182795698925,2,62,0,62,0.6265144685867555,0.608440973074362,0.713187687614005,0.8719815853905628,0.03225806451612903,10,62,0.16129032258064516,0.4087429184194425,0.256990944530736,10,62,0.16129032258064516,0.2496933689558717,0.741778995606141,0.4542919984318462,0.6451612903225806,0.8064516129032258,1.0,0.7163186976462551,0.7692017799700982,0.6265144685867555,0.03225806451612903,0.2002027686910158,0.3961704810219332,0.3961704810219332,0.2837843230115216,indeterminate
342,nonportable_moderate,nonportable,42,1.0,moderate,0.5,683,62,non-portable,0.7572916250543685,0.002497208338143276,303.25528450598955,76.60970731523926,61.75726234001593,0.7880763088459937,0.7708683316294622,0.7375060755450632,0.6408829465477787,0.6261428664114979,0.147193362298215,0.16656763715587244,0.5109526808638226,0.7182341069044427,0.8334323628441276,2,62,0,62,0.6098344998546873,0.5941438570183034,0.7129108138302771,0.8512189701693251,0.03225806451612903,10,62,0.16129032258064516,0.436346285501827,0.26334167194203706,11,62,0.1774193548387097,0.24515258675020105,0.7590471775140115,0.5308162517251683,0.6451612903225806,0.8870967741935484,1.0,0.744701988123071,0.7283709485130081,0.6098344998546873,0.03225806451612903,0.19605024564676826,0.39102208450857673,0.39102208450857673,0.29119492373356454,indeterminate
343,nonportable_moderate,nonportable,43,1.0,moderate,0.5,683,62,non-portable,0.7598965006300826,0.0019424741975917852,391.20030606953594,79.56028525292497,61.78702038139797,0.7618907096236635,0.7544083887406926,0.7157469448687682,0.6568337965447831,0.6475515217732877,0.10505691307888032,0.29310344827586204,0.4011479186483818,0.6863324069104337,0.7068965517241379,5,62,0,62,0.5801242656369923,0.5686779419745648,0.7217203857717338,0.8840031694769441,0.08064516129032258,11,62,0.1774193548387097,0.3400946651608794,0.24800381005218983,10,62,0.16129032258064516,0.2543639099618135,0.7237274481787511,0.5600603477211775,0.7096774193548387,0.8064516129032258,1.0,0.7307729846679449,0.7570467933571225,0.5801242656369923,0.08064516129032258,0.2413167629276469,0.7473639756995556,0.7473639756995556,0.5461534031552657,non-portable
344,nonportable_moderate,nonportable,44,1.0,moderate,0.5,683,62,non-portable,0.752043372427054,0.0022242192529558333,338.1156652733944,77.53905077988505,61.49822973889755,0.7464848632134427,0.7373652519510987,0.6904075822802389,0.6111746410478535,0.6224040317981742,0.1353102221655892,0.22474747474747478,0.5489595604433437,0.7776507179042931,0.7752525252525252,1,62,0,62,0.6160464397154433,0.5994683768989513,0.7167417937690437,0.8615450086653894,0.016129032258064516,9,62,0.14516129032258066,0.4282431268274154,0.2484346363294036,11,62,0.1774193548387097,0.2506965892007595,0.7021180288433599,0.47153926887981124,0.5806451612903226,0.8870967741935484,1.0,0.697406489696758,0.7279305867657773,0.6160464397154433,0.016129032258064516,0.1852122275395295,0.2841390515416715,0.2841390515416715,0.19816041852144334,portable
345,nonportable_moderate,nonportable,45,1.0,moderate,0.5,683,62,non-portable,0.762450527813905,0.002005958789956123,380.0928172759632,88.3894743388018,62.40502709403757,0.7530811692820442,0.7790528636339583,0.7088598805721428,0.6317958547500314,0.6366259203383273,0.12128531453201274,0.27777777777777773,0.47923484341439626,0.7364082904999372,0.7222222222222223,2,62,0,62,0.612163247390166,0.596139926334428,0.7207507932571806,0.9821052704311312,0.03225806451612903,9,62,0.14516129032258066,0.3452076462064868,0.23514235954658252,10,62,0.16129032258064516,0.2510776564818218,0.711450868693045,0.5134118322556102,0.5806451612903226,0.8064516129032258,1.0,0.6941633917656319,0.7720196343571114,0.612163247390166,0.03225806451612903,0.22222750569912947,0.4943810227696735,0.4943810227696735,0.34318120759035864,indeterminate
346,nonportable_moderate,nonportable,46,1.0,moderate,0.5,683,62,non-portable,0.7571169695380783,0.001913827589797472,395.603540033718,75.43032138225139,61.66546402499513,0.7415463130120816,0.7433583932445998,0.6963182196917095,0.5821119889893351,0.5940683235906286,0.1594343240227465,0.26785092302333685,0.660056955681091,0.8357760220213297,0.7321490769766632,2,62,0,62,0.6367416931531881,0.6172071655598755,0.7220953576989,0.8381146820250155,0.03225806451612903,9,62,0.14516129032258066,0.400510818558784,0.2385670910635529,10,62,0.16129032258064516,0.25365963837072225,0.6950486501131868,0.4052455773708953,0.5806451612903226,0.8064516129032258,1.0,0.6751456569872314,0.7657106257704195,0.6367416931531881,0.03225806451612903,0.19342938801790635,0.36821547374621993,0.36821547374621993,0.24859907793525632,indeterminate
347,nonportable_moderate,nonportable,47,1.0,moderate,0.5,683,62,non-portable,0.758710487781138,0.002894230538521614,262.1458372727595,80.19045896685923,61.91645918483665,0.7855159005693653,0.7830203720102606,0.7279284127204555,0.6681467108858704,0.6836207857518918,0.11736918968349486,0.3055555555555555,0.4110775948009955,0.6637065782282592,0.6944444444444444,4,62,3,62,0.5720614974599051,0.5617669978227758,0.7076191386217039,0.8910050996317692,0.06451612903225806,11,62,0.1774193548387097,0.3609628445500208,0.2860610288971611,32,62,0.5161290322580645,0.04008654493586771,0.7556664615680191,0.5799081149386864,0.7096774193548387,1.0,1.0,0.777759526148846,0.747366504604487,0.572061497459905,0.06451612903225806,0.2298139231521603,0.648810719528776,0.648810719528776,0.5046187177809927,cohort-conditioned
348,nonportable_moderate,nonportable,48,1.0,moderate,0.5,683,62,non-portable,0.7549400683661195,0.0028042458370312984,269.2132260291891,83.80208319666949,61.42003176797477,0.782269823635606,0.7533882489797399,0.7444278572420497,0.6663302289653505,0.6477993461170626,0.1159395946702555,0.2968975468975469,0.4107403093145613,0.6673395420692989,0.7031024531024531,4,62,0,62,0.5809054147387246,0.5693474983474782,0.7085997971730045,0.9311342577407721,0.06451612903225806,14,62,0.22580645161290322,0.41127891179055354,0.2895786768189236,10,62,0.16129032258064516,0.24028301961506054,0.7513585344369305,0.5767672476230781,0.9032258064516129,0.8064516129032258,1.0,0.7849688952065795,0.7632173497161628,0.5809054147387246,0.06451612903225806,0.23783975477396088,0.682129860677098,0.682129860677098,0.5354507231231197,non-portable
349,nonportable_moderate,nonportable,49,1.0,moderate,0.5,683,62,non-portable,0.7503465511277919,0.001940944784806205,386.5883032848411,74.75902475973267,61.16311008868921,0.7300461741424802,0.7236414633691166,0.6960101027635051,0.5883305758095404,0.5869981748207022,0.14171559833293979,0.30465949820788535,0.6160311027175247,0.8233388483809192,0.6953405017921146,2,62,0,62,0.6198243894613521,0.6027066195383018,0.7213219886977289,0.8306558306636963,0.03225806451612903,9,62,0.14516129032258066,0.37059944285854574,0.2289796076167902,10,62,0.16129032258064516,0.25287007463617117,0.6783010749548908,0.4203107798035649,0.5806451612903226,0.8064516129032258,1.0,0.6682783896513503,0.7505336878485324,0.6198243894613521,0.03225806451612903,0.1919376177456425,0.3578146792260356,0.3578146792260356,0.23911981762678955,indeterminate
350,nonportable_moderate,nonportable,50,1.0,moderate,0.5,683,62,non-portable,0.7563120984583869,0.0023672204191023077,319.4937371929201,84.57021589231024,61.84131658713212,0.7415636717122622,0.7186822446182237,0.7002760033328704,0.6274695053920452,0.6302072876036812,0.11409416632021707,0.2642554578038449,0.47231508575560965,0.7450609892159097,0.735744542196155,2,62,1,62,0.6066346229892675,0.5914011054193722,0.7147599907816875,0.9396690654701139,0.03225806451612903,10,62,0.16129032258064516,0.4147584329952383,0.2569271489943631,10,62,0.16129032258064516,0.2466502922919248,0.6950736244632827,0.504914854984571,0.6451612903225806,0.8064516129032258,1.0,0.6980282977300986,0.7536180484531502,0.6066346229892674,0.03225806451612903,0.21374026470692603,0.45765124344422686,0.45765124344422686,0.3194535184154366,indeterminate
351,nonportable_high,nonportable,1,1.0,high,1.0,683,62,non-portable,0.7668610242604295,0.0014850871309892945,516.3744323537321,88.4365964740591,62.446357787560935,0.7173048882099708,0.7169432264018356,0.6682882585751979,0.5320611931082387,0.5751793123949626,0.1852436951017321,0.28047718564959945,0.8524598623972987,0.9358776137835225,0.7195228143504006,13,62,12,62,0.7384834897489058,0.7044144197847764,0.7307343788956056,0.9826288497117678,0.20967741935483872,7,62,0.11290322580645161,0.30834513528894214,0.2106660206858594,0,62,0.0,0.0,0.659249403807043,0.25322398428363274,0.45161290322580644,0.0,1.0,0.49526968097704605,0.9363914658654603,0.7384834897489057,0.20967741935483872,0.36426770542622455,0.995364622571869,0.995364622571869,0.4929739190770074,indeterminate
352,nonportable_high,nonportable,2,1.0,high,1.0,683,62,non-portable,0.7637158549660733,0.0013772655090737715,554.5160682050928,85.81851532511413,62.38164733629063,0.6963789751423414,0.6838914758740585,0.6492197264268852,0.45486485197520693,0.5595027228399833,0.24151412316713444,0.22474747474747478,1.0,1.0,0.7752525252525252,16,62,12,62,0.7866352951525563,0.7456873958450483,0.7329556703658454,0.9535390591679348,0.25806451612903225,9,62,0.14516129032258066,0.2580415738530393,0.19842562114104592,0,62,0.0,0.0,0.6267040372334318,0.0,0.5806451612903226,0.0,1.0,0.47948105087478043,0.9567509665171402,0.7866352951525563,0.25806451612903225,0.39715942473681276,0.9988437099495923,0.9988437099495923,0.4789266317062949,indeterminate
353,nonportable_high,nonportable,3,1.0,high,1.0,683,62,non-portable,0.7613884189704074,0.00120938315543712,629.5675738060125,81.96165240549745,62.28854137428981,0.6543969587557285,0.6725757950001696,0.6202306971253992,0.5483859653927904,0.5863134725081862,0.10601099336293807,0.30952380952380953,0.6866132222892948,0.9032280692144192,0.6904761904761905,4,62,5,62,0.6680785315064769,0.6440673127198373,0.7368235190408842,0.9106850267277494,0.08064516129032258,3,62,0.04838709677419355,0.3447521698981796,0.1878930168575738,3,62,0.04838709677419355,0.09713785116938671,0.5556922867122207,0.3110818715154915,0.1935483870967742,0.24193548387096772,1.0,0.43395433050765947,0.8357202256248012,0.6680785315064768,0.08064516129032258,0.24665313437780795,0.7637547973944454,0.7637547973944454,0.33143470177531964,indeterminate
354,nonportable_high,nonportable,4,1.0,high,1.0,683,62,non-portable,0.7574940108858125,0.0012589769284582313,601.6742592840483,83.7055458012565,61.890961789290685,0.6847312873212054,0.7068031172190752,0.6267922857936398,0.49684776959884963,0.5767642700746494,0.18788351772235573,0.21510031187450543,1.0,1.0,0.7848996881254946,4,62,3,62,0.7524888260671257,0.716418993771822,0.7354555192310405,0.9300616200139612,0.06451612903225806,6,62,0.0967741935483871,0.2699344413484517,0.19819904487275825,0,62,0.0,0.0,0.6078343315759737,0.0,0.3870967741935484,0.0,1.0,0.43133652062669653,0.8871004374773527,0.7524888260671257,0.06451612903225806,0.2376252272285987,0.6898738399339689,0.6898738399339689,0.2975677817884967,indeterminate
355,nonportable_high,nonportable,5,1.0,high,1.0,683,62,non-portable,0.7559651281164184,0.0011418175783302058,662.07172009205,83.58790879227466,61.50921442634196,0.6811467157339258,0.6835907499923628,0.6488942507985003,0.4858259611091227,0.5459830883524812,0.19532075462480314,0.3469684437426373,1.0,1.0,0.6530315562573628,7,62,6,62,0.7388360192400562,0.7047165879200481,0.7383267912401366,0.9287545421363851,0.11290322580645161,2,62,0.03225806451612903,0.3995501023054859,0.18570004525495526,2,62,0.03225806451612903,0.10428418422622064,0.6019081586652998,0.0,0.12903225806451613,0.16129032258064516,1.0,0.40095407933264987,0.909274141106764,0.738836019240056,0.11290322580645161,0.27607348907243834,0.9003309533691684,0.9003309533691684,0.3609913685028218,indeterminate
356,nonportable_high,nonportable,6,1.0,high,1.0,683,62,non-portable,0.7530166271366324,0.0011750465969999312,640.8398007867909,84.51898227150846,61.278386895651906,0.6778659213998056,0.6873355683263855,0.6363699486182475,0.5587836443782754,0.6138416690252282,0.11908227702153018,0.2984548658172947,0.6695058619681169,0.8824327112434491,0.7015451341827053,4,62,5,62,0.6684306807201272,0.6443691549029662,0.737355412619409,0.9390998030167607,0.08064516129032258,3,62,0.04838709677419355,0.3248923185194048,0.18992579309377383,0,62,0.0,0.0,0.5964325970297157,0.3428808667110938,0.1935483870967742,0.0,1.0,0.42121406260532207,0.8404917276510663,0.6684306807201272,0.08064516129032258,0.2523360896356102,0.7827603559991422,0.7827603559991422,0.3297096695967869,indeterminate
357,nonportable_high,nonportable,7,1.0,high,1.0,683,62,non-portable,0.754827864680535,0.0014424689745467004,523.2888041267865,85.24586678383301,61.593710406170885,0.7142757950284683,0.7053477993151054,0.6406705665879739,0.49637368462345166,0.5922987741701099,0.2179021104050166,0.2929292929292929,1.0,1.0,0.7070707070707072,12,62,10,62,0.7631578588510788,0.7255638790152104,0.731151761340847,0.9471762975981446,0.1935483870967742,6,62,0.0967741935483871,0.28970618014281835,0.21240097441419564,0,62,0.0,0.0,0.6546385186169055,0.0,0.3870967741935484,0.0,1.0,0.4547386141471624,0.940177016870834,0.7631578588510788,0.1935483870967742,0.3442739691970483,0.9913767004482361,0.9913767004482361,0.4508172668596174,indeterminate
358,nonportable_high,nonportable,8,1.0,high,1.0,683,62,non-portable,0.7581082629235021,0.0015963995462015108,474.88629317601135,82.21628742152578,61.66112497127156,0.7119150118039161,0.7271004187701505,0.6469066796278296,0.49556414832408646,0.5533078224469863,0.21635086347982968,0.30654430849091585,1.0,1.0,0.6934556915090841,8,62,12,62,0.7547657930498787,0.7183706797570389,0.7280763750097946,0.9135143046836197,0.1935483870967742,8,62,0.12903225806451613,0.3120181283721482,0.22296262721822097,35,62,0.5645161290322581,0.04941353958539499,0.6510222911758339,0.0,0.5161290322580645,1.0,1.0,0.6287369520395298,0.9359734866370163,0.7547657930498788,0.1935483870967742,0.3375415706141433,0.9902037062659631,0.9902037062659631,0.6225776601759075,indeterminate
359,nonportable_high,nonportable,9,1.0,high,1.0,683,62,non-portable,0.7518729381686369,0.0011019383900848184,682.3184897939382,88.29877572054026,61.11819820856069,0.6692907235106236,0.69202065192529,0.6399848979308429,0.5540552234823312,0.6059470653604976,0.11523550002829241,0.3055555555555555,0.6806958918871948,0.8918895530353377,0.6944444444444444,6,62,7,62,0.6833748009605083,0.6571784008232928,0.7392181825836174,0.9810975080060029,0.11290322580645161,5,62,0.08064516129032258,0.3266209396763162,0.18459278865277684,0,62,0.0,0.0,0.5818775189172092,0.3288015312687311,0.3225806451612903,0.0,1.0,0.43833504161773573,0.8736113397964078,0.6833748009605081,0.11290322580645161,0.2865420822463619,0.9176563411001042,0.9176563411001042,0.40224093046689324,indeterminate
360,nonportable_high,nonportable,10,1.0,high,1.0,683,62,non-portable,0.7569517102694898,0.0012477961139315142,606.6309245702904,76.27320533224805,61.807058291893746,0.646568184974309,0.6401389448716097,0.6278207887793361,0.50372097526596,0.5504613698309447,0.14284720970834897,0.21212121212121213,0.9746126673628914,0.9925580494680799,0.7878787878787878,4,62,11,62,0.75260885868204,0.7165218788703199,0.7357042332965699,0.8474800592472006,0.1774193548387097,6,62,0.0967741935483871,0.32863518234731,0.19062538630487955,11,62,0.1774193548387097,0.0821917318235318,0.5414206958997948,0.08626674058940731,0.3870967741935484,0.8870967741935484,1.0,0.5398208929765801,0.9183206627582132,0.7526088586820399,0.1774193548387097,0.31143149572040785,0.9807778622264847,0.9807778622264847,0.5294443813987622,indeterminate
361,nonportable_high,nonportable,11,1.0,high,1.0,683,62,non-portable,0.7626030062136007,0.001423604156010468,535.6847287877637,89.40617195123164,62.5562503036314,0.6898173864741007,0.6970263800625176,0.6314183793917512,0.4973811812275799,0.5479773993956968,0.19243620524652083,0.26344086021505375,1.0,1.0,0.7365591397849462,11,62,8,62,0.7732106181554461,0.7341805298475252,0.7318833037397802,0.9934019105692404,0.1774193548387097,11,62,0.1774193548387097,0.2551406058413719,0.2153581748978522,0,62,0.0,0.0,0.6161450908253684,0.0,0.7096774193548387,0.0,1.0,0.500008029283652,0.9411456541780767,0.7732106181554461,0.1774193548387097,0.34061586598481586,0.9883015210242708,0.9883015210242708,0.49415869586538136,indeterminate
362,nonportable_high,nonportable,12,1.0,high,1.0,683,62,non-portable,0.758736249435363,0.0011716023959747097,647.6055802225767,82.7350762729046,61.82057496086271,0.6798534925704762,0.6818968007938847,0.6425887029579225,0.4939137540595066,0.5785331767690819,0.18593973851096962,0.3055555555555555,1.0,1.0,0.6944444444444444,8,62,4,62,0.7467374187392674,0.7114892160622291,0.7376691846721478,0.9192786252544957,0.12903225806451613,4,62,0.06451612903225806,0.36986802416118614,0.18477371633863207,0,62,0.0,0.0,0.5997557712443895,0.0,0.25806451612903225,0.0,1.0,0.4014907888480012,0.9142351485957074,0.7467374187392672,0.12903225806451613,0.28708153150251203,0.9356453765631152,0.9356453765631152,0.3756530003183103,indeterminate
363,nonportable_high,nonportable,13,1.0,high,1.0,683,62,non-portable,0.759269521137022,0.0015691461917963793,483.8743038134644,84.69685183609833,62.258062248731406,0.662659700041661,0.6550428122408187,0.6360271142896821,0.5637313544421253,0.6014146186573212,0.09892834559953567,0.29310344827586204,0.6081921064295446,0.8725372911157494,0.7068965517241379,10,62,11,62,0.6724662233823113,0.6478281914705526,0.7286759046735221,0.9410761315122037,0.1774193548387097,12,62,0.1935483870967742,0.2629013561282818,0.22018960338757979,0,62,0.0,0.0,0.5703677761614184,0.3570191996017169,0.7741935483870968,0.0,1.0,0.5257245177183003,0.8875040079527838,0.6724662233823112,0.1774193548387097,0.33015071017340847,0.9856888327587273,0.9856888327587273,0.5182007862223963,indeterminate
364,nonportable_high,nonportable,14,1.0,high,1.0,683,62,non-portable,0.7545505258733232,0.001433618498879351,526.3258854870733,86.06776761690492,61.46854398394661,0.7104915983891127,0.7066014606131144,0.6748845646437995,0.5327426029646443,0.6110727145565362,0.17774899542446843,0.25081459758879115,0.8444469840353599,0.9345147940707115,0.7491854024112088,9,62,11,62,0.7322013361479272,0.6990297166982232,0.7313329524548513,0.9563085290767213,0.1774193548387097,11,62,0.1774193548387097,0.29708209315016143,0.21629524300919584,0,62,0.0,0.0,0.6488321792098674,0.25590077360041047,0.7096774193548387,0.0,1.0,0.5419416508359425,0.9210306640572747,0.732201336147927,0.1774193548387097,0.333197189686312,0.9867202390198204,0.9867202390198204,0.5347447952476372,indeterminate
365,nonportable_high,nonportable,15,1.0,high,1.0,683,62,non-portable,0.7583833570292887,0.0013804329195635406,549.3808111074829,89.03759942183912,62.07377754928085,0.67212019164005,0.6786982358277907,0.6475923482849604,0.5142317926115414,0.5549276499275158,0.1578883990285086,0.29121863799283154,0.9173147991764735,0.9715364147769172,0.7087813620071685,10,62,5,62,0.7468162151090239,0.7115567558077347,0.7326677318702814,0.9893066602426569,0.16129032258064516,4,62,0.06451612903225806,0.3441015701317449,0.19863789844285315,0,62,0.0,0.0,0.5867200212027027,0.1687115444274125,0.25806451612903225,0.0,1.0,0.41184406826989906,0.9279632859302193,0.7468162151090239,0.16129032258064516,0.3268935901130475,0.9805072775928496,0.9805072775928496,0.4038161061720824,indeterminate
366,nonportable_high,nonportable,16,1.0,high,1.0,683,62,non-portable,0.7590141815261408,0.0016406852768839728,462.6202186489282,89.16885529861261,61.879535006710604,0.7217139980558256,0.721585119740974,0.6716124496597695,0.5361709585640514,0.5754267571540739,0.1855430394917742,0.30465949820788535,0.8368575783160797,0.9276580828718972,0.6953405017921146,9,62,9,62,0.7205029540716513,0.6890025320614155,0.7272352122537624,0.9907650588734734,0.14516129032258066,8,62,0.12903225806451613,0.343371352853944,0.21992347084193015,0,62,0.0,0.0,0.6659038940505237,0.2689645276390602,0.5161290322580645,0.0,1.0,0.5130742062407808,0.9133245747254118,0.7205029540716513,0.14516129032258066,0.3142820440327592,0.9685272538435948,0.9685272538435948,0.49692635198836566,indeterminate
367,nonportable_high,nonportable,17,1.0,high,1.0,683,62,non-portable,0.7601059921406824,0.0012239979105746865,621.0026876465831,85.94167095964909,61.6982608406882,0.6783953617553117,0.7053068880173501,0.6433090890154145,0.5638381437347969,0.5847526774780981,0.11455721802051477,0.27777777777777773,0.6421535677460172,0.8723237125304062,0.7222222222222223,8,62,7,62,0.6761751197817522,0.6510072455272161,0.7364115030201387,0.9549074551072121,0.12903225806451613,7,62,0.11290322580645161,0.282551317313934,0.19349136073325102,0,62,0.0,0.0,0.5973196158763107,0.35731818799159076,0.45161290322580644,0.0,1.0,0.4747142073824757,0.8699562448026491,0.676175119781752,0.12903225806451613,0.29420729747305535,0.9437247683829327,0.9437247683829327,0.4479995554101144,indeterminate
368,nonportable_high,nonportable,18,1.0,high,1.0,683,62,non-portable,0.761361554994941,0.0017191299823566195,442.876084303556,84.81877863126353,62.339938989893604,0.7088598805721428,0.7030251735131268,0.6560894320233301,0.4742004629902519,0.5338206652441149,0.23465941758189085,0.3199851687059696,1.0,1.0,0.6800148312940304,11,62,11,62,0.7542811277885161,0.7179552523901567,0.7258217069176508,0.9424308736807059,0.1774193548387097,10,62,0.16129032258064516,0.2939323744700276,0.23322522272672958,0,62,0.0,0.0,0.6463124330726476,0.0,0.6451612903225806,0.0,1.0,0.5021884746008399,0.9347724779287266,0.7542811277885161,0.1774193548387097,0.3304216586071089,0.985572977928069,0.985572977928069,0.4949433903935042,indeterminate
369,nonportable_high,nonportable,19,1.0,high,1.0,683,62,non-portable,0.7518385543537147,0.0014285405991838482,526.2983458665816,89.93341501301404,61.477299007311025,0.7093719622274683,0.7239632604391227,0.6653589779197334,0.5735437397897475,0.6166940175406181,0.13582822243772086,0.24116743471582183,0.6487412210912594,0.852912520420505,0.7588325652841782,8,62,8,62,0.6866850078184393,0.6600157209872337,0.7313313152389098,0.9992601668112672,0.12903225806451613,8,62,0.12903225806451613,0.2895168935537152,0.20791709332311922,0,62,0.0,0.0,0.6471042608845476,0.38351985552184253,0.5161290322580645,0.0,1.0,0.515129922446071,0.8814190772787178,0.6866850078184393,0.12903225806451613,0.3030778398138663,0.9524961467928676,0.9524961467928676,0.4906592662275914,indeterminate
370,nonportable_high,nonportable,20,1.0,high,1.0,683,62,non-portable,0.7504903940109442,0.0018155248071018185,413.37380303218026,84.81821653115259,61.25949062122543,0.7214883349534787,0.7368026104600784,0.6637142410776281,0.5565343579788378,0.5911454164459539,0.16495397697464098,0.35959470636889995,0.7447524358756311,0.8869312840423245,0.6404052936311,12,62,9,62,0.6886032994160055,0.6616599709280048,0.723557767726286,0.9424246281239176,0.1935483870967742,7,62,0.11290322580645161,0.33433111244636526,0.2180756669601541,0,62,0.0,0.0,0.6655649253881679,0.33625691956846854,0.45161290322580644,0.0,1.0,0.5067307352960921,0.9135272429944539,0.6886032994160055,0.1935483870967742,0.3433236353022029,0.9909412203288238,0.9909412203288238,0.5021403732124318,indeterminate
371,nonportable_high,nonportable,21,1.0,high,1.0,683,62,non-portable,0.763725983962044,0.0012481111395739343,611.9054303311129,84.62730024062094,62.20608215076949,0.6981148451603943,0.6887097788690439,0.6689912859325093,0.46733891195365707,0.5282739803798374,0.23077593320673728,0.25,1.0,1.0,0.75,11,62,9,62,0.7672814769568963,0.7290984088201968,0.7359661708957685,0.9403033360068993,0.1774193548387097,7,62,0.11290322580645161,0.3207022384316789,0.20227443600855746,0,62,0.0,0.0,0.6294677833859241,0.0,0.45161290322580644,0.0,1.0,0.45505647233812335,0.9344929617040864,0.7672814769568962,0.1774193548387097,0.3299961510723476,0.9859432080129455,0.9859432080129455,0.44865983816410354,indeterminate
372,nonportable_high,nonportable,22,1.0,high,1.0,683,62,non-portable,0.75049737144881,0.0014297370567240345,524.9198570598913,87.77318374493314,61.099808883387354,0.6858856408832107,0.6931910338818879,0.6363873073184281,0.5734359014316429,0.6096199919728523,0.11244973945156778,0.26344086021505375,0.6049404295957338,0.8531281971367142,0.7365591397849462,8,62,7,62,0.6716944752553062,0.6471666930759767,0.7312492297840035,0.9752575971659238,0.12903225806451613,5,62,0.08064516129032258,0.3467232466786285,0.2138273398076643,0,62,0.0,0.0,0.6097304992916308,0.38323857173213377,0.3225806451612903,0.0,1.0,0.45770523585128686,0.8685176973046859,0.6716944752553062,0.12903225806451613,0.29827732588479766,0.9478647865750056,0.9478647865750056,0.4338426756944426,indeterminate
373,nonportable_high,nonportable,23,1.0,high,1.0,683,62,non-portable,0.7566704930268082,0.001609756304926753,470.0528214804775,77.1229956504123,60.84673458539622,0.6651593528676573,0.6703405204822667,0.6370382585751979,0.45053908009441956,0.5291096220225593,0.2146202727732377,0.20165945165945165,1.0,1.0,0.7983405483405484,9,62,11,62,0.7600717043465194,0.722918603725588,0.727748149006388,0.85692217389347,0.1774193548387097,7,62,0.11290322580645161,0.3363460026031557,0.21764207779072597,0,62,0.0,0.0,0.5747335954468944,0.0,0.45161290322580644,0.0,1.0,0.4276893783686085,0.922623607675877,0.7600717043465193,0.1774193548387097,0.3133199186496618,0.9815056911130007,0.9815056911130007,0.41977955889737073,indeterminate
374,nonportable_high,nonportable,24,1.0,high,1.0,683,62,non-portable,0.75504875115527,0.0014402911540819532,524.2334155947385,81.84525809543587,61.84128641310635,0.678273850854048,0.6853696701185503,0.6317438550201362,0.5326598393181338,0.5897971214299758,0.14561401153591425,0.30825496342737724,0.8167996082337828,0.9346803213637325,0.6917450365726228,6,62,7,62,0.6994547005861289,0.6709611719309676,0.7312082549242301,0.9093917566159541,0.11290322580645161,6,62,0.0967741935483871,0.3462504102609082,0.2013880929602096,0,62,0.0,0.0,0.59711615428499,0.2555771481104434,0.3870967741935484,0.0,1.0,0.451535146792249,0.8792576164959937,0.699454700586129,0.11290322580645161,0.27220093196835216,0.895625552293146,0.895625552293146,0.40440641522557474,indeterminate
375,nonportable_high,nonportable,25,1.0,high,1.0,683,62,non-portable,0.7603601337363001,0.001149802333566508,661.2963911612366,79.98881130505372,61.713596993851496,0.6265883210665186,0.6588162219587478,0.5770726288015553,0.5395316810385052,0.6048689354928434,0.08705664002801339,0.25081459758879115,0.6877146271832419,0.9209366379229895,0.7491854024112088,6,62,3,62,0.680277904249805,0.6545239179284044,0.7382919943768506,0.8887645700561524,0.0967741935483871,3,62,0.04838709677419355,0.3396300537046103,0.18328662794868172,0,62,0.0,0.0,0.5031666146844773,0.28118207993577843,0.1935483870967742,0.0,1.0,0.3684111927551713,0.8406812681770705,0.680277904249805,0.0967741935483871,0.25517226884994015,0.8337702348601418,0.8337702348601418,0.30717028670858415,indeterminate
376,nonportable_high,nonportable,26,1.0,high,1.0,683,62,non-portable,0.7575730426758631,0.0011892580296294169,637.0131828430282,86.9285499619505,61.88321595204579,0.6738647410081934,0.6813367754050172,0.632720281905291,0.4931825135808266,0.5298075008348092,0.18068222742736678,0.30654430849091585,1.0,1.0,0.6934556915090841,10,62,8,62,0.7596324892694563,0.7225421336595339,0.7371761441720025,0.9658727773550055,0.16129032258064516,7,62,0.11290322580645161,0.3188110113999678,0.19323789590860732,0,62,0.0,0.0,0.589685918109282,0.0,0.45161290322580644,0.0,1.0,0.43516553969980226,0.9328164773437998,0.7596324892694561,0.16129032258064516,0.3222068135355173,0.9786593865568484,0.9786593865568484,0.4258788401332883,indeterminate
377,nonportable_high,nonportable,27,1.0,high,1.0,683,62,non-portable,0.7560621275061297,0.0010090565228054727,749.2762897008539,84.440002239852,61.36089058828797,0.6624600749895848,0.6642925678204737,0.6255077419802806,0.5245748776091795,0.5555320106801811,0.13788519738040528,0.30654430849091585,0.8487328187509762,0.9508502447816409,0.6934556915090841,7,62,7,62,0.7143524072962989,0.6837306348253991,0.7419502158201733,0.9382222471094668,0.11290322580645161,7,62,0.11290322580645161,0.3042903206279328,0.1793752663489922,0,62,0.0,0.0,0.5700176751462797,0.2216974407122443,0.45161290322580644,0.0,1.0,0.4475011622895255,0.8904972706930696,0.7143524072962988,0.11290322580645161,0.2779670300670547,0.9050754453412542,0.9050754453412542,0.40502231374992115,indeterminate
378,nonportable_high,nonportable,28,1.0,high,1.0,683,62,non-portable,0.7599583312179191,0.0014646309473348093,518.873599250935,86.73429887288468,61.68614674706038,0.6728145396472711,0.6864316819175384,0.6479178239133454,0.5866145020548207,0.6156782455023738,0.08620003759245043,0.2912186379928315,0.49880084030193234,0.8267709958903586,0.7087813620071686,7,62,8,62,0.6429976529936637,0.6225694168517117,0.7308860297770665,0.9637144319209409,0.12903225806451613,6,62,0.0967741935483871,0.3122208603205867,0.21845940751154683,0,62,0.0,0.0,0.5879022701899885,0.4162078856889203,0.3870967741935484,0.0,1.0,0.46299127850259597,0.8458187707900777,0.6429976529936638,0.12903225806451613,0.2959686928358011,0.9450583570178106,0.9450583570178106,0.4375537769752389,indeterminate
379,nonportable_high,nonportable,29,1.0,high,1.0,683,62,non-portable,0.7556265486287149,0.0011580072431337973,652.5231626218845,81.65292418082288,61.42166159803274,0.695910290237467,0.7111582283359478,0.6657191709484793,0.5529756254978155,0.5801899073881044,0.14293466473965144,0.28047718564959945,0.7295924301188944,0.8940487490043689,0.7195228143504006,9,62,9,62,0.6889124549460757,0.6619249613823506,0.7378947327599552,0.9072547131202542,0.14516129032258066,8,62,0.12903225806451613,0.29845840717254896,0.19071535285503177,0,62,0.0,0.0,0.625955733638517,0.32550153762406575,0.5161290322580645,0.0,1.0,0.4987538270332779,0.8821254632644497,0.6889124549460757,0.14516129032258066,0.2975799748821154,0.958335581852843,0.958335581852843,0.4779735390312686,indeterminate
380,nonportable_high,nonportable,30,1.0,high,1.0,683,62,non-portable,0.7532144969634621,0.0010702912441122353,703.7472287164453,88.0854804074373,61.416536216863285,0.6404232051104013,0.6527875672006644,0.5981287321205389,0.5021862932580424,0.5565555096306641,0.13823691185235887,0.24476289993531375,0.9844306839719008,0.9956274134839151,0.7552371000646863,9,62,10,62,0.7692400123989946,0.7307771534848525,0.7401269942101839,0.9787275600826367,0.16129032258064516,4,62,0.06451612903225806,0.34213748351411244,0.16883776881155146,11,62,0.1774193548387097,0.10114324112867804,0.529949441193028,0.06612553603627613,0.25806451612903225,0.8870967741935484,1.0,0.5062646935549804,0.9330691704600055,0.7692400123989946,0.16129032258064516,0.32477777008104347,0.9802041361254329,0.9802041361254329,0.49624274659686657,indeterminate
381,nonportable_high,nonportable,31,1.0,high,1.0,683,62,non-portable,0.7545774271598106,0.0011668004876272619,646.7064722386907,85.33340786267294,61.562341545786616,0.6804263296764338,0.7006203546867007,0.6073462019164004,0.5109821956578733,0.5807981773335104,0.1694441340185605,0.23818833496252853,0.9391319677257298,0.9780356086842534,0.7618116650374714,7,62,8,62,0.7489646992033555,0.7133983136028761,0.7376277194562402,0.9481489762519216,0.12903225806451613,6,62,0.0967741935483871,0.32131879129021496,0.19221260777031032,0,62,0.0,0.0,0.6007101292244601,0.14820388428022582,0.3870967741935484,0.0,1.0,0.44259480787896227,0.9118376381160112,0.7489646992033553,0.12903225806451613,0.29285560170199726,0.9434464420656954,0.9434464420656954,0.41756449677015695,indeterminate
382,nonportable_high,nonportable,32,1.0,high,1.0,683,62,non-portable,0.7524733656673664,0.0017192150766980228,437.68425246280987,85.46101902214153,61.13612479620932,0.7198132203860574,0.7344288837026578,0.6670037147618386,0.5398695366936145,0.6040792468659727,0.17994368369244296,0.25081459758879115,0.8186208426245168,0.920260926612771,0.7491854024112088,9,62,11,62,0.7234150761979556,0.6914986367411048,0.7254370526767319,0.9495668780237948,0.1774193548387097,7,62,0.11290322580645161,0.31772411304365034,0.22737680986220982,0,62,0.0,0.0,0.6630433174175838,0.2823810783094876,0.45161290322580644,0.0,1.0,0.500082347184902,0.9170391674521723,0.7234150761979554,0.1774193548387097,0.33184885947572673,0.9863960017127668,0.9863960017127668,0.49327922779032296,indeterminate
383,nonportable_high,nonportable,33,1.0,high,1.0,683,62,non-portable,0.7569274148104777,0.0012267075256396094,617.0398395622568,89.71261449384616,61.33731502907025,0.6598128732120538,0.6406954957221352,0.6479178239133454,0.5515991412995401,0.6020619929903971,0.10821373191251371,0.20370370370370372,0.6771277540885343,0.8968017174009197,0.7962962962962963,8,62,7,62,0.7053805594223229,0.6760404795048481,0.7362185029742699,0.9968068277094018,0.12903225806451613,6,62,0.0967741935483871,0.3147264527278843,0.19722076721489926,0,62,0.0,0.0,0.5653545316207412,0.32124489505528375,0.3870967741935484,0.0,1.0,0.4422211101546087,0.8853092975425471,0.705380559422323,0.12903225806451613,0.3025871719934933,0.9529174358319421,0.9529174358319421,0.42140020635928455,indeterminate
384,nonportable_high,nonportable,34,1.0,high,1.0,683,62,non-portable,0.7570496764843399,0.0013277898288270732,570.157761453176,82.88553372012512,61.4268797001633,0.686354325788085,0.6866347787134077,0.6400196153312041,0.43526819436949116,0.5333891484041877,0.2510861314185938,0.3496477567667779,1.0,1.0,0.650352243233222,9,62,11,62,0.7470891457710104,0.7117906963751518,0.7338129018860734,0.920950374668057,0.1774193548387097,7,62,0.11290322580645161,0.3511144223950522,0.20283734591192704,0,62,0.0,0.0,0.6104986908881705,0.0,0.45161290322580644,0.0,1.0,0.44557192608924656,0.9318987728179909,0.7470891457710103,0.1774193548387097,0.32612555880457916,0.9841991464496995,0.9841991464496995,0.43853150933898505,indeterminate
385,nonportable_high,nonportable,35,1.0,high,1.0,683,62,non-portable,0.755056786626842,0.0013636391836667312,553.7071651142692,87.72831998069621,61.39039532814141,0.6939747951673378,0.697633278936821,0.6637142410776281,0.5054274719630104,0.5860044570014089,0.18854732320432743,0.23893105629348513,0.9720197051460823,0.9891450560739792,0.7610689437065149,9,62,8,62,0.7625107731133699,0.7250092340971742,0.7329105325344377,0.9747591108966246,0.14516129032258066,6,62,0.0967741935483871,0.33814002054114844,0.2005592360016469,0,62,0.0,0.0,0.6228559948613128,0.10418706218154354,0.3870967741935484,0.0,1.0,0.4492660584875204,0.9259046056796095,0.7625107731133699,0.14516129032258066,0.3110808544373895,0.9677238619668989,0.9677238619668989,0.43476548517018987,indeterminate
386,nonportable_high,nonportable,36,1.0,high,1.0,683,62,non-portable,0.762989687738836,0.0013236062892701273,576.447614312538,87.25193937261463,62.01938731218819,0.6435911678933482,0.658917344211287,0.6004764963199556,0.5197868980234893,0.5479505263161643,0.12380426986985893,0.21286393345216878,0.8621997556410576,0.9604262039530214,0.7871360665478312,13,62,9,62,0.7538424898955141,0.7175792770532977,0.7341495008472831,0.9694659930290515,0.20967741935483872,4,62,0.06451612903225806,0.36713187676741904,0.19452451906402285,0,62,0.0,0.0,0.5358939594609147,0.1989316366166494,0.25806451612903225,0.0,1.0,0.38945304661792873,0.9355802349318036,0.7538424898955138,0.20967741935483872,0.3616351340896813,0.995295803945547,0.995295803945547,0.38762098313263393,indeterminate
387,nonportable_high,nonportable,37,1.0,high,1.0,683,62,non-portable,0.7534746351294414,0.0015919191891424023,473.3121129944748,81.0220997657999,61.90744215132496,0.6910585335370089,0.6973679865498812,0.6643651923343981,0.4473638284991732,0.521192412194472,0.24369470503783563,0.22875816993464052,1.0,1.0,0.7712418300653595,12,62,11,62,0.7655009502891487,0.7275722431049846,0.7279699316194267,0.9002455529533322,0.1935483870967742,10,62,0.16129032258064516,0.2917370207361094,0.21315682087463114,0,62,0.0,0.0,0.6181561833986762,0.0,0.6451612903225806,0.0,1.0,0.4881103497638542,0.9342421197385024,0.7655009502891488,0.1935483870967742,0.33488782026808583,0.9901039203138949,0.9901039203138949,0.4832799708469785,indeterminate
388,nonportable_high,nonportable,38,1.0,high,1.0,683,62,non-portable,0.7551218549343497,0.0011218589741239858,673.098733754832,80.74373409458,61.56849257834891,0.6361356061658102,0.6470380042821172,0.6199399388973754,0.5118735197394507,0.5795864776361846,0.1242620864263595,0.17919389978213507,0.9127816735543159,0.9762529605210986,0.8208061002178649,9,62,4,62,0.7484951618073317,0.7129958529777128,0.7388163451772397,0.897152601050889,0.14516129032258066,5,62,0.08064516129032258,0.3109293355451517,0.18676023581994988,0,62,0.0,0.0,0.5217961405871266,0.1541007445760774,0.3225806451612903,0.0,1.0,0.3908242737834291,0.9062530414590797,0.7484951618073314,0.14516129032258066,0.29555955246824234,0.9588395348931131,0.9588395348931131,0.3747377648994419,indeterminate
389,nonportable_high,nonportable,39,1.0,high,1.0,683,62,non-portable,0.755912695835173,0.0018104846894292878,417.51951852929307,81.1339157120422,61.328523878133325,0.711906332453826,0.7315753876490656,0.6804870851270657,0.45688229973212485,0.5648059767458428,0.2550240327217011,0.3486590038314176,1.0,1.0,0.6513409961685823,16,62,15,62,0.7557968725828589,0.719254462213879,0.7238877708435142,0.9014879523560244,0.25806451612903225,9,62,0.14516129032258066,0.303764075418022,0.22522975634714876,0,62,0.0,0.0,0.6510089591608182,0.0,0.5806451612903226,0.0,1.0,0.49163351183847365,0.9518751424065846,0.7557968725828588,0.25806451612903225,0.3867492033744307,0.9985170554012035,0.9985170554012035,0.4909044465775054,indeterminate
390,nonportable_high,nonportable,40,1.0,high,1.0,683,62,non-portable,0.7549697230550907,0.0013637164847544291,553.6119358350659,85.71442314698055,61.252983052938546,0.6717469795861686,0.6795007574388459,0.6284543813359256,0.5349255711994658,0.5708645451193681,0.13682140838670276,0.28516694033935414,0.7966452086457624,0.9301488576010684,0.7148330596606458,9,62,9,62,0.7120126848207241,0.6817251584177635,0.7329052132833914,0.952382479410895,0.14516129032258066,8,62,0.12903225806451613,0.30909468294521814,0.20953865185195633,0,62,0.0,0.0,0.5860835769515617,0.2642936669671289,0.5161290322580645,0.0,1.0,0.47269696162410657,0.9012699905421198,0.712012684820724,0.14516129032258066,0.30660552814024356,0.9643236782483372,0.9643236782483372,0.45583287273017153,indeterminate
391,nonportable_high,nonportable,41,1.0,high,1.0,683,62,non-portable,0.7523358232899903,0.0009662102732880925,778.6460608928635,84.9418328563788,61.36678684096424,0.6374722260797112,0.6366728568885517,0.6235375295097902,0.5202424112902572,0.5742503436664553,0.11722981478945405,0.23737373737373738,0.8527527205493864,0.9595151774194857,0.7626262626262627,2,62,5,62,0.7237322316353353,0.6917704842588588,0.7430559250778999,0.9437981428486533,0.08064516129032258,4,62,0.06451612903225806,0.3293230637740764,0.17268474505295564,0,62,0.0,0.0,0.5243514586223847,0.20120840583960287,0.25806451612903225,0.0,1.0,0.38390947312095913,0.8754261557529596,0.7237322316353352,0.08064516129032258,0.2532757576019887,0.7906119448334283,0.7906119448334283,0.3035234151841383,indeterminate
392,nonportable_high,nonportable,42,1.0,high,1.0,683,62,non-portable,0.7530558835389985,0.0013249060841938236,568.3843500478878,86.82009549553518,61.45979491921707,0.6633887654492432,0.6656084714175217,0.6208816483821691,0.5051751437683191,0.5514160887812257,0.15821362168092412,0.25596738172803085,0.9683261957816388,0.9896497124633619,0.7440326182719692,14,62,7,62,0.7710333131435791,0.7323142684087821,0.7337171730034331,0.9646677277281687,0.22580645161290322,7,62,0.11290322580645161,0.2803835101323813,0.20249808996410237,0,62,0.0,0.0,0.5716445844215498,0.10173636290254402,0.45161290322580644,0.0,1.0,0.4363185091461906,0.9482589517515175,0.7710333131435791,0.22580645161290322,0.37357870683595634,0.9970004941325151,0.9970004941325151,0.43500976921791434,indeterminate
393,nonportable_high,nonportable,43,1.0,high,1.0,683,62,non-portable,0.7568071022746105,0.0010650501759437523,710.5835193201068,86.81162509236059,61.63596282202888,0.6780655464518817,0.6961053576339555,0.6403103735592279,0.5388283585776215,0.5897704880325833,0.1392371878742602,0.26344086021505375,0.7819434508735019,0.9223432828447571,0.7365591397849462,11,62,8,62,0.7205414438395775,0.6890355232910664,0.7404098225582102,0.9645736121373398,0.1774193548387097,6,62,0.0967741935483871,0.2998386900935364,0.17616080246403482,0,62,0.0,0.0,0.5967672015985491,0.2786695483098986,0.3870967741935484,0.0,1.0,0.45366991046897404,0.9152465363608978,0.7205414438395774,0.1774193548387097,0.33485020629843576,0.987028852872022,0.987028852872022,0.44778529131274436,indeterminate
394,nonportable_high,nonportable,44,1.0,high,1.0,683,62,non-portable,0.7496392155466349,0.001289793516058205,581.208702178656,86.14457192889668,61.11327183442366,0.7134165393695319,0.7296867039611037,0.6538458200249966,0.5448918693848911,0.6127530922499216,0.16852466998464077,0.30465949820788535,0.789651404162446,0.9102162612302178,0.6953405017921146,10,62,8,62,0.7080102836186798,0.6782945288160113,0.734401301625581,0.9571619103210742,0.16129032258064516,8,62,0.12903225806451613,0.3177211318630359,0.19301974146980966,0,62,0.0,0.0,0.6533246350315162,0.29963934783299434,0.5161290322580645,0.0,1.0,0.5098520587506704,0.9083075058611488,0.7080102836186798,0.16129032258064516,0.320464640128731,0.978009231532567,0.978009231532567,0.4986400201740404,indeterminate
395,nonportable_high,nonportable,45,1.0,high,1.0,683,62,non-portable,0.7586822815196806,0.0010583816969701677,716.8323901401192,81.17395217507674,61.709581844654316,0.684062977364255,0.6825096047345169,0.6403450909595889,0.5007907921114824,0.5554411826894929,0.18327218525277267,0.29391804586465325,0.9957036872770051,0.9984184157770353,0.7060819541353467,13,62,9,62,0.7587466215295987,0.7217828184539418,0.7406654506880685,0.901932801945297,0.20967741935483872,4,62,0.06451612903225806,0.3228977844879246,0.17652134362620536,0,62,0.0,0.0,0.6067338417531283,0.03976913656297716,0.25806451612903225,0.0,1.0,0.4089567377586683,0.938941611353269,0.7587466215295986,0.20967741935483872,0.3481284958729304,0.9937578481082963,0.9937578481082963,0.40640396768444303,indeterminate
396,nonportable_high,nonportable,46,1.0,high,1.0,683,62,non-portable,0.7481938755631946,0.001185480632855167,631.1312516014788,85.64119800799025,60.48628668244659,0.6869879183446744,0.6999364550032154,0.6525092001110957,0.5321945765684886,0.6011446256308209,0.15479334177618587,0.28047718564959945,0.8278253651172031,0.9356108468630229,0.7195228143504006,10,62,11,62,0.7248075409775017,0.6926921779807157,0.7368979979402263,0.9515688667554473,0.1774193548387097,8,62,0.12903225806451613,0.28869259739635367,0.19427243732223473,0,62,0.0,0.0,0.6115356381187844,0.25375017859496596,0.5161290322580645,0.0,1.0,0.4843686433705017,0.9184178197065026,0.7248075409775017,0.1774193548387097,0.3322492572220572,0.9862992164227902,0.9862992164227902,0.4777324134160957,indeterminate
397,nonportable_high,nonportable,47,1.0,high,1.0,683,62,non-portable,0.7555475434701265,0.0015450110704936543,489.0240321894378,81.38766744665143,61.760717907250125,0.6868577280933204,0.6936056973296525,0.6380494028607138,0.5028872869906982,0.6022912870264939,0.18397044110262217,0.30654430849091585,0.9845482067016451,0.9942254260186036,0.6934556915090841,12,62,9,62,0.7498497302211936,0.714156911618166,0.7290132539271501,0.9043074160739049,0.1935483870967742,9,62,0.14516129032258066,0.29257543724921287,0.21158107481758887,0,62,0.0,0.0,0.6113227103475224,0.07599061771953403,0.5806451612903226,0.0,1.0,0.4793894492037791,0.9333337955026684,0.7498497302211935,0.1935483870967742,0.3357001928922003,0.9898744296791282,0.9898744296791282,0.4745353576247823,indeterminate
398,nonportable_high,nonportable,48,1.0,high,1.0,683,62,non-portable,0.7590261360091355,0.001561534903251326,486.0769582727487,82.56256159781317,61.921527276755924,0.752647201777531,0.7511926389637211,0.6854733717539231,0.6304740618721146,0.6738837282322985,0.12217313990541634,0.22630479366722253,0.48357210784782867,0.7390518762557707,0.7736952063327774,11,62,12,62,0.63934168480341,0.6194357298314943,0.7288207357560518,0.9173617955312575,0.1935483870967742,10,62,0.16129032258064516,0.3269207183144456,0.22300238362986552,0,62,0.0,0.0,0.7108406316151757,0.5108308171442177,0.6451612903225806,0.0,1.0,0.5855356555865259,0.8707511539532282,0.63934168480341,0.1935483870967742,0.3383110687836709,0.9907050445765676,0.9907050445765676,0.5800931277690189,indeterminate
399,nonportable_high,nonportable,49,1.0,high,1.0,683,62,non-portable,0.7548590646456987,0.0011084393628011697,681.0106984454902,87.84204796825468,61.33702396195764,0.6833599500069434,0.6968425017658726,0.632394806276906,0.5725043661353667,0.6153241856634545,0.11085558387157668,0.2768817204301075,0.6045790472094853,0.8549912677292666,0.7231182795698925,8,62,7,62,0.671150866190518,0.6467007424490154,0.7391615893671177,0.9760227552028298,0.12903225806451613,6,62,0.0967741935483871,0.29246899633825185,0.18001219483750316,0,62,0.0,0.0,0.6055740252140004,0.38080012115377987,0.3870967741935484,0.0,1.0,0.4682863795610878,0.868642980719347,0.671150866190518,0.12903225806451613,0.2984303574921789,0.9476780803952445,0.9476780803952445,0.4437847372576906,indeterminate
400,nonportable_high,nonportable,50,1.0,high,1.0,683,62,non-portable,0.7566928972530064,0.0014746038275135983,513.1499614570398,87.35898113852282,61.87145624875466,0.7184071656714346,0.7282096073148712,0.6495625607554506,0.5021381009843994,0.5616272279105377,0.21626906468703522,0.3343220862686936,0.9902104815204833,0.9957237980312013,0.6656779137313065,7,62,8,62,0.7469728621073818,0.7116910246634701,0.7305373753131966,0.9706553459835869,0.12903225806451613,10,62,0.16129032258064516,0.2784518459590949,0.22433033042469486,0,62,0.0,0.0,0.660919307739507,0.0653926751922472,0.6451612903225806,0.0,1.0,0.5160311794534944,0.9214432437140845,0.7469728621073818,0.12903225806451613,0.2973568756483303,0.9452749201831642,0.9452749201831642,0.487791331969926,indeterminate
