Cohort,n,PC1_mean,PC1_sd
usa,337,-8.80850895100036,1.04401291255073
finland,148,0.15281003454848,0.825926495239103
malaysia,197,14.9535615805784,2.04970089598324
