Cohort,PC1,PC2,PC3
Finland,1,0,0
Malaysia,0.20977,0.1045,0.08348
USA,0.10999,0.07122,0.05655
