Cohort,PC1,PC2,PC3
Finland,1,0,0
Malaysia,0.31303,0.12337,0.10948
USA,0.16438,0.14591,0.1212
