mean_PD,mean_Control,pooled_sd,cohen_d
0.158953799729091,-0.198169375320149,2.17290404041381,0.16435294352954
