model,beta_PD,se,t,p,n,singular
LMM: PC1 ~ PD + (1|Cohort),0.35712317504924,0.16729944588204,2.13463453609429,0.0331472758404034,683,TRUE
