model,beta_PD,se,t,p,n
OLS: PC1 ~ PD + Cohort,0.360760667180264,0.168391026858948,2.14239840393902,0.0325164031821645,683
