Cohort,g,se
Finland,0.279407319544794,0.164368333831794
Malaysia,0.273970132375775,0.1422925712421
USA,0.0835006040800638,0.111245538118779
