Cohort,Pearson_r
Finland,0.109665490549745
Malaysia,0.355224505597057
USA,0.131609262981362
