B,beta_observed,null_mean,null_sd,p_empirical_two_sided
10000,0.360760667180264,-0.000444935492624556,0.170689979898608,0.0356964303569643
