Cohort,PC1,PC2,PC3
Finland,1,0,0
Malaysia,0.20703,0.18905,0.15304
USA,0.18719,0.14881,0.14237
