Cohort,PC1,PC2,PC3
Finland,1,0,0
Malaysia,0.21046,0.10396,0.0843
USA,0.10065,0.0747,0.05845
